date;ultimo;var
09/05/2005;51,29;1,02%
10/05/2005;51,43;0,27%
11/05/2005;50,07;-2,64%
12/05/2005;48,34;-3,46%
13/05/2005;48,66;0,66%
16/05/2005;48,05;-1,25%
17/05/2005;49,34;2,68%
18/05/2005;48,15;-2,41%
19/05/2005;47,88;-0,56%
20/05/2005;48,03;0,31%
23/05/2005;48,37;0,71%
24/05/2005;48,82;0,93%
25/05/2005;50,07;2,56%
26/05/2005;50,16;0,18%
27/05/2005;50,7;1,08%
31/05/2005;50,73;0,06%
01/06/2005;53,27;5,01%
02/06/2005;52,4;-1,63%
03/06/2005;54,17;3,38%
06/06/2005;53,67;-0,92%
07/06/2005;53,13;-1,01%
08/06/2005;52,11;-1,92%
09/06/2005;53,82;3,28%
10/06/2005;52,67;-2,14%
13/06/2005;54,78;4,01%
14/06/2005;53,73;-1,92%
15/06/2005;54,5;1,43%
16/06/2005;56,22;3,16%
17/06/2005;57,76;2,74%
20/06/2005;58,32;0,97%
21/06/2005;57,5;-1,41%
22/06/2005;56,58;-1,60%
23/06/2005;57,96;2,44%
24/06/2005;58,36;0,69%
27/06/2005;59,3;1,61%
28/06/2005;57,18;-3,58%
29/06/2005;56,15;-1,80%
30/06/2005;55,58;-1,02%
01/07/2005;57,54;3,53%
04/07/2005;57,94;0,70%
05/07/2005;58,29;0,60%
06/07/2005;59,85;2,68%
07/07/2005;59,28;-0,95%
08/07/2005;58,2;-1,82%
11/07/2005;57,44;-1,31%
12/07/2005;58,82;2,40%
13/07/2005;58,27;-0,94%
14/07/2005;57,31;-1,65%
15/07/2005;57,61;0,52%
18/07/2005;56,99;-1,08%
19/07/2005;57,36;0,65%
20/07/2005;56,65;-1,24%
21/07/2005;55,72;-1,64%
22/07/2005;57,58;3,34%
25/07/2005;57,86;0,49%
26/07/2005;58,03;0,29%
27/07/2005;58,01;-0,03%
28/07/2005;58,76;1,29%
29/07/2005;59,37;1,04%
01/08/2005;60,44;1,80%
02/08/2005;60,62;0,30%
03/08/2005;59,65;-1,60%
04/08/2005;60,12;0,79%
05/08/2005;61,07;1,58%
08/08/2005;62,7;2,67%
09/08/2005;61,98;-1,15%
10/08/2005;63,99;3,24%
11/08/2005;65,38;2,17%
12/08/2005;66,45;1,64%
15/08/2005;65,58;-1,31%
16/08/2005;65,41;-0,26%
17/08/2005;62,56;-4,36%
18/08/2005;62,4;-0,26%
19/08/2005;64,36;3,14%
22/08/2005;64,5;0,22%
23/08/2005;64,65;0,23%
24/08/2005;66,01;2,10%
25/08/2005;66,27;0,39%
26/08/2005;64,87;-2,11%
30/08/2005;67,57;4,16%
31/08/2005;67,02;-0,81%
01/09/2005;67,72;1,04%
02/09/2005;66,06;-2,45%
05/09/2005;64,85;-1,83%
06/09/2005;64,67;-0,28%
07/09/2005;62,89;-2,75%
08/09/2005;63,08;0,30%
09/09/2005;62,84;-0,38%
12/09/2005;61,8;-1,65%
13/09/2005;61,61;-0,31%
14/09/2005;63,37;2,86%
15/09/2005;63,16;-0,33%
16/09/2005;61,81;-2,14%
19/09/2005;65,61;6,15%
20/09/2005;64,2;-2,15%
21/09/2005;64,73;0,83%
22/09/2005;64,6;-0,20%
23/09/2005;62,44;-3,34%
26/09/2005;63,93;2,39%
27/09/2005;62,97;-1,50%
28/09/2005;63,93;1,52%
29/09/2005;63,84;-0,14%
30/09/2005;63,48;-0,56%
03/10/2005;62,8;-1,07%
04/10/2005;61,22;-2,52%
05/10/2005;60,12;-1,80%
06/10/2005;58,37;-2,91%
07/10/2005;59,21;1,44%
10/10/2005;58,78;-0,73%
11/10/2005;60,08;2,21%
12/10/2005;60,57;0,82%
13/10/2005;60,14;-0,71%
14/10/2005;59,35;-1,31%
17/10/2005;60,57;2,06%
18/10/2005;59,28;-2,13%
19/10/2005;58,6;-1,15%
20/10/2005;57,91;-1,18%
21/10/2005;58,48;0,98%
24/10/2005;58,24;-0,41%
25/10/2005;60,24;3,43%
26/10/2005;58,87;-2,27%
27/10/2005;59,14;0,46%
28/10/2005;59,42;0,47%
31/10/2005;58,1;-2,22%
01/11/2005;58,37;0,46%
02/11/2005;58,38;0,02%
03/11/2005;60,52;3,67%
04/11/2005;59,25;-2,10%
07/11/2005;58,04;-2,04%
08/11/2005;57,81;-0,40%
09/11/2005;56,88;-1,61%
10/11/2005;55,68;-2,11%
11/11/2005;54,99;-1,24%
14/11/2005;54,73;-0,47%
15/11/2005;54,05;-1,24%
16/11/2005;56;3,61%
17/11/2005;54,85;-2,05%
18/11/2005;54,88;0,05%
21/11/2005;55,34;0,84%
22/11/2005;56,41;1,93%
23/11/2005;56,21;-0,35%
24/11/2005;55,3;-1,62%
25/11/2005;55,01;-0,52%
28/11/2005;54,88;-0,24%
29/11/2005;54,32;-1,02%
30/11/2005;55,05;1,34%
01/12/2005;56,15;2,00%
02/12/2005;57,05;1,60%
05/12/2005;57,73;1,19%
06/12/2005;57,61;-0,21%
07/12/2005;56,98;-1,09%
08/12/2005;58,67;2,97%
09/12/2005;57,31;-2,32%
12/12/2005;59,44;3,72%
13/12/2005;59,52;0,13%
14/12/2005;59,6;0,13%
15/12/2005;59,85;0,42%
16/12/2005;57,13;-4,54%
19/12/2005;56,11;-1,79%
20/12/2005;56,17;0,11%
21/12/2005;56,72;0,98%
22/12/2005;56,55;-0,30%
23/12/2005;56,69;0,25%
27/12/2005;56,29;-0,71%
28/12/2005;57,64;2,40%
29/12/2005;58,07;0,75%
30/12/2005;58,98;1,57%
03/01/2006;61,35;4,02%
04/01/2006;61,68;0,54%
05/01/2006;61,13;-0,89%
06/01/2006;62,72;2,60%
09/01/2006;62,01;-1,13%
10/01/2006;61,92;-0,15%
11/01/2006;62,17;0,40%
12/01/2006;62,62;0,72%
13/01/2006;62,26;-0,57%
16/01/2006;62,93;1,08%
17/01/2006;64,9;3,13%
18/01/2006;64,19;-1,09%
19/01/2006;65,23;1,62%
20/01/2006;66,43;1,84%
23/01/2006;66,16;-0,41%
24/01/2006;65,34;-1,24%
25/01/2006;64,23;-1,70%
26/01/2006;64,92;1,07%
27/01/2006;66,24;2,03%
30/01/2006;66,59;0,53%
31/01/2006;65,99;-0,90%
01/02/2006;65,03;-1,45%
02/02/2006;62,88;-3,31%
03/02/2006;63,39;0,81%
06/02/2006;63,33;-0,09%
07/02/2006;61,56;-2,79%
08/02/2006;61,06;-0,81%
09/02/2006;60,75;-0,51%
10/02/2006;59,64;-1,83%
13/02/2006;59,38;-0,44%
14/02/2006;59,52;0,24%
15/02/2006;58,15;-2,30%
16/02/2006;58,79;1,10%
17/02/2006;59,89;1,87%
20/02/2006;61,54;2,76%
21/02/2006;61,6;0,10%
22/02/2006;60,44;-1,88%
23/02/2006;60,54;0,17%
24/02/2006;62,6;3,40%
27/02/2006;60,99;-2,57%
28/02/2006;61,76;1,26%
01/03/2006;62,45;1,12%
02/03/2006;64,07;2,59%
03/03/2006;64,18;0,17%
06/03/2006;62,34;-2,87%
07/03/2006;61,17;-1,88%
08/03/2006;60,03;-1,86%
09/03/2006;61,06;1,72%
10/03/2006;60,83;-0,38%
13/03/2006;62,2;2,25%
14/03/2006;63,97;2,85%
15/03/2006;62,94;-1,61%
16/03/2006;62,91;-0,05%
17/03/2006;63,26;0,56%
20/03/2006;61,34;-3,04%
21/03/2006;62,13;1,29%
22/03/2006;61,5;-1,01%
23/03/2006;63,27;2,88%
24/03/2006;63,51;0,38%
27/03/2006;63,61;0,16%
28/03/2006;64,97;2,14%
29/03/2006;65,55;0,89%
30/03/2006;66,46;1,39%
31/03/2006;65,91;-0,83%
03/04/2006;66,84;1,41%
04/04/2006;66,39;-0,67%
05/04/2006;67,1;1,07%
06/04/2006;67,84;1,10%
07/04/2006;67,29;-0,81%
10/04/2006;68,75;2,17%
11/04/2006;69,37;0,90%
12/04/2006;69,42;0,07%
13/04/2006;70,14;1,04%
17/04/2006;71,3;1,65%
18/04/2006;71,85;0,77%
19/04/2006;72,95;1,53%
20/04/2006;72,87;-0,11%
21/04/2006;74,17;1,78%
24/04/2006;73,86;-0,42%
25/04/2006;72,46;-1,90%
26/04/2006;72,44;-0,03%
27/04/2006;71,02;-1,96%
28/04/2006;72,5;2,08%
01/05/2006;73,4;1,24%
02/05/2006;74,87;2,00%
03/05/2006;73,32;-2,07%
04/05/2006;70,39;-4,00%
05/05/2006;70,88;0,70%
08/05/2006;69,33;-2,19%
09/05/2006;71,22;2,73%
10/05/2006;70,82;-0,56%
11/05/2006;72,51;2,39%
12/05/2006;72,18;-0,46%
15/05/2006;70,21;-2,73%
16/05/2006;70,24;0,04%
17/05/2006;69,04;-1,71%
18/05/2006;69,67;0,91%
19/05/2006;68,68;-1,42%
22/05/2006;69,35;0,98%
23/05/2006;71;2,38%
24/05/2006;69,22;-2,51%
25/05/2006;70,71;2,15%
26/05/2006;70,59;-0,17%
30/05/2006;71,05;0,65%
31/05/2006;70,41;-0,90%
01/06/2006;69,39;-1,45%
02/06/2006;71,03;2,36%
05/06/2006;71,37;0,48%
06/06/2006;70,81;-0,78%
07/06/2006;69,19;-2,29%
08/06/2006;69,05;-0,20%
09/06/2006;70,48;2,07%
12/06/2006;68,93;-2,20%
13/06/2006;66,92;-2,92%
14/06/2006;66,98;0,09%
15/06/2006;67,43;0,67%
16/06/2006;68,8;2,03%
19/06/2006;68,11;-1,00%
20/06/2006;68,08;-0,04%
21/06/2006;69,17;1,60%
22/06/2006;69,95;1,13%
23/06/2006;69,93;-0,03%
26/06/2006;70,73;1,14%
27/06/2006;70,98;0,35%
28/06/2006;71,41;0,61%
29/06/2006;72,88;2,06%
30/06/2006;73,51;0,86%
03/07/2006;73,39;-0,16%
04/07/2006;72,51;-1,20%
05/07/2006;73,98;2,03%
06/07/2006;74,08;0,14%
07/07/2006;73,51;-0,77%
10/07/2006;72,89;-0,84%
11/07/2006;73,67;1,07%
12/07/2006;74,39;0,98%
13/07/2006;76,69;3,09%
14/07/2006;77,27;0,76%
17/07/2006;75,92;-1,75%
18/07/2006;74,36;-2,05%
19/07/2006;73,9;-0,62%
20/07/2006;73,72;-0,24%
21/07/2006;73,75;0,04%
24/07/2006;74,61;1,17%
25/07/2006;73,28;-1,78%
26/07/2006;74;0,98%
27/07/2006;75,01;1,36%
28/07/2006;73,39;-2,16%
31/07/2006;75,15;2,40%
01/08/2006;75,89;0,98%
02/08/2006;76,89;1,32%
03/08/2006;76,56;-0,43%
04/08/2006;76,17;-0,51%
07/08/2006;78,3;2,80%
08/08/2006;77,55;-0,96%
09/08/2006;77,28;-0,35%
10/08/2006;75,28;-2,59%
11/08/2006;75,63;0,46%
14/08/2006;74,3;-1,76%
15/08/2006;73,8;-0,67%
16/08/2006;73,08;-0,98%
17/08/2006;71,58;-2,05%
18/08/2006;72,3;1,01%
21/08/2006;73,38;1,49%
22/08/2006;73,24;-0,19%
23/08/2006;72,02;-1,67%
24/08/2006;72,68;0,92%
25/08/2006;72,7;0,03%
28/08/2006;70,82;-2,59%
29/08/2006;69,86;-1,36%
30/08/2006;70,18;0,46%
31/08/2006;70,25;0,10%
01/09/2006;69,15;-1,57%
04/09/2006;67,71;-2,08%
05/09/2006;68,09;0,56%
06/09/2006;66,93;-1,70%
07/09/2006;66,53;-0,60%
08/09/2006;65,33;-1,80%
11/09/2006;64,55;-1,19%
12/09/2006;62,99;-2,42%
13/09/2006;62,99;0,00%
14/09/2006;62,24;-1,19%
15/09/2006;63,33;1,75%
18/09/2006;64,05;1,14%
19/09/2006;62,17;-2,94%
20/09/2006;60,47;-2,73%
21/09/2006;61,34;1,44%
22/09/2006;60,41;-1,52%
25/09/2006;60,8;0,65%
26/09/2006;60,12;-1,12%
27/09/2006;62,21;3,48%
28/09/2006;62,54;0,53%
29/09/2006;62,48;-0,10%
02/10/2006;60,45;-3,25%
03/10/2006;58,43;-3,34%
04/10/2006;59,22;1,35%
05/10/2006;60;1,32%
06/10/2006;59,83;-0,28%
09/10/2006;60,54;1,19%
10/10/2006;59,34;-1,98%
11/10/2006;58,65;-1,16%
12/10/2006;58,76;0,19%
13/10/2006;59,52;1,29%
16/10/2006;59,96;0,74%
17/10/2006;60,94;1,63%
18/10/2006;59,58;-2,23%
19/10/2006;60,87;2,17%
20/10/2006;59,68;-1,95%
23/10/2006;59,21;-0,79%
24/10/2006;59,86;1,10%
25/10/2006;62,05;3,66%
26/10/2006;60,77;-2,06%
27/10/2006;61,08;0,51%
30/10/2006;58,68;-3,93%
31/10/2006;59,03;0,60%
01/11/2006;58,98;-0,08%
02/11/2006;57,87;-1,88%
03/11/2006;59,15;2,21%
06/11/2006;59,75;1,01%
07/11/2006;58,48;-2,13%
08/11/2006;59,59;1,90%
09/11/2006;61,32;2,90%
10/11/2006;59,71;-2,63%
13/11/2006;59,05;-1,11%
14/11/2006;58,84;-0,36%
15/11/2006;59,46;1,05%
16/11/2006;58,54;-1,55%
17/11/2006;58,99;0,77%
20/11/2006;58,98;-0,02%
21/11/2006;60,39;2,39%
22/11/2006;59,49;-1,49%
23/11/2006;59,35;-0,24%
24/11/2006;60,03;1,15%
27/11/2006;60,44;0,68%
28/11/2006;61,21;1,27%
29/11/2006;63,07;3,04%
30/11/2006;64,26;1,89%
01/12/2006;64,62;0,56%
04/12/2006;63,45;-1,81%
05/12/2006;63,32;-0,20%
06/12/2006;63,07;-0,39%
07/12/2006;62,57;-0,79%
08/12/2006;62,2;-0,59%
11/12/2006;61,84;-0,58%
12/12/2006;61,52;-0,52%
13/12/2006;61,33;-0,31%
14/12/2006;62,12;1,29%
15/12/2006;63,49;2,21%
18/12/2006;62,13;-2,14%
19/12/2006;62,81;1,09%
20/12/2006;63,23;0,67%
21/12/2006;62,46;-1,22%
22/12/2006;62,42;-0,06%
26/12/2006;61,1;-2,11%
27/12/2006;60,52;-0,95%
28/12/2006;60,67;0,25%
29/12/2006;60,86;0,31%
02/01/2007;60,44;-0,69%
03/01/2007;57,96;-4,10%
04/01/2007;55,11;-4,92%
05/01/2007;55,64;0,96%
08/01/2007;55,6;-0,07%
09/01/2007;55,18;-0,76%
10/01/2007;53,69;-2,70%
11/01/2007;51,7;-3,71%
12/01/2007;52,95;2,42%
15/01/2007;53,12;0,32%
16/01/2007;52,26;-1,62%
17/01/2007;52,78;1,00%
18/01/2007;51,75;-1,95%
19/01/2007;53,44;3,27%
22/01/2007;52,7;-1,38%
23/01/2007;55,1;4,55%
24/01/2007;55,43;0,60%
25/01/2007;54,12;-2,36%
26/01/2007;55,29;2,16%
29/01/2007;53,68;-2,91%
30/01/2007;56,39;5,05%
31/01/2007;57,4;1,79%
01/02/2007;56,72;-1,18%
02/02/2007;58,41;2,98%
05/02/2007;58,1;-0,53%
06/02/2007;58,42;0,55%
07/02/2007;57,23;-2,04%
08/02/2007;59,03;3,15%
09/02/2007;59,01;-0,03%
12/02/2007;56,6;-4,08%
13/02/2007;57,03;0,76%
14/02/2007;57,43;0,70%
15/02/2007;57,6;0,30%
16/02/2007;58,95;2,34%
19/02/2007;58,14;-1,37%
20/02/2007;57,98;-0,28%
21/02/2007;59,35;2,36%
22/02/2007;60,62;2,14%
23/02/2007;60,88;0,43%
26/02/2007;61,33;0,74%
27/02/2007;61,36;0,05%
28/02/2007;61,89;0,86%
01/03/2007;62,11;0,36%
02/03/2007;62,08;-0,05%
05/03/2007;60,54;-2,48%
06/03/2007;61,39;1,40%
07/03/2007;62,5;1,81%
08/03/2007;62,33;-0,27%
09/03/2007;61,13;-1,93%
12/03/2007;60,74;-0,64%
13/03/2007;60,9;0,26%
14/03/2007;61,06;0,26%
15/03/2007;60,98;-0,13%
16/03/2007;60,3;-1,12%
19/03/2007;60,52;0,36%
20/03/2007;60,2;-0,53%
21/03/2007;60,77;0,95%
22/03/2007;62,51;2,86%
23/03/2007;63,18;1,07%
26/03/2007;64,41;1,95%
27/03/2007;64,6;0,29%
28/03/2007;65,78;1,83%
29/03/2007;67,88;3,19%
30/03/2007;68,1;0,32%
02/04/2007;68,74;0,94%
03/04/2007;67,81;-1,35%
04/04/2007;68,4;0,87%
05/04/2007;68,24;-0,23%
09/04/2007;66,59;-2,42%
10/04/2007;67,42;1,25%
11/04/2007;67,84;0,62%
12/04/2007;68,72;1,30%
13/04/2007;68,97;0,36%
16/04/2007;67,25;-2,49%
17/04/2007;65,93;-1,96%
18/04/2007;66,04;0,17%
19/04/2007;65,94;-0,15%
20/04/2007;66,49;0,83%
23/04/2007;68,15;2,50%
24/04/2007;67,16;-1,45%
25/04/2007;68,57;2,10%
26/04/2007;67,65;-1,34%
27/04/2007;68,41;1,12%
30/04/2007;67,65;-1,11%
01/05/2007;67;-0,96%
02/05/2007;66,25;-1,12%
03/05/2007;66,05;-0,30%
04/05/2007;65,31;-1,12%
07/05/2007;64,44;-1,33%
08/05/2007;65,54;1,71%
09/05/2007;65,2;-0,52%
10/05/2007;65,79;0,90%
11/05/2007;66,83;1,58%
14/05/2007;66,83;0,00%
15/05/2007;68,11;1,92%
16/05/2007;68,01;-0,15%
17/05/2007;70,27;3,32%
18/05/2007;69,42;-1,21%
21/05/2007;70,49;1,54%
22/05/2007;69,52;-1,38%
23/05/2007;70,6;1,55%
24/05/2007;70,72;0,17%
25/05/2007;70,69;-0,04%
28/05/2007;69,71;-1,39%
29/05/2007;68,13;-2,27%
30/05/2007;67,84;-0,43%
31/05/2007;68,04;0,29%
01/06/2007;69,07;1,51%
04/06/2007;70,4;1,93%
05/06/2007;70,45;0,07%
06/06/2007;71,02;0,81%
07/06/2007;71,22;0,28%
08/06/2007;68,6;-3,68%
11/06/2007;69,56;1,40%
12/06/2007;68,79;-1,11%
13/06/2007;69,94;1,67%
14/06/2007;70,96;1,46%
15/06/2007;71,47;0,72%
18/06/2007;72,18;0,99%
19/06/2007;71,84;-0,47%
20/06/2007;70,42;-1,98%
21/06/2007;70,22;-0,28%
22/06/2007;71,18;1,37%
25/06/2007;71,36;0,25%
26/06/2007;70,17;-1,67%
27/06/2007;70,53;0,51%
28/06/2007;70,52;-0,01%
29/06/2007;71,41;1,26%
02/07/2007;72,63;1,71%
03/07/2007;72,93;0,41%
04/07/2007;73,05;0,16%
05/07/2007;74,75;2,33%
06/07/2007;75,62;1,16%
09/07/2007;75,78;0,21%
10/07/2007;76,4;0,82%
11/07/2007;75,44;-1,26%
12/07/2007;76,4;1,27%
13/07/2007;77,57;1,53%
16/07/2007;77,33;-0,31%
17/07/2007;75,53;-2,33%
18/07/2007;76,76;1,63%
19/07/2007;77,67;1,19%
20/07/2007;77,64;-0,04%
23/07/2007;76,86;-1,00%
24/07/2007;75,08;-2,32%
25/07/2007;76,32;1,65%
26/07/2007;75,18;-1,49%
27/07/2007;76,26;1,44%
30/07/2007;75,74;-0,68%
31/07/2007;77,05;1,73%
01/08/2007;75,35;-2,21%
02/08/2007;75,76;0,54%
03/08/2007;74,75;-1,33%
06/08/2007;71,17;-4,79%
07/08/2007;71,8;0,89%
08/08/2007;70,99;-1,13%
09/08/2007;70,21;-1,10%
10/08/2007;70,39;0,26%
13/08/2007;70,23;-0,23%
14/08/2007;70,51;0,40%
15/08/2007;71,64;1,60%
16/08/2007;69,42;-3,10%
17/08/2007;70,44;1,47%
20/08/2007;69,85;-0,84%
21/08/2007;68,69;-1,66%
22/08/2007;68,7;0,01%
23/08/2007;69,86;1,69%
24/08/2007;70,62;1,09%
27/08/2007;70,95;0,47%
28/08/2007;70,55;-0,56%
29/08/2007;72,13;2,24%
30/08/2007;71,9;-0,32%
31/08/2007;72,69;1,10%
03/09/2007;73,41;0,99%
04/09/2007;73,92;0,69%
05/09/2007;74,34;0,57%
06/09/2007;74,77;0,58%
07/09/2007;75,07;0,40%
10/09/2007;75,48;0,55%
11/09/2007;76,38;1,19%
12/09/2007;77,68;1,70%
13/09/2007;77,4;-0,36%
14/09/2007;76,22;-1,52%
17/09/2007;76,98;1,00%
18/09/2007;77,59;0,79%
19/09/2007;78,47;1,13%
20/09/2007;79,09;0,79%
21/09/2007;79,3;0,27%
24/09/2007;78,91;-0,49%
25/09/2007;77,62;-1,63%
26/09/2007;77,43;-0,24%
27/09/2007;80,03;3,36%
28/09/2007;79,17;-1,07%
01/10/2007;77,64;-1,93%
02/10/2007;77,38;-0,33%
03/10/2007;77,19;-0,25%
04/10/2007;78,97;2,31%
05/10/2007;78,9;-0,09%
08/10/2007;76,58;-2,94%
09/10/2007;77,49;1,19%
10/10/2007;78,6;1,43%
11/10/2007;80,15;1,97%
12/10/2007;80,55;0,50%
15/10/2007;82,75;2,73%
16/10/2007;84,16;1,70%
17/10/2007;83,13;-1,22%
18/10/2007;84,6;1,77%
19/10/2007;83,79;-0,96%
22/10/2007;83,27;-0,62%
23/10/2007;82,85;-0,50%
24/10/2007;84,37;1,83%
25/10/2007;87,48;3,69%
26/10/2007;88,69;1,38%
29/10/2007;90,32;1,84%
30/10/2007;87,44;-3,19%
31/10/2007;90,63;3,65%
01/11/2007;89,72;-1,00%
02/11/2007;92,08;2,63%
05/11/2007;90,49;-1,73%
06/11/2007;93,26;3,06%
07/11/2007;93,24;-0,02%
08/11/2007;92,79;-0,48%
09/11/2007;93,18;0,42%
12/11/2007;91,98;-1,29%
13/11/2007;88,83;-3,42%
14/11/2007;91,36;2,85%
15/11/2007;90,94;-0,46%
16/11/2007;91,62;0,75%
19/11/2007;92,28;0,72%
20/11/2007;95,49;3,48%
21/11/2007;94,84;-0,68%
22/11/2007;94,5;-0,36%
23/11/2007;95,76;1,33%
26/11/2007;95,32;-0,46%
27/11/2007;92,52;-2,94%
28/11/2007;89,81;-2,93%
29/11/2007;90,22;0,46%
30/11/2007;88,26;-2,17%
03/12/2007;89,8;1,74%
04/12/2007;89,53;-0,30%
05/12/2007;88,49;-1,16%
06/12/2007;90,18;1,91%
07/12/2007;88,64;-1,71%
10/12/2007;88,04;-0,68%
11/12/2007;89,99;2,21%
12/12/2007;94,02;4,48%
13/12/2007;92,12;-2,02%
14/12/2007;92,67;0,60%
17/12/2007;91,29;-1,49%
18/12/2007;90,12;-1,28%
19/12/2007;91,48;1,51%
20/12/2007;90,88;-0,66%
21/12/2007;92,46;1,74%
24/12/2007;92,7;0,26%
26/12/2007;93,94;1,34%
27/12/2007;94,78;0,89%
28/12/2007;93,88;-0,95%
31/12/2007;93,85;-0,03%
02/01/2008;97,84;4,25%
03/01/2008;97,6;-0,25%
04/01/2008;96,79;-0,83%
07/01/2008;94,39;-2,48%
08/01/2008;95,54;1,22%
09/01/2008;94,37;-1,22%
10/01/2008;92,22;-2,28%
11/01/2008;91,07;-1,25%
14/01/2008;92,92;2,03%
15/01/2008;90,98;-2,09%
16/01/2008;89,75;-1,35%
17/01/2008;88,75;-1,11%
18/01/2008;89,23;0,54%
21/01/2008;87,51;-1,93%
22/01/2008;88,45;1,07%
23/01/2008;86,62;-2,07%
24/01/2008;89,07;2,83%
25/01/2008;90,9;2,05%
28/01/2008;91,38;0,53%
29/01/2008;92;0,68%
30/01/2008;92,53;0,58%
31/01/2008;92,21;-0,35%
01/02/2008;89,44;-3,00%
04/02/2008;90,47;1,15%
05/02/2008;88,82;-1,82%
06/02/2008;87,78;-1,17%
07/02/2008;88,51;0,83%
08/02/2008;91,94;3,88%
11/02/2008;93,53;1,73%
12/02/2008;92,86;-0,72%
13/02/2008;93,32;0,50%
14/02/2008;95,09;1,90%
15/02/2008;94,63;-0,48%
18/02/2008;94,91;0,30%
19/02/2008;98,56;3,85%
20/02/2008;98,42;-0,14%
21/02/2008;96,24;-2,21%
22/02/2008;97,01;0,80%
25/02/2008;97,69;0,70%
26/02/2008;99,47;1,82%
27/02/2008;98,27;-1,21%
28/02/2008;100,9;2,68%
29/02/2008;100,1;-0,79%
03/03/2008;100,48;0,38%
04/03/2008;97,52;-2,95%
05/03/2008;101,64;4,22%
06/03/2008;102,61;0,95%
07/03/2008;102,38;-0,22%
10/03/2008;104,16;1,74%
11/03/2008;105,25;1,05%
12/03/2008;106,27;0,97%
13/03/2008;107,54;1,20%
14/03/2008;107,55;0,01%
17/03/2008;101,75;-5,39%
18/03/2008;105,56;3,74%
19/03/2008;100,72;-4,59%
20/03/2008;100,38;-0,34%
24/03/2008;99,86;-0,52%
25/03/2008;100,6;0,74%
26/03/2008;103,99;3,37%
27/03/2008;105;0,97%
28/03/2008;103,77;-1,17%
31/03/2008;100,3;-3,34%
01/04/2008;100,17;-0,13%
02/04/2008;103,75;3,57%
03/04/2008;102,52;-1,19%
04/04/2008;104,9;2,32%
07/04/2008;107,14;2,14%
08/04/2008;106,34;-0,75%
09/04/2008;108,47;2,00%
10/04/2008;108,2;-0,25%
11/04/2008;108,75;0,51%
14/04/2008;109,84;1,00%
15/04/2008;111,31;1,34%
16/04/2008;112,66;1,21%
17/04/2008;112,43;-0,20%
18/04/2008;113,92;1,33%
21/04/2008;114,43;0,45%
22/04/2008;115,95;1,33%
23/04/2008;116,46;0,44%
24/04/2008;114,34;-1,82%
25/04/2008;116,34;1,75%
28/04/2008;116,74;0,34%
29/04/2008;113,43;-2,84%
30/04/2008;111,36;-1,82%
01/05/2008;110,5;-0,77%
02/05/2008;114,56;3,67%
05/05/2008;117,99;2,99%
06/05/2008;120,31;1,97%
07/05/2008;122,32;1,67%
08/05/2008;122,84;0,43%
09/05/2008;125,4;2,08%
12/05/2008;122,91;-1,99%
13/05/2008;124,1;0,97%
14/05/2008;121,86;-1,80%
15/05/2008;121,25;-0,50%
16/05/2008;124,99;3,08%
19/05/2008;125,06;0,06%
20/05/2008;127,84;2,22%
21/05/2008;132,7;3,80%
22/05/2008;130,51;-1,65%
23/05/2008;131,57;0,81%
26/05/2008;132,37;0,61%
27/05/2008;128,31;-3,07%
28/05/2008;130,93;2,04%
29/05/2008;126,89;-3,09%
30/05/2008;127,78;0,70%
02/06/2008;128,02;0,19%
03/06/2008;124,58;-2,69%
04/06/2008;122,1;-1,99%
05/06/2008;127,54;4,46%
06/06/2008;137,69;7,96%
09/06/2008;133,91;-2,75%
10/06/2008;131,02;-2,16%
11/06/2008;135,02;3,05%
12/06/2008;136,09;0,79%
13/06/2008;134,25;-1,35%
16/06/2008;134,71;0,34%
17/06/2008;133,72;-0,73%
18/06/2008;136,44;2,03%
19/06/2008;132;-3,25%
20/06/2008;134,86;2,17%
23/06/2008;135,91;0,78%
24/06/2008;136,46;0,40%
25/06/2008;134,33;-1,56%
26/06/2008;139,83;4,09%
27/06/2008;140,31;0,34%
30/06/2008;139,83;-0,34%
01/07/2008;140,67;0,60%
02/07/2008;144,26;2,55%
03/07/2008;146,08;1,26%
04/07/2008;144,42;-1,14%
07/07/2008;141,87;-1,77%
08/07/2008;136,43;-3,83%
09/07/2008;136,58;0,11%
10/07/2008;142,03;3,99%
11/07/2008;144,49;1,73%
14/07/2008;143,92;-0,39%
15/07/2008;138,75;-3,59%
16/07/2008;136,19;-1,85%
17/07/2008;131,07;-3,76%
18/07/2008;130,19;-0,67%
21/07/2008;132,61;1,86%
22/07/2008;129,55;-2,31%
23/07/2008;125,29;-3,29%
24/07/2008;126,44;0,92%
25/07/2008;124,52;-1,52%
28/07/2008;125,84;1,06%
29/07/2008;122,71;-2,49%
30/07/2008;127,1;3,58%
31/07/2008;123,98;-2,45%
01/08/2008;124,18;0,16%
04/08/2008;120,68;-2,82%
05/08/2008;117,7;-2,47%
06/08/2008;117;-0,59%
07/08/2008;117,86;0,74%
08/08/2008;113,33;-3,84%
11/08/2008;112,67;-0,58%
12/08/2008;111,15;-1,35%
13/08/2008;113,47;2,09%
14/08/2008;112,64;-0,73%
15/08/2008;112,55;-0,08%
18/08/2008;111,94;-0,54%
19/08/2008;113,25;1,17%
20/08/2008;114,36;0,98%
21/08/2008;120,16;5,07%
22/08/2008;113,92;-5,19%
25/08/2008;114,03;0,10%
26/08/2008;114,63;0,53%
27/08/2008;116,22;1,39%
28/08/2008;114,17;-1,76%
29/08/2008;114,05;-0,11%
01/09/2008;109,41;-4,07%
02/09/2008;108,34;-0,98%
03/09/2008;108,06;-0,26%
04/09/2008;106,3;-1,63%
05/09/2008;104,09;-2,08%
08/09/2008;103,44;-0,62%
09/09/2008;100,34;-3,00%
10/09/2008;98,97;-1,37%
11/09/2008;97,64;-1,34%
12/09/2008;97,58;-0,06%
15/09/2008;92,38;-5,33%
16/09/2008;89,22;-3,42%
17/09/2008;94,84;6,30%
18/09/2008;95,19;0,37%
19/09/2008;99,61;4,64%
22/09/2008;106,04;6,46%
23/09/2008;103,08;-2,79%
24/09/2008;102,45;-0,61%
25/09/2008;104,6;2,10%
26/09/2008;103,54;-1,01%
29/09/2008;93,98;-9,23%
30/09/2008;98,17;4,46%
01/10/2008;95,33;-2,89%
02/10/2008;90,56;-5,00%
03/10/2008;90,25;-0,34%
06/10/2008;83,68;-7,28%
07/10/2008;84,66;1,17%
08/10/2008;84,36;-0,35%
09/10/2008;82,66;-2,02%
10/10/2008;74,09;-10,37%
13/10/2008;77,46;4,55%
14/10/2008;74,53;-3,78%
15/10/2008;70,8;-5,00%
16/10/2008;66,32;-6,33%
17/10/2008;69,6;4,95%
20/10/2008;72,03;3,49%
21/10/2008;69,72;-3,21%
22/10/2008;64,52;-7,46%
23/10/2008;65,92;2,17%
24/10/2008;62,05;-5,87%
27/10/2008;61,41;-1,03%
28/10/2008;60,29;-1,82%
29/10/2008;65,47;8,59%
30/10/2008;63,71;-2,69%
31/10/2008;65,32;2,53%
03/11/2008;60,48;-7,41%
04/11/2008;66,44;9,85%
05/11/2008;61,87;-6,88%
06/11/2008;57,43;-7,18%
07/11/2008;57,35;-0,14%
10/11/2008;59,08;3,02%
11/11/2008;55,71;-5,70%
12/11/2008;52,37;-6,00%
13/11/2008;51,99;-0,73%
14/11/2008;54,24;4,33%
17/11/2008;52,31;-3,56%
18/11/2008;51,84;-0,90%
19/11/2008;51,72;-0,23%
20/11/2008;48,08;-7,04%
21/11/2008;49,19;2,31%
24/11/2008;53,93;9,64%
25/11/2008;50,35;-6,64%
26/11/2008;53,92;7,09%
27/11/2008;53,13;-1,47%
28/11/2008;53,49;0,68%
01/12/2008;47,97;-10,32%
02/12/2008;45,44;-5,27%
03/12/2008;45,44;0,00%
04/12/2008;42,28;-6,95%
05/12/2008;39,74;-6,01%
08/12/2008;43,42;9,26%
09/12/2008;41,53;-4,35%
10/12/2008;42,4;2,09%
11/12/2008;47,39;11,77%
12/12/2008;46,41;-2,07%
15/12/2008;44,6;-3,90%
16/12/2008;44,56;-0,09%
17/12/2008;45,53;2,18%
18/12/2008;43,36;-4,77%
19/12/2008;44;1,48%
22/12/2008;41,45;-5,80%
23/12/2008;40,36;-2,63%
24/12/2008;36,61;-9,29%
26/12/2008;38,37;4,81%
29/12/2008;40,55;5,68%
30/12/2008;40,15;-0,99%
31/12/2008;45,59;13,55%
02/01/2009;46,91;2,90%
05/01/2009;49,62;5,78%
06/01/2009;50,53;1,83%
07/01/2009;45,86;-9,24%
08/01/2009;44,67;-2,59%
09/01/2009;44,42;-0,56%
12/01/2009;42,91;-3,40%
13/01/2009;44,83;4,47%
14/01/2009;45,08;0,56%
15/01/2009;44,69;-0,87%
16/01/2009;46,57;4,21%
19/01/2009;44,5;-4,44%
20/01/2009;43,62;-1,98%
21/01/2009;45,02;3,21%
22/01/2009;45,39;0,82%
23/01/2009;48,37;6,57%
26/01/2009;46,96;-2,92%
27/01/2009;43,73;-6,88%
28/01/2009;44,9;2,68%
29/01/2009;45,4;1,11%
30/01/2009;45,88;1,06%
02/02/2009;43,82;-4,49%
03/02/2009;44,08;0,59%
04/02/2009;44,15;0,16%
05/02/2009;46,46;5,23%
06/02/2009;46,21;-0,54%
09/02/2009;46,02;-0,41%
10/02/2009;44,61;-3,06%
11/02/2009;44,28;-0,74%
12/02/2009;44,65;0,84%
13/02/2009;44,81;0,36%
16/02/2009;43,28;-3,41%
17/02/2009;41,03;-5,20%
18/02/2009;39,55;-3,61%
19/02/2009;41,99;6,17%
20/02/2009;41,89;-0,24%
23/02/2009;40,99;-2,15%
24/02/2009;42,5;3,68%
25/02/2009;44,29;4,21%
26/02/2009;46,51;5,01%
27/02/2009;46,35;-0,34%
02/03/2009;42,21;-8,93%
03/03/2009;43,7;3,53%
04/03/2009;46,12;5,54%
05/03/2009;43,64;-5,38%
06/03/2009;44,85;2,77%
09/03/2009;44,13;-1,61%
10/03/2009;43,96;-0,39%
11/03/2009;41,4;-5,82%
12/03/2009;45,09;8,91%
13/03/2009;44,93;-0,35%
16/03/2009;43,98;-2,11%
17/03/2009;48,24;9,69%
18/03/2009;47,66;-1,20%
19/03/2009;50,67;6,32%
20/03/2009;51,22;1,09%
23/03/2009;53,47;4,39%
24/03/2009;53,5;0,06%
25/03/2009;51,75;-3,27%
26/03/2009;53,46;3,30%
27/03/2009;51,98;-2,77%
30/03/2009;47,99;-7,68%
31/03/2009;49,23;2,58%
01/04/2009;48,44;-1,60%
02/04/2009;52,75;8,90%
03/04/2009;53,47;1,36%
06/04/2009;52,24;-2,30%
07/04/2009;51,22;-1,95%
08/04/2009;51,59;0,72%
09/04/2009;54,06;4,79%
13/04/2009;52,14;-3,55%
14/04/2009;51,96;-0,35%
15/04/2009;51,79;-0,33%
16/04/2009;53,06;2,45%
17/04/2009;53,35;0,55%
20/04/2009;49,86;-6,54%
21/04/2009;49,82;-0,08%
22/04/2009;49,81;-0,02%
23/04/2009;50,11;0,60%
24/04/2009;51,67;3,11%
27/04/2009;50,32;-2,61%
28/04/2009;49,99;-0,66%
29/04/2009;50,78;1,58%
30/04/2009;50,8;0,04%
01/05/2009;52,85;4,04%
04/05/2009;54,58;3,27%
05/05/2009;54,12;-0,84%
06/05/2009;56,15;3,75%
07/05/2009;56,47;0,57%
08/05/2009;58,14;2,96%
11/05/2009;57,48;-1,14%
12/05/2009;57,94;0,80%
13/05/2009;57,34;-1,04%
14/05/2009;56,69;-1,13%
15/05/2009;55,98;-1,25%
18/05/2009;58,47;4,45%
19/05/2009;58,92;0,77%
20/05/2009;60,59;2,83%
21/05/2009;59,93;-1,09%
22/05/2009;60,78;1,42%
25/05/2009;60,21;-0,94%
26/05/2009;61,24;1,71%
27/05/2009;62,5;2,06%
28/05/2009;64,39;3,02%
29/05/2009;65,52;1,75%
01/06/2009;67,97;3,74%
02/06/2009;68,17;0,29%
03/06/2009;65,88;-3,36%
04/06/2009;68,71;4,30%
05/06/2009;68,34;-0,54%
08/06/2009;67,88;-0,67%
09/06/2009;69,62;2,56%
10/06/2009;70,8;1,69%
11/06/2009;71,79;1,40%
12/06/2009;70,92;-1,21%
15/06/2009;69,44;-2,09%
16/06/2009;70,24;1,15%
17/06/2009;70,85;0,87%
18/06/2009;71,06;0,30%
19/06/2009;69,19;-2,63%
22/06/2009;66,98;-3,19%
23/06/2009;68,8;2,72%
24/06/2009;68,33;-0,68%
25/06/2009;69,78;2,12%
26/06/2009;68,92;-1,23%
29/06/2009;70,99;3,00%
30/06/2009;69,3;-2,38%
01/07/2009;68,79;-0,74%
02/07/2009;66,65;-3,11%
03/07/2009;65,61;-1,56%
06/07/2009;64,05;-2,38%
07/07/2009;63,23;-1,28%
08/07/2009;60,43;-4,43%
09/07/2009;61,1;1,11%
10/07/2009;60,52;-0,95%
13/07/2009;60,69;0,28%
14/07/2009;60,86;0,28%
15/07/2009;63,09;3,66%
16/07/2009;62,75;-0,54%
17/07/2009;65,38;4,19%
20/07/2009;66,44;1,62%
21/07/2009;66,87;0,65%
22/07/2009;67,21;0,51%
23/07/2009;69,25;3,04%
24/07/2009;70,32;1,55%
27/07/2009;70,81;0,70%
28/07/2009;69,88;-1,31%
29/07/2009;66,53;-4,79%
30/07/2009;70,11;5,38%
31/07/2009;71,7;2,27%
03/08/2009;73,55;2,58%
04/08/2009;74,28;0,99%
05/08/2009;75,51;1,66%
06/08/2009;74,83;-0,90%
07/08/2009;73,59;-1,66%
10/08/2009;73,5;-0,12%
11/08/2009;72,46;-1,41%
12/08/2009;72,89;0,59%
13/08/2009;73,48;0,81%
14/08/2009;72,41;-1,46%
17/08/2009;70,54;-2,58%
18/08/2009;72,37;2,59%
19/08/2009;74,59;3,07%
20/08/2009;73,33;-1,69%
21/08/2009;74,19;1,17%
24/08/2009;74,26;0,09%
25/08/2009;71,82;-3,29%
26/08/2009;71,65;-0,24%
27/08/2009;72,51;1,20%
28/08/2009;72,79;0,39%
31/08/2009;69,65;-4,31%
01/09/2009;67,73;-2,76%
02/09/2009;67,66;-0,10%
03/09/2009;67,12;-0,80%
04/09/2009;66,82;-0,45%
07/09/2009;66,53;-0,43%
08/09/2009;69,42;4,34%
09/09/2009;69,83;0,59%
10/09/2009;69,86;0,04%
11/09/2009;67,69;-3,11%
14/09/2009;67,44;-0,37%
15/09/2009;67,35;-0,13%
16/09/2009;71,67;6,41%
17/09/2009;71,55;-0,17%
18/09/2009;71,32;-0,32%
21/09/2009;68,69;-3,69%
22/09/2009;70,53;2,68%
23/09/2009;67,99;-3,60%
24/09/2009;64,82;-4,66%
25/09/2009;65,11;0,45%
28/09/2009;65,54;0,66%
29/09/2009;65,49;-0,08%
30/09/2009;69,07;5,47%
01/10/2009;69,19;0,17%
02/10/2009;68,07;-1,62%
05/10/2009;68,04;-0,04%
06/10/2009;68,56;0,76%
07/10/2009;67,2;-1,98%
08/10/2009;69,77;3,82%
09/10/2009;70;0,33%
12/10/2009;71,36;1,94%
13/10/2009;72,4;1,46%
14/10/2009;73,1;0,97%
15/10/2009;74,45;1,85%
16/10/2009;76,99;3,41%
19/10/2009;77,77;1,01%
20/10/2009;77,24;-0,68%
21/10/2009;79,69;3,17%
22/10/2009;79,51;-0,23%
23/10/2009;78,92;-0,74%
26/10/2009;77,26;-2,10%
27/10/2009;77,92;0,85%
28/10/2009;75,86;-2,64%
29/10/2009;78,04;2,87%
30/10/2009;75,2;-3,64%
02/11/2009;76,55;1,80%
03/11/2009;78,11;2,04%
04/11/2009;78,89;1,00%
05/11/2009;77,99;-1,14%
06/11/2009;75,87;-2,72%
09/11/2009;77,77;2,50%
10/11/2009;77,5;-0,35%
11/11/2009;77,95;0,58%
12/11/2009;76,02;-2,48%
13/11/2009;75,55;-0,62%
16/11/2009;78,76;4,25%
17/11/2009;78,97;0,27%
18/11/2009;79,47;0,63%
19/11/2009;77,64;-2,30%
20/11/2009;77,2;-0,57%
23/11/2009;77,46;0,34%
24/11/2009;76,46;-1,29%
25/11/2009;78,44;2,59%
26/11/2009;76,99;-1,85%
27/11/2009;77,18;0,25%
30/11/2009;78,47;1,67%
01/12/2009;79,35;1,12%
02/12/2009;77,88;-1,85%
03/12/2009;78,36;0,62%
04/12/2009;77,52;-1,07%
07/12/2009;76,43;-1,41%
08/12/2009;75,19;-1,62%
09/12/2009;72,39;-3,72%
10/12/2009;71,86;-0,73%
11/12/2009;71,88;0,03%
14/12/2009;71,89;0,01%
15/12/2009;72,05;0,22%
16/12/2009;73,55;2,08%
17/12/2009;73,37;-0,24%
18/12/2009;73,75;0,52%
21/12/2009;72,99;-1,03%
22/12/2009;73,46;0,64%
23/12/2009;75,45;2,71%
24/12/2009;76,31;1,14%
28/12/2009;77,32;1,32%
29/12/2009;77,64;0,41%
30/12/2009;78,03;0,50%
31/12/2009;77,93;-0,13%
04/01/2010;80,12;2,81%
05/01/2010;80,59;0,59%
06/01/2010;81,89;1,61%
07/01/2010;81,51;-0,46%
08/01/2010;81,37;-0,17%
11/01/2010;80,97;-0,49%
12/01/2010;79,3;-2,06%
13/01/2010;78,31;-1,25%
14/01/2010;77,82;-0,63%
15/01/2010;77,11;-0,91%
18/01/2010;77,1;-0,01%
19/01/2010;77,63;0,69%
20/01/2010;76,32;-1,69%
21/01/2010;74,58;-2,28%
22/01/2010;72,83;-2,35%
25/01/2010;73,69;1,18%
26/01/2010;73,29;-0,54%
27/01/2010;72,24;-1,43%
28/01/2010;72,13;-0,15%
29/01/2010;71,46;-0,93%
01/02/2010;73,11;2,31%
02/02/2010;76,06;4,04%
03/02/2010;75,92;-0,18%
04/02/2010;72,13;-4,99%
05/02/2010;69,59;-3,52%
08/02/2010;70,11;0,75%
09/02/2010;72,13;2,88%
10/02/2010;72,54;0,57%
11/02/2010;73,05;0,70%
12/02/2010;72,9;-0,21%
15/02/2010;72,51;-0,53%
16/02/2010;75,68;4,37%
17/02/2010;76,27;0,78%
18/02/2010;77,78;1,98%
19/02/2010;78,19;0,53%
22/02/2010;78,61;0,54%
23/02/2010;77,25;-1,73%
24/02/2010;78,09;1,09%
25/02/2010;76,29;-2,31%
26/02/2010;77,59;1,70%
01/03/2010;76,89;-0,90%
02/03/2010;78,18;1,68%
03/03/2010;79,25;1,37%
04/03/2010;78,54;-0,90%
05/03/2010;79,89;1,72%
08/03/2010;80,47;0,73%
09/03/2010;79,91;-0,70%
10/03/2010;80,48;0,71%
11/03/2010;80,28;-0,25%
12/03/2010;79,39;-1,11%
15/03/2010;77,89;-1,89%
16/03/2010;79,02;1,45%
17/03/2010;81,96;3,72%
18/03/2010;81,48;-0,59%
19/03/2010;79,88;-1,96%
22/03/2010;80,54;0,83%
23/03/2010;80,7;0,20%
24/03/2010;79,62;-1,34%
25/03/2010;79,61;-0,01%
26/03/2010;79,29;-0,40%
29/03/2010;81,17;2,37%
30/03/2010;81,28;0,14%
31/03/2010;82,7;1,75%
01/04/2010;84,01;1,58%
05/04/2010;85,88;2,23%
06/04/2010;86,15;0,31%
07/04/2010;85,59;-0,65%
08/04/2010;84,81;-0,91%
09/04/2010;84,83;0,02%
12/04/2010;84,77;-0,07%
13/04/2010;84,72;-0,06%
14/04/2010;86,15;1,69%
15/04/2010;87,17;1,18%
16/04/2010;85,99;-1,35%
19/04/2010;84,23;-2,05%
20/04/2010;84,8;0,68%
21/04/2010;85,7;1,06%
22/04/2010;85,67;-0,04%
23/04/2010;87,25;1,84%
26/04/2010;86,83;-0,48%
27/04/2010;85,78;-1,21%
28/04/2010;86,16;0,44%
29/04/2010;86,9;0,86%
30/04/2010;87,44;0,62%
03/05/2010;88,94;1,72%
04/05/2010;85,67;-3,68%
05/05/2010;82,61;-3,57%
06/05/2010;79,83;-3,37%
07/05/2010;78,27;-1,95%
10/05/2010;80,12;2,36%
11/05/2010;80,49;0,46%
12/05/2010;81,2;0,88%
13/05/2010;80,11;-1,34%
14/05/2010;77,18;-3,66%
17/05/2010;75,1;-2,70%
18/05/2010;74,43;-0,89%
19/05/2010;73,69;-0,99%
20/05/2010;71,84;-2,51%
21/05/2010;71,68;-0,22%
24/05/2010;71,17;-0,71%
25/05/2010;69,55;-2,28%
26/05/2010;71,74;3,15%
27/05/2010;74,66;4,07%
28/05/2010;74,02;-0,86%
31/05/2010;74,65;0,85%
01/06/2010;72,71;-2,60%
02/06/2010;73,75;1,43%
03/06/2010;75,41;2,25%
04/06/2010;72,09;-4,40%
07/06/2010;72,12;0,04%
08/06/2010;72,3;0,25%
09/06/2010;74,27;2,72%
10/06/2010;75,29;1,37%
11/06/2010;74,35;-1,25%
14/06/2010;75,2;1,14%
15/06/2010;76,2;1,33%
16/06/2010;78,14;2,55%
17/06/2010;78,68;0,69%
18/06/2010;78,22;-0,58%
21/06/2010;78,82;0,77%
22/06/2010;78,04;-0,99%
23/06/2010;76,27;-2,27%
24/06/2010;76,47;0,26%
25/06/2010;78,12;2,16%
28/06/2010;77,59;-0,68%
29/06/2010;75,44;-2,77%
30/06/2010;75,01;-0,57%
01/07/2010;72,34;-3,56%
02/07/2010;71,65;-0,95%
05/07/2010;71,47;-0,25%
06/07/2010;71,45;-0,03%
07/07/2010;73,51;2,88%
08/07/2010;74,71;1,63%
09/07/2010;75,42;0,95%
12/07/2010;74,37;-1,39%
13/07/2010;76,65;3,07%
14/07/2010;76,77;0,16%
15/07/2010;76,19;-0,76%
16/07/2010;75,37;-1,08%
19/07/2010;75,62;0,33%
20/07/2010;76,22;0,79%
21/07/2010;75,37;-1,12%
22/07/2010;77,82;3,25%
23/07/2010;77,45;-0,48%
26/07/2010;77,5;0,06%
27/07/2010;76,13;-1,77%
28/07/2010;76,06;-0,09%
29/07/2010;77,59;2,01%
30/07/2010;78,18;0,76%
02/08/2010;80,82;3,38%
03/08/2010;82,68;2,30%
04/08/2010;82,2;-0,58%
05/08/2010;81,61;-0,72%
06/08/2010;80,16;-1,78%
09/08/2010;80,99;1,04%
10/08/2010;79,6;-1,72%
11/08/2010;77,64;-2,46%
12/08/2010;75,52;-2,73%
13/08/2010;75,11;-0,54%
16/08/2010;74,85;-0,35%
17/08/2010;76,93;2,78%
18/08/2010;76,47;-0,60%
19/08/2010;75,3;-1,53%
20/08/2010;74,26;-1,38%
23/08/2010;73,62;-0,86%
24/08/2010;72,38;-1,68%
25/08/2010;73,48;1,52%
26/08/2010;75,02;2,10%
27/08/2010;76,65;2,17%
30/08/2010;76,6;-0,07%
31/08/2010;74,64;-2,56%
01/09/2010;76,35;2,29%
02/09/2010;76,93;0,76%
03/09/2010;76,67;-0,34%
06/09/2010;76,87;0,26%
07/09/2010;77,74;1,13%
08/09/2010;78,17;0,55%
09/09/2010;77,47;-0,90%
10/09/2010;78,16;0,89%
13/09/2010;79,03;1,11%
14/09/2010;79,16;0,16%
15/09/2010;78,91;-0,32%
16/09/2010;78,48;-0,54%
17/09/2010;78,21;-0,34%
20/09/2010;79,32;1,42%
21/09/2010;78,42;-1,13%
22/09/2010;77,95;-0,60%
23/09/2010;78,11;0,21%
24/09/2010;78,87;0,97%
27/09/2010;78,57;-0,38%
28/09/2010;78,71;0,18%
29/09/2010;80,77;2,62%
30/09/2010;82,31;1,91%
01/10/2010;83,75;1,75%
04/10/2010;83,28;-0,56%
05/10/2010;84,84;1,87%
06/10/2010;85,06;0,26%
07/10/2010;83,43;-1,92%
08/10/2010;84,03;0,72%
11/10/2010;83,72;-0,37%
12/10/2010;83,5;-0,26%
13/10/2010;84,64;1,37%
14/10/2010;84,53;-0,13%
15/10/2010;82,45;-2,46%
18/10/2010;84,37;2,33%
19/10/2010;81,1;-3,88%
20/10/2010;83,6;3,08%
21/10/2010;81,83;-2,12%
22/10/2010;82,96;1,38%
25/10/2010;83,54;0,70%
26/10/2010;83,66;0,14%
27/10/2010;83,23;-0,51%
28/10/2010;83,59;0,43%
29/10/2010;83,15;-0,53%
01/11/2010;84,62;1,77%
02/11/2010;85,41;0,93%
03/11/2010;86,38;1,14%
04/11/2010;88;1,88%
05/11/2010;88,11;0,13%
08/11/2010;88,46;0,40%
09/11/2010;88,33;-0,15%
10/11/2010;88,96;0,71%
11/11/2010;88,81;-0,17%
12/11/2010;86,34;-2,78%
15/11/2010;86,7;0,42%
16/11/2010;84,73;-2,27%
17/11/2010;83,28;-1,71%
18/11/2010;85,05;2,13%
19/11/2010;84,34;-0,83%
22/11/2010;83,96;-0,45%
23/11/2010;83,25;-0,85%
24/11/2010;85,84;3,11%
25/11/2010;86,1;0,30%
26/11/2010;85,58;-0,60%
29/11/2010;87,34;2,06%
30/11/2010;85,92;-1,63%
01/12/2010;88,87;3,43%
02/12/2010;90,69;2,05%
03/12/2010;91,42;0,80%
06/12/2010;91,45;0,03%
07/12/2010;91,39;-0,07%
08/12/2010;90,77;-0,68%
09/12/2010;90,99;0,24%
10/12/2010;90,48;-0,56%
13/12/2010;91,19;0,78%
14/12/2010;91,21;0,02%
15/12/2010;92,2;1,09%
16/12/2010;91,71;-0,53%
17/12/2010;91,67;-0,04%
20/12/2010;92,74;1,17%
21/12/2010;93,2;0,50%
22/12/2010;93,65;0,48%
23/12/2010;94,25;0,64%
24/12/2010;93,77;-0,51%
27/12/2010;93,85;0,09%
28/12/2010;94,38;0,56%
29/12/2010;94,14;-0,25%
30/12/2010;93,09;-1,12%
31/12/2010;94,75;1,78%
03/01/2011;94,84;0,09%
04/01/2011;93,53;-1,38%
05/01/2011;95,5;2,11%
06/01/2011;94,52;-1,03%
07/01/2011;93,33;-1,26%
10/01/2011;95,7;2,54%
11/01/2011;97,61;2,00%
12/01/2011;98,12;0,52%
13/01/2011;98,06;-0,06%
14/01/2011;98,68;0,63%
17/01/2011;97,43;-1,27%
18/01/2011;97,8;0,38%
19/01/2011;98,16;0,37%
20/01/2011;96,58;-1,61%
21/01/2011;97,6;1,06%
24/01/2011;96,61;-1,01%
25/01/2011;95,25;-1,41%
26/01/2011;97,91;2,79%
27/01/2011;97,39;-0,53%
28/01/2011;99,42;2,08%
31/01/2011;101,01;1,60%
01/02/2011;101,74;0,72%
02/02/2011;102,34;0,59%
03/02/2011;101,76;-0,57%
04/02/2011;99,83;-1,90%
07/02/2011;99,25;-0,58%
08/02/2011;99,92;0,68%
09/02/2011;101,82;1,90%
10/02/2011;100,87;-0,93%
11/02/2011;101,43;0,56%
14/02/2011;103,08;1,63%
15/02/2011;101,64;-1,40%
16/02/2011;103,78;2,11%
17/02/2011;102,59;-1,15%
18/02/2011;102,52;-0,07%
21/02/2011;105,74;3,14%
22/02/2011;105,78;0,04%
23/02/2011;111,25;5,17%
24/02/2011;111,36;0,10%
25/02/2011;112,14;0,70%
28/02/2011;111,8;-0,30%
01/03/2011;115,42;3,24%
02/03/2011;116,35;0,81%
03/03/2011;114,79;-1,34%
04/03/2011;115,97;1,03%
07/03/2011;115,04;-0,80%
08/03/2011;113,06;-1,72%
09/03/2011;115,94;2,55%
10/03/2011;115,43;-0,44%
11/03/2011;113,84;-1,38%
14/03/2011;113,67;-0,15%
15/03/2011;108,52;-4,53%
16/03/2011;110,62;1,94%
17/03/2011;114,9;3,87%
18/03/2011;113,93;-0,84%
21/03/2011;114,96;0,90%
22/03/2011;115,7;0,64%
23/03/2011;115,55;-0,13%
24/03/2011;115,72;0,15%
25/03/2011;115,59;-0,11%
28/03/2011;114,8;-0,68%
29/03/2011;115,16;0,31%
30/03/2011;115,13;-0,03%
31/03/2011;117,36;1,94%
01/04/2011;118,7;1,14%
04/04/2011;121,06;1,99%
05/04/2011;122,22;0,96%
06/04/2011;122,3;0,07%
07/04/2011;122,67;0,30%
08/04/2011;126,65;3,24%
11/04/2011;123,98;-2,11%
12/04/2011;120,92;-2,47%
13/04/2011;122,88;1,62%
14/04/2011;122,36;-0,42%
15/04/2011;123,45;0,89%
18/04/2011;121,61;-1,49%
19/04/2011;121,33;-0,23%
20/04/2011;123,85;2,08%
21/04/2011;123,99;0,11%
25/04/2011;123,66;-0,27%
26/04/2011;124,14;0,39%
27/04/2011;125,13;0,80%
28/04/2011;125,02;-0,09%
29/04/2011;125,89;0,70%
02/05/2011;125,12;-0,61%
03/05/2011;122,45;-2,13%
04/05/2011;121,19;-1,03%
05/05/2011;110,8;-8,57%
06/05/2011;109,13;-1,51%
09/05/2011;115,9;6,20%
10/05/2011;117,63;1,49%
11/05/2011;112,57;-4,30%
12/05/2011;112,98;0,36%
13/05/2011;113,83;0,75%
16/05/2011;112,73;-0,97%
17/05/2011;109,99;-2,43%
18/05/2011;112,3;2,10%
19/05/2011;111,42;-0,78%
20/05/2011;112,39;0,87%
23/05/2011;110,1;-2,04%
24/05/2011;112,53;2,21%
25/05/2011;114,93;2,13%
26/05/2011;115,05;0,10%
27/05/2011;115,03;-0,02%
30/05/2011;114,68;-0,30%
31/05/2011;116,73;1,79%
01/06/2011;114,53;-1,88%
02/06/2011;115,54;0,88%
03/06/2011;115,84;0,26%
06/06/2011;114,48;-1,17%
07/06/2011;116,78;2,01%
08/06/2011;117,85;0,92%
09/06/2011;119,57;1,46%
10/06/2011;118,78;-0,66%
13/06/2011;119,1;0,27%
14/06/2011;120,16;0,89%
15/06/2011;117,1;-2,55%
16/06/2011;114,02;-2,63%
17/06/2011;113,21;-0,71%
20/06/2011;111,69;-1,34%
21/06/2011;110,95;-0,66%
22/06/2011;114,21;2,94%
23/06/2011;107,26;-6,09%
24/06/2011;105,12;-2,00%
27/06/2011;105,99;0,83%
28/06/2011;108,78;2,63%
29/06/2011;112,4;3,33%
30/06/2011;112,48;0,07%
01/07/2011;111,77;-0,63%
04/07/2011;111,39;-0,34%
05/07/2011;113,61;1,99%
06/07/2011;113,62;0,01%
07/07/2011;118,59;4,37%
08/07/2011;118,33;-0,22%
11/07/2011;117,24;-0,92%
12/07/2011;117,75;0,44%
13/07/2011;118,78;0,87%
14/07/2011;118,32;-0,39%
15/07/2011;117,26;-0,90%
18/07/2011;116,05;-1,03%
19/07/2011;117,06;0,87%
20/07/2011;118,15;0,93%
21/07/2011;117,51;-0,54%
22/07/2011;118,67;0,99%
25/07/2011;117,94;-0,62%
26/07/2011;118,28;0,29%
27/07/2011;117,43;-0,72%
28/07/2011;117,36;-0,06%
29/07/2011;116,74;-0,53%
01/08/2011;116,81;0,06%
02/08/2011;116,46;-0,30%
03/08/2011;113,23;-2,77%
04/08/2011;107,25;-5,28%
05/08/2011;109,37;1,98%
08/08/2011;103,74;-5,15%
09/08/2011;102,57;-1,13%
10/08/2011;106,68;4,01%
11/08/2011;108,02;1,26%
12/08/2011;108,03;0,01%
15/08/2011;109,91;1,74%
16/08/2011;109,47;-0,40%
17/08/2011;110,6;1,03%
18/08/2011;106,99;-3,26%
19/08/2011;108,62;1,52%
22/08/2011;108,36;-0,24%
23/08/2011;109,31;0,88%
24/08/2011;110,15;0,77%
25/08/2011;110,62;0,43%
26/08/2011;111,36;0,67%
29/08/2011;111,88;0,47%
30/08/2011;114,02;1,91%
31/08/2011;114,85;0,73%
01/09/2011;114,29;-0,49%
02/09/2011;112,33;-1,71%
05/09/2011;110,08;-2,00%
06/09/2011;112,89;2,55%
07/09/2011;115,8;2,58%
08/09/2011;114,55;-1,08%
09/09/2011;112,77;-1,55%
12/09/2011;112,25;-0,46%
13/09/2011;111,89;-0,32%
14/09/2011;112,4;0,46%
15/09/2011;115,34;2,62%
16/09/2011;112,22;-2,71%
19/09/2011;109,14;-2,74%
20/09/2011;110,54;1,28%
21/09/2011;110,36;-0,16%
22/09/2011;105,49;-4,41%
23/09/2011;103,97;-1,44%
26/09/2011;103,94;-0,03%
27/09/2011;107,14;3,08%
28/09/2011;103,81;-3,11%
29/09/2011;103,95;0,13%
30/09/2011;102,76;-1,14%
03/10/2011;101,71;-1,02%
04/10/2011;99,79;-1,89%
05/10/2011;102,73;2,95%
06/10/2011;105,73;2,92%
07/10/2011;105,88;0,14%
10/10/2011;108,95;2,90%
11/10/2011;110,73;1,63%
12/10/2011;111,36;0,57%
13/10/2011;111,11;-0,22%
14/10/2011;114,68;3,21%
17/10/2011;110,16;-3,94%
18/10/2011;111,15;0,90%
19/10/2011;108,39;-2,48%
20/10/2011;109,76;1,26%
21/10/2011;109,56;-0,18%
24/10/2011;111,45;1,73%
25/10/2011;110,92;-0,48%
26/10/2011;108,91;-1,81%
27/10/2011;112,08;2,91%
28/10/2011;109,91;-1,94%
31/10/2011;109,56;-0,32%
01/11/2011;109,54;-0,02%
02/11/2011;109,34;-0,18%
03/11/2011;110,83;1,36%
04/11/2011;111,97;1,03%
07/11/2011;114,56;2,31%
08/11/2011;115;0,38%
09/11/2011;112,31;-2,34%
10/11/2011;113,71;1,25%
11/11/2011;114,16;0,40%
14/11/2011;111,89;-1,99%
15/11/2011;112,39;0,45%
16/11/2011;111,88;-0,45%
17/11/2011;108,22;-3,27%
18/11/2011;107,56;-0,61%
21/11/2011;106,88;-0,63%
22/11/2011;109,03;2,01%
23/11/2011;107,02;-1,84%
24/11/2011;107,78;0,71%
25/11/2011;106,4;-1,28%
28/11/2011;109;2,44%
29/11/2011;110,82;1,67%
30/11/2011;110,52;-0,27%
01/12/2011;108,99;-1,38%
02/12/2011;109,94;0,87%
05/12/2011;109,81;-0,12%
06/12/2011;110,81;0,91%
07/12/2011;109,53;-1,16%
08/12/2011;108,11;-1,30%
09/12/2011;108,62;0,47%
12/12/2011;107,26;-1,25%
13/12/2011;109,5;2,09%
14/12/2011;105,02;-4,09%
15/12/2011;105,09;0,07%
16/12/2011;103,35;-1,66%
19/12/2011;103,64;0,28%
20/12/2011;106,73;2,98%
21/12/2011;107,71;0,92%
22/12/2011;107,89;0,17%
23/12/2011;107,96;0,06%
27/12/2011;109,27;1,21%
28/12/2011;107,56;-1,56%
29/12/2011;108,01;0,42%
30/12/2011;107,38;-0,58%
03/01/2012;112,13;4,42%
04/01/2012;113,7;1,40%
05/01/2012;112,74;-0,84%
06/01/2012;113,06;0,28%
09/01/2012;112,45;-0,54%
10/01/2012;113,28;0,74%
11/01/2012;112,24;-0,92%
12/01/2012;111,26;-0,87%
13/01/2012;110,44;-0,74%
16/01/2012;111,2;0,69%
17/01/2012;111,53;0,30%
18/01/2012;110,66;-0,78%
19/01/2012;111,55;0,80%
20/01/2012;109,86;-1,52%
23/01/2012;110,58;0,66%
24/01/2012;110,03;-0,50%
25/01/2012;109,81;-0,20%
26/01/2012;110,79;0,89%
27/01/2012;111,46;0,60%
30/01/2012;110,75;-0,64%
31/01/2012;110,98;0,21%
01/02/2012;111,56;0,52%
02/02/2012;112,07;0,46%
03/02/2012;114,58;2,24%
06/02/2012;115,93;1,18%
07/02/2012;116,23;0,26%
08/02/2012;117,2;0,83%
09/02/2012;118,59;1,19%
10/02/2012;117,31;-1,08%
13/02/2012;117,93;0,53%
14/02/2012;118,16;0,20%
15/02/2012;118,93;0,65%
16/02/2012;120,11;0,99%
17/02/2012;119,58;-0,44%
20/02/2012;120,05;0,39%
21/02/2012;121,66;1,34%
22/02/2012;122,9;1,02%
23/02/2012;123,62;0,59%
24/02/2012;125,47;1,50%
27/02/2012;124,17;-1,04%
28/02/2012;121,55;-2,11%
29/02/2012;122,66;0,91%
01/03/2012;126,2;2,89%
02/03/2012;123,65;-2,02%
05/03/2012;123,8;0,12%
06/03/2012;121,98;-1,47%
07/03/2012;124,12;1,75%
08/03/2012;125,44;1,06%
09/03/2012;125,98;0,43%
12/03/2012;125,34;-0,51%
13/03/2012;126,22;0,70%
14/03/2012;124,97;-0,99%
15/03/2012;123,55;-1,14%
16/03/2012;125,81;1,83%
19/03/2012;125,71;-0,08%
20/03/2012;124,12;-1,26%
21/03/2012;124,2;0,06%
22/03/2012;123,14;-0,85%
23/03/2012;125,13;1,62%
26/03/2012;125,65;0,42%
27/03/2012;125,54;-0,09%
28/03/2012;124,16;-1,10%
29/03/2012;122,39;-1,43%
30/03/2012;122,88;0,40%
02/04/2012;125,43;2,08%
03/04/2012;124,86;-0,45%
04/04/2012;122,34;-2,02%
05/04/2012;123,43;0,89%
09/04/2012;122,67;-0,62%
10/04/2012;119,88;-2,27%
11/04/2012;120,18;0,25%
12/04/2012;121,71;1,27%
13/04/2012;121,83;0,10%
16/04/2012;118,68;-2,59%
17/04/2012;118,78;0,08%
18/04/2012;117,97;-0,68%
19/04/2012;118;0,03%
20/04/2012;118,76;0,64%
23/04/2012;118,71;-0,04%
24/04/2012;118,16;-0,46%
25/04/2012;119,12;0,81%
26/04/2012;119,92;0,67%
27/04/2012;119,83;-0,08%
30/04/2012;119,47;-0,30%
01/05/2012;119,66;0,16%
02/05/2012;118,2;-1,22%
03/05/2012;116,08;-1,79%
04/05/2012;113,18;-2,50%
07/05/2012;113,16;-0,02%
08/05/2012;112,73;-0,38%
09/05/2012;113,2;0,42%
10/05/2012;112,73;-0,42%
11/05/2012;112,26;-0,42%
14/05/2012;111,57;-0,61%
15/05/2012;112,24;0,60%
16/05/2012;111,71;-0,47%
17/05/2012;107,49;-3,78%
18/05/2012;107,14;-0,33%
21/05/2012;108,81;1,56%
22/05/2012;108,41;-0,37%
23/05/2012;105,56;-2,63%
24/05/2012;106,55;0,94%
25/05/2012;106,83;0,26%
28/05/2012;107,11;0,26%
29/05/2012;106,68;-0,40%
30/05/2012;103,47;-3,01%
31/05/2012;101,87;-1,55%
01/06/2012;98,43;-3,38%
04/06/2012;98,85;0,43%
05/06/2012;98,84;-0,01%
06/06/2012;100,64;1,82%
07/06/2012;99,93;-0,71%
08/06/2012;99,47;-0,46%
11/06/2012;98;-1,48%
12/06/2012;97,14;-0,88%
13/06/2012;97,13;-0,01%
14/06/2012;97,03;-0,10%
15/06/2012;97,61;0,60%
18/06/2012;96,05;-1,60%
19/06/2012;95,76;-0,30%
20/06/2012;92,69;-3,21%
21/06/2012;89,23;-3,73%
22/06/2012;90,98;1,96%
25/06/2012;91,01;0,03%
26/06/2012;93,02;2,21%
27/06/2012;93,5;0,52%
28/06/2012;91,36;-2,29%
29/06/2012;97,8;7,05%
02/07/2012;97,34;-0,47%
03/07/2012;100,68;3,43%
04/07/2012;99,77;-0,90%
05/07/2012;100,7;0,93%
06/07/2012;98,19;-2,49%
09/07/2012;100,32;2,17%
10/07/2012;97,97;-2,34%
11/07/2012;100,23;2,31%
12/07/2012;101,07;0,84%
13/07/2012;102,4;1,32%
16/07/2012;103,55;1,12%
17/07/2012;104;0,43%
18/07/2012;105,16;1,12%
19/07/2012;107,8;2,51%
20/07/2012;106,83;-0,90%
23/07/2012;103,26;-3,34%
24/07/2012;103,42;0,15%
25/07/2012;104,38;0,93%
26/07/2012;105,26;0,84%
27/07/2012;106,47;1,15%
30/07/2012;106,2;-0,25%
31/07/2012;104,92;-1,21%
01/08/2012;105,96;0,99%
02/08/2012;105,9;-0,06%
03/08/2012;108,94;2,87%
06/08/2012;109,55;0,56%
07/08/2012;112;2,24%
08/08/2012;112,14;0,12%
09/08/2012;113,22;0,96%
10/08/2012;112,95;-0,24%
13/08/2012;113,6;0,58%
14/08/2012;114,03;0,38%
15/08/2012;116,25;1,95%
16/08/2012;116,9;0,56%
17/08/2012;113,71;-2,73%
20/08/2012;113,7;-0,01%
21/08/2012;114,64;0,83%
22/08/2012;114,91;0,24%
23/08/2012;115,01;0,09%
24/08/2012;113,59;-1,23%
27/08/2012;112,26;-1,17%
28/08/2012;112,58;0,29%
29/08/2012;112,54;-0,04%
30/08/2012;112,65;0,10%
31/08/2012;114,57;1,70%
03/09/2012;115,78;1,06%
04/09/2012;114,18;-1,38%
05/09/2012;113,09;-0,95%
06/09/2012;113,49;0,35%
07/09/2012;114,25;0,67%
10/09/2012;114,81;0,49%
11/09/2012;115,4;0,51%
12/09/2012;115,96;0,49%
13/09/2012;116,9;0,81%
14/09/2012;116,66;-0,21%
17/09/2012;113,79;-2,46%
18/09/2012;112,03;-1,55%
19/09/2012;108,19;-3,43%
20/09/2012;110,03;1,70%
21/09/2012;111,42;1,26%
24/09/2012;109,81;-1,44%
25/09/2012;110,45;0,58%
26/09/2012;110,04;-0,37%
27/09/2012;112,01;1,79%
28/09/2012;112,39;0,34%
01/10/2012;112,19;-0,18%
02/10/2012;111,57;-0,55%
03/10/2012;108,17;-3,05%
04/10/2012;112,58;4,08%
05/10/2012;112,02;-0,50%
08/10/2012;111,82;-0,18%
09/10/2012;114,5;2,40%
10/10/2012;114,33;-0,15%
11/10/2012;115,71;1,21%
12/10/2012;114,62;-0,94%
15/10/2012;115,8;1,03%
16/10/2012;115,07;-0,63%
17/10/2012;113,22;-1,61%
18/10/2012;112,42;-0,71%
19/10/2012;110,14;-2,03%
22/10/2012;109,44;-0,64%
23/10/2012;108,25;-1,09%
24/10/2012;107,85;-0,37%
25/10/2012;108,49;0,59%
26/10/2012;109,55;0,98%
29/10/2012;109,44;-0,10%
30/10/2012;109,08;-0,33%
31/10/2012;108,7;-0,35%
01/11/2012;108,17;-0,49%
02/11/2012;105,68;-2,30%
05/11/2012;107,73;1,94%
06/11/2012;111,07;3,10%
07/11/2012;106,82;-3,83%
08/11/2012;107,25;0,40%
09/11/2012;109,4;2,00%
12/11/2012;109,07;-0,30%
13/11/2012;108,26;-0,74%
14/11/2012;109,61;1,25%
15/11/2012;110,98;1,25%
16/11/2012;108,95;-1,83%
19/11/2012;111,7;2,52%
20/11/2012;109,83;-1,67%
21/11/2012;110,86;0,94%
22/11/2012;110,55;-0,28%
23/11/2012;111,38;0,75%
26/11/2012;110,92;-0,41%
27/11/2012;109,87;-0,95%
28/11/2012;109,51;-0,33%
29/11/2012;110,76;1,14%
30/11/2012;111,23;0,42%
03/12/2012;110,92;-0,28%
04/12/2012;109,84;-0,97%
05/12/2012;108,81;-0,94%
06/12/2012;107,03;-1,64%
07/12/2012;107,02;-0,01%
10/12/2012;107,33;0,29%
11/12/2012;108,01;0,63%
12/12/2012;109,5;1,38%
13/12/2012;107,91;-1,45%
14/12/2012;109,15;1,15%
17/12/2012;107,64;-1,38%
18/12/2012;108,84;1,11%
19/12/2012;110,36;1,40%
20/12/2012;110,2;-0,14%
21/12/2012;108,97;-1,12%
24/12/2012;108,8;-0,16%
26/12/2012;111,07;2,09%
27/12/2012;110,8;-0,24%
28/12/2012;110,62;-0,16%
31/12/2012;111,11;0,44%
02/01/2013;112,47;1,22%
03/01/2013;112,14;-0,29%
04/01/2013;111,31;-0,74%
07/01/2013;111,4;0,08%
08/01/2013;111,94;0,48%
09/01/2013;111,76;-0,16%
10/01/2013;111,89;0,12%
11/01/2013;110,64;-1,12%
14/01/2013;111,88;1,12%
15/01/2013;110,3;-1,41%
16/01/2013;110,61;0,28%
17/01/2013;111,1;0,44%
18/01/2013;111,89;0,71%
21/01/2013;111,71;-0,16%
22/01/2013;112,42;0,64%
23/01/2013;112,8;0,34%
24/01/2013;113,28;0,43%
25/01/2013;113,28;0,00%
28/01/2013;113,48;0,18%
29/01/2013;114,36;0,78%
30/01/2013;114,9;0,47%
31/01/2013;115,55;0,57%
01/02/2013;116,76;1,05%
04/02/2013;115,6;-0,99%
05/02/2013;116,52;0,80%
06/02/2013;116,73;0,18%
07/02/2013;117,24;0,44%
08/02/2013;118,9;1,42%
11/02/2013;118,13;-0,65%
12/02/2013;118,66;0,45%
13/02/2013;118,72;0,05%
14/02/2013;118;-0,61%
15/02/2013;117,66;-0,29%
18/02/2013;117,38;-0,24%
19/02/2013;117,52;0,12%
20/02/2013;115,6;-1,63%
21/02/2013;113,53;-1,79%
22/02/2013;114,1;0,50%
25/02/2013;114,44;0,30%
26/02/2013;112,71;-1,51%
27/02/2013;111,87;-0,75%
28/02/2013;111,38;-0,44%
01/03/2013;110,4;-0,88%
04/03/2013;110,09;-0,28%
05/03/2013;111,61;1,38%
06/03/2013;111,06;-0,49%
07/03/2013;111,15;0,08%
08/03/2013;110,85;-0,27%
11/03/2013;110,22;-0,57%
12/03/2013;109,65;-0,52%
13/03/2013;108,52;-1,03%
14/03/2013;109,42;0,83%
15/03/2013;109,82;0,37%
18/03/2013;109,51;-0,28%
19/03/2013;107,45;-1,88%
20/03/2013;108,72;1,18%
21/03/2013;107,47;-1,15%
22/03/2013;107,66;0,18%
25/03/2013;108,17;0,47%
26/03/2013;109,36;1,10%
27/03/2013;109,69;0,30%
28/03/2013;110,02;0,30%
01/04/2013;111,08;0,96%
02/04/2013;110,69;-0,35%
03/04/2013;107,11;-3,23%
04/04/2013;106,34;-0,72%
05/04/2013;104,12;-2,09%
08/04/2013;104,66;0,52%
09/04/2013;106,23;1,50%
10/04/2013;105,79;-0,41%
11/04/2013;104,27;-1,44%
12/04/2013;103,11;-1,11%
15/04/2013;100,39;-2,64%
16/04/2013;99,91;-0,48%
17/04/2013;97,69;-2,22%
18/04/2013;99,13;1,47%
19/04/2013;99,65;0,52%
22/04/2013;100,39;0,74%
23/04/2013;100,31;-0,08%
24/04/2013;101,73;1,42%
25/04/2013;103,41;1,65%
26/04/2013;103,16;-0,24%
29/04/2013;103,81;0,63%
30/04/2013;102,37;-1,39%
01/05/2013;99,95;-2,36%
02/05/2013;102,85;2,90%
03/05/2013;104,19;1,30%
06/05/2013;105,46;1,22%
07/05/2013;104,4;-1,01%
08/05/2013;104,34;-0,06%
09/05/2013;104,47;0,12%
10/05/2013;103,91;-0,54%
13/05/2013;102,82;-1,05%
14/05/2013;102,6;-0,21%
15/05/2013;103,68;1,05%
16/05/2013;103,8;0,12%
17/05/2013;104,64;0,81%
20/05/2013;104,8;0,15%
21/05/2013;103,91;-0,85%
22/05/2013;102,6;-1,26%
23/05/2013;102,44;-0,16%
24/05/2013;102,64;0,20%
27/05/2013;102,62;-0,02%
28/05/2013;104,23;1,57%
29/05/2013;102,43;-1,73%
30/05/2013;102,19;-0,23%
31/05/2013;100,39;-1,76%
03/06/2013;102,06;1,66%
04/06/2013;103,24;1,16%
05/06/2013;103,04;-0,19%
06/06/2013;103,61;0,55%
07/06/2013;104,56;0,92%
10/06/2013;103,95;-0,58%
11/06/2013;102,96;-0,95%
12/06/2013;103,49;0,51%
13/06/2013;104,25;0,73%
14/06/2013;105,93;1,61%
17/06/2013;105,47;-0,43%
18/06/2013;106,02;0,52%
19/06/2013;106,12;0,09%
20/06/2013;102,15;-3,74%
21/06/2013;100,91;-1,21%
24/06/2013;101,16;0,25%
25/06/2013;101,26;0,10%
26/06/2013;101,66;0,40%
27/06/2013;102,82;1,14%
28/06/2013;102,16;-0,64%
01/07/2013;103;0,82%
02/07/2013;104;0,97%
03/07/2013;105,76;1,69%
04/07/2013;105,54;-0,21%
05/07/2013;107,72;2,07%
08/07/2013;107,43;-0,27%
09/07/2013;107,81;0,35%
10/07/2013;108,51;0,65%
11/07/2013;107,73;-0,72%
12/07/2013;108,81;1,00%
15/07/2013;109,09;0,26%
16/07/2013;109,4;0,28%
17/07/2013;108,61;-0,72%
18/07/2013;108,7;0,08%
19/07/2013;108,07;-0,58%
22/07/2013;108,15;0,07%
23/07/2013;108,42;0,25%
24/07/2013;107,19;-1,13%
25/07/2013;107,65;0,43%
26/07/2013;107,17;-0,45%
29/07/2013;107,45;0,26%
30/07/2013;106,91;-0,50%
31/07/2013;107,7;0,74%
01/08/2013;109,54;1,71%
02/08/2013;108,95;-0,54%
05/08/2013;108,7;-0,23%
06/08/2013;108,18;-0,48%
07/08/2013;107,44;-0,68%
08/08/2013;106,68;-0,71%
09/08/2013;108,22;1,44%
12/08/2013;108,97;0,69%
13/08/2013;109,82;0,78%
14/08/2013;110,2;0,35%
15/08/2013;111,11;0,83%
16/08/2013;110,4;-0,64%
19/08/2013;109,9;-0,45%
20/08/2013;110,15;0,23%
21/08/2013;109,81;-0,31%
22/08/2013;109,9;0,08%
23/08/2013;111,04;1,04%
26/08/2013;110,73;-0,28%
27/08/2013;114,36;3,28%
28/08/2013;116,61;1,97%
29/08/2013;115,16;-1,24%
30/08/2013;114,01;-1,00%
02/09/2013;114,33;0,28%
03/09/2013;115,68;1,18%
04/09/2013;114,91;-0,67%
05/09/2013;115,26;0,30%
06/09/2013;116,12;0,75%
09/09/2013;113,72;-2,07%
10/09/2013;111,25;-2,17%
11/09/2013;111,5;0,22%
12/09/2013;112,63;1,01%
13/09/2013;112,78;0,13%
16/09/2013;110,07;-2,40%
17/09/2013;108,19;-1,71%
18/09/2013;110,6;2,23%
19/09/2013;108,76;-1,66%
20/09/2013;109,22;0,42%
23/09/2013;108,16;-0,97%
24/09/2013;108,64;0,44%
25/09/2013;108,32;-0,29%
26/09/2013;109,21;0,82%
27/09/2013;108,63;-0,53%
30/09/2013;108,37;-0,24%
01/10/2013;107,94;-0,40%
02/10/2013;109,19;1,16%
03/10/2013;109;-0,17%
04/10/2013;109,46;0,42%
07/10/2013;109,68;0,20%
08/10/2013;110,16;0,44%
09/10/2013;109,06;-1,00%
10/10/2013;111,8;2,51%
11/10/2013;111,28;-0,47%
14/10/2013;111,04;-0,22%
15/10/2013;109,96;-0,97%
16/10/2013;110,86;0,82%
17/10/2013;109,11;-1,58%
18/10/2013;109,94;0,76%
21/10/2013;109,64;-0,27%
22/10/2013;109,97;0,30%
23/10/2013;107,8;-1,97%
24/10/2013;106,99;-0,75%
25/10/2013;106,93;-0,06%
28/10/2013;109,61;2,51%
29/10/2013;109,01;-0,55%
30/10/2013;109,86;0,78%
31/10/2013;108,84;-0,93%
01/11/2013;105,91;-2,69%
04/11/2013;106,23;0,30%
05/11/2013;105,33;-0,85%
06/11/2013;105,24;-0,09%
07/11/2013;103,46;-1,69%
08/11/2013;105,12;1,60%
11/11/2013;106,4;1,22%
12/11/2013;105,81;-0,55%
13/11/2013;107,12;1,24%
14/11/2013;108,54;1,33%
15/11/2013;108,5;-0,04%
18/11/2013;108,47;-0,03%
19/11/2013;106,92;-1,43%
20/11/2013;108,06;1,07%
21/11/2013;110,08;1,87%
22/11/2013;111,05;0,88%
25/11/2013;111;-0,05%
26/11/2013;110,88;-0,11%
27/11/2013;111,31;0,39%
28/11/2013;110,86;-0,40%
29/11/2013;109,69;-1,06%
02/12/2013;111,45;1,60%
03/12/2013;112,62;1,05%
04/12/2013;111,88;-0,66%
05/12/2013;110,98;-0,80%
06/12/2013;111,61;0,57%
09/12/2013;109,39;-1,99%
10/12/2013;109,38;-0,01%
11/12/2013;109,7;0,29%
12/12/2013;108,67;-0,94%
13/12/2013;108,83;0,15%
16/12/2013;110,47;1,51%
17/12/2013;108,44;-1,84%
18/12/2013;109,63;1,10%
19/12/2013;110,29;0,60%
20/12/2013;111,77;1,34%
23/12/2013;111,56;-0,19%
24/12/2013;111,9;0,30%
26/12/2013;111,98;0,07%
27/12/2013;112,18;0,18%
30/12/2013;111,21;-0,86%
31/12/2013;110,8;-0,37%
01/01/2014;110,92;0,11%
02/01/2014;107,78;-2,83%
03/01/2014;106,89;-0,83%
06/01/2014;106,73;-0,15%
07/01/2014;107,35;0,58%
08/01/2014;107,15;-0,19%
09/01/2014;106,39;-0,71%
10/01/2014;107,25;0,81%
13/01/2014;106,75;-0,47%
14/01/2014;106,39;-0,34%
15/01/2014;107,13;0,70%
16/01/2014;107,09;-0,04%
17/01/2014;106,48;-0,57%
20/01/2014;106,35;-0,12%
21/01/2014;106,73;0,36%
22/01/2014;108,27;1,44%
23/01/2014;107,58;-0,64%
24/01/2014;107,88;0,28%
27/01/2014;106,69;-1,10%
28/01/2014;107,41;0,67%
29/01/2014;107,85;0,41%
30/01/2014;107,95;0,09%
31/01/2014;106,4;-1,44%
03/02/2014;106,04;-0,34%
04/02/2014;105,78;-0,25%
05/02/2014;106,25;0,44%
06/02/2014;107,19;0,88%
07/02/2014;109,57;2,22%
10/02/2014;108,63;-0,86%
11/02/2014;108,68;0,05%
12/02/2014;108,79;0,10%
13/02/2014;108,73;-0,06%
14/02/2014;109,08;0,32%
17/02/2014;109,18;0,09%
18/02/2014;110,46;1,17%
19/02/2014;110,47;0,01%
20/02/2014;110,3;-0,15%
21/02/2014;109,85;-0,41%
24/02/2014;110,64;0,72%
25/02/2014;109,51;-1,02%
26/02/2014;109,52;0,01%
27/02/2014;108,96;-0,51%
28/02/2014;109,07;0,10%
03/03/2014;111,2;1,95%
04/03/2014;109,3;-1,71%
05/03/2014;107,76;-1,41%
06/03/2014;108,1;0,32%
07/03/2014;109;0,83%
10/03/2014;108,08;-0,84%
11/03/2014;108,55;0,43%
12/03/2014;108,02;-0,49%
13/03/2014;107,39;-0,58%
14/03/2014;108,57;1,10%
17/03/2014;106,24;-2,15%
18/03/2014;106,79;0,52%
19/03/2014;105,85;-0,88%
20/03/2014;106,45;0,57%
21/03/2014;106,92;0,44%
24/03/2014;106,81;-0,10%
25/03/2014;106,99;0,17%
26/03/2014;107,03;0,04%
27/03/2014;107,83;0,75%
28/03/2014;108,07;0,22%
31/03/2014;107,76;-0,29%
01/04/2014;105,62;-1,99%
02/04/2014;104,79;-0,79%
03/04/2014;106,15;1,30%
04/04/2014;106,72;0,54%
07/04/2014;105,82;-0,84%
08/04/2014;107,67;1,75%
09/04/2014;107,98;0,29%
10/04/2014;107,46;-0,48%
11/04/2014;107,33;-0,12%
14/04/2014;109,07;1,62%
15/04/2014;108,74;-0,30%
16/04/2014;109,6;0,79%
17/04/2014;109,53;-0,06%
21/04/2014;109,95;0,38%
22/04/2014;109,27;-0,62%
23/04/2014;109,11;-0,15%
24/04/2014;110,33;1,12%
25/04/2014;109,58;-0,68%
28/04/2014;108,12;-1,33%
29/04/2014;108,98;0,80%
30/04/2014;108,07;-0,84%
01/05/2014;107,76;-0,29%
02/05/2014;108,59;0,77%
05/05/2014;107,72;-0,80%
06/05/2014;107,06;-0,61%
07/05/2014;108,13;1,00%
08/05/2014;108,04;-0,08%
09/05/2014;107,89;-0,14%
12/05/2014;108,41;0,48%
13/05/2014;109,24;0,77%
14/05/2014;110,19;0,87%
15/05/2014;110,44;0,23%
16/05/2014;109,75;-0,62%
19/05/2014;109,37;-0,35%
20/05/2014;109,69;0,29%
21/05/2014;110,55;0,78%
22/05/2014;110,36;-0,17%
23/05/2014;110,54;0,16%
26/05/2014;110,32;-0,20%
27/05/2014;110,02;-0,27%
28/05/2014;109,81;-0,19%
29/05/2014;109,97;0,15%
30/05/2014;109,41;-0,51%
02/06/2014;108,83;-0,53%
03/06/2014;108,82;-0,01%
04/06/2014;108,4;-0,39%
05/06/2014;108,79;0,36%
06/06/2014;108,61;-0,17%
09/06/2014;109,99;1,27%
10/06/2014;109,52;-0,43%
11/06/2014;109,95;0,39%
12/06/2014;113,02;2,79%
13/06/2014;113,41;0,35%
16/06/2014;112,94;-0,41%
17/06/2014;113,45;0,45%
18/06/2014;114,26;0,71%
19/06/2014;115,06;0,70%
20/06/2014;114,81;-0,22%
23/06/2014;114,12;-0,60%
24/06/2014;114,46;0,30%
25/06/2014;114;-0,40%
26/06/2014;113,21;-0,69%
27/06/2014;113,3;0,08%
30/06/2014;112,36;-0,83%
01/07/2014;112,29;-0,06%
02/07/2014;111,24;-0,94%
03/07/2014;111;-0,22%
04/07/2014;110,64;-0,32%
07/07/2014;110,24;-0,36%
08/07/2014;108,94;-1,18%
09/07/2014;108,28;-0,61%
10/07/2014;108,67;0,36%
11/07/2014;106,66;-1,85%
14/07/2014;106,98;0,30%
15/07/2014;106,02;-0,90%
16/07/2014;105,85;-0,16%
17/07/2014;107,89;1,93%
18/07/2014;107,24;-0,60%
21/07/2014;107,68;0,41%
22/07/2014;107,33;-0,33%
23/07/2014;108,03;0,65%
24/07/2014;107,07;-0,89%
25/07/2014;108,39;1,23%
28/07/2014;107,57;-0,76%
29/07/2014;107,72;0,14%
30/07/2014;106,51;-1,12%
31/07/2014;106,02;-0,46%
01/08/2014;104,84;-1,11%
04/08/2014;105,41;0,54%
05/08/2014;104,61;-0,76%
06/08/2014;104,59;-0,02%
07/08/2014;105,44;0,81%
08/08/2014;105,02;-0,40%
11/08/2014;104,68;-0,32%
12/08/2014;103,02;-1,59%
13/08/2014;104,28;1,22%
14/08/2014;102,01;-2,18%
15/08/2014;103,53;1,49%
18/08/2014;101,6;-1,86%
19/08/2014;101,56;-0,04%
20/08/2014;102,28;0,71%
21/08/2014;102,63;0,34%
22/08/2014;102,29;-0,33%
25/08/2014;102,65;0,35%
26/08/2014;102,5;-0,15%
27/08/2014;102,72;0,21%
28/08/2014;102,46;-0,25%
29/08/2014;103,19;0,71%
01/09/2014;102,79;-0,39%
02/09/2014;100,34;-2,38%
03/09/2014;102,77;2,42%
04/09/2014;101,83;-0,91%
05/09/2014;100,82;-0,99%
08/09/2014;100,2;-0,61%
09/09/2014;99,16;-1,04%
10/09/2014;98,04;-1,13%
11/09/2014;98,08;0,04%
12/09/2014;97,11;-0,99%
15/09/2014;96,65;-0,47%
16/09/2014;99,05;2,48%
17/09/2014;98,97;-0,08%
18/09/2014;97,7;-1,28%
19/09/2014;98,39;0,71%
22/09/2014;96,97;-1,44%
23/09/2014;96,85;-0,12%
24/09/2014;96,95;0,10%
25/09/2014;97;0,05%
26/09/2014;97;0,00%
29/09/2014;97,2;0,21%
30/09/2014;94,67;-2,60%
01/10/2014;94,16;-0,54%
02/10/2014;93,42;-0,79%
03/10/2014;92,31;-1,19%
06/10/2014;92,79;0,52%
07/10/2014;92,11;-0,73%
08/10/2014;91,38;-0,79%
09/10/2014;90,05;-1,46%
10/10/2014;90,21;0,18%
13/10/2014;88,89;-1,46%
14/10/2014;85,04;-4,33%
15/10/2014;83,78;-1,48%
16/10/2014;84,47;0,82%
17/10/2014;86,16;2,00%
20/10/2014;85,4;-0,88%
21/10/2014;86,22;0,96%
22/10/2014;84,71;-1,75%
23/10/2014;86,83;2,50%
24/10/2014;86,13;-0,81%
27/10/2014;85,83;-0,35%
28/10/2014;86,03;0,23%
29/10/2014;87,12;1,27%
30/10/2014;86,24;-1,01%
31/10/2014;85,86;-0,44%
03/11/2014;84,78;-1,26%
04/11/2014;82,82;-2,31%
05/11/2014;82,95;0,16%
06/11/2014;82,86;-0,11%
07/11/2014;83,39;0,64%
10/11/2014;82,34;-1,26%
11/11/2014;81,67;-0,81%
12/11/2014;80,38;-1,58%
13/11/2014;77,92;-3,06%
14/11/2014;79,41;1,91%
17/11/2014;79,31;-0,13%
18/11/2014;78,47;-1,06%
19/11/2014;78,1;-0,47%
20/11/2014;79,33;1,57%
21/11/2014;80,36;1,30%
24/11/2014;79,68;-0,85%
25/11/2014;78,33;-1,69%
26/11/2014;77,75;-0,74%
27/11/2014;72,58;-6,65%
28/11/2014;70,15;-3,35%
01/12/2014;72,54;3,41%
02/12/2014;70,54;-2,76%
03/12/2014;69,92;-0,88%
04/12/2014;69,64;-0,40%
05/12/2014;69,07;-0,82%
08/12/2014;66,19;-4,17%
09/12/2014;66,84;0,98%
10/12/2014;64,24;-3,89%
11/12/2014;63,68;-0,87%
12/12/2014;61,85;-2,87%
15/12/2014;61,06;-1,28%
16/12/2014;59,86;-1,97%
17/12/2014;61,18;2,21%
18/12/2014;59,27;-3,12%
19/12/2014;61,38;3,56%
22/12/2014;60,11;-2,07%
23/12/2014;61,69;2,63%
24/12/2014;60,24;-2,35%
26/12/2014;59,45;-1,31%
29/12/2014;57,88;-2,64%
30/12/2014;57,9;0,03%
31/12/2014;57,33;-0,98%
02/01/2015;56,42;-1,59%
05/01/2015;53,11;-5,87%
06/01/2015;51,1;-3,78%
07/01/2015;51,15;0,10%
08/01/2015;50,96;-0,37%
09/01/2015;50,11;-1,67%
12/01/2015;47,43;-5,35%
13/01/2015;46,59;-1,77%
14/01/2015;48,69;4,51%
15/01/2015;47,67;-2,09%
16/01/2015;50,17;5,24%
19/01/2015;48,84;-2,65%
20/01/2015;47,99;-1,74%
21/01/2015;49,03;2,17%
22/01/2015;48,52;-1,04%
23/01/2015;48,79;0,56%
26/01/2015;48,16;-1,29%
27/01/2015;49,6;2,99%
28/01/2015;48,47;-2,28%
29/01/2015;49,13;1,36%
30/01/2015;52,99;7,86%
02/02/2015;54,75;3,32%
03/02/2015;57,91;5,77%
04/02/2015;54,16;-6,48%
05/02/2015;56,57;4,45%
06/02/2015;57,8;2,17%
09/02/2015;58,34;0,93%
10/02/2015;56,43;-3,27%
11/02/2015;54,66;-3,14%
12/02/2015;57,05;4,37%
13/02/2015;61,52;7,84%
16/02/2015;61,4;-0,20%
17/02/2015;62,53;1,84%
18/02/2015;60,53;-3,20%
19/02/2015;60,21;-0,53%
20/02/2015;60,22;0,02%
23/02/2015;58,9;-2,19%
24/02/2015;58,66;-0,41%
25/02/2015;61,63;5,06%
26/02/2015;60,05;-2,56%
27/02/2015;62,58;4,21%
02/03/2015;59,54;-4,86%
03/03/2015;61,02;2,49%
04/03/2015;60,55;-0,77%
05/03/2015;60,48;-0,12%
06/03/2015;59,73;-1,24%
09/03/2015;58,53;-2,01%
10/03/2015;56,39;-3,66%
11/03/2015;57,54;2,04%
12/03/2015;57,08;-0,80%
13/03/2015;54,67;-4,22%
16/03/2015;53,44;-2,25%
17/03/2015;53,51;0,13%
18/03/2015;55,91;4,49%
19/03/2015;54,43;-2,65%
20/03/2015;55,32;1,64%
23/03/2015;55,92;1,08%
24/03/2015;55,11;-1,45%
25/03/2015;56,48;2,49%
26/03/2015;59,19;4,80%
27/03/2015;56,41;-4,70%
30/03/2015;56,29;-0,21%
31/03/2015;55,11;-2,10%
01/04/2015;57,1;3,61%
02/04/2015;54,95;-3,77%
06/04/2015;58,12;5,77%
07/04/2015;59,1;1,69%
08/04/2015;55,55;-6,01%
09/04/2015;56,57;1,84%
10/04/2015;57,87;2,30%
13/04/2015;57,93;0,10%
14/04/2015;58,43;0,86%
15/04/2015;60,32;3,23%
16/04/2015;63,98;6,07%
17/04/2015;63,45;-0,83%
20/04/2015;63,45;0,00%
21/04/2015;62,08;-2,16%
22/04/2015;62,73;1,05%
23/04/2015;64,85;3,38%
24/04/2015;65,28;0,66%
27/04/2015;64,83;-0,69%
28/04/2015;64,64;-0,29%
29/04/2015;65,84;1,86%
30/04/2015;66,78;1,43%
01/05/2015;66,46;-0,48%
04/05/2015;66,45;-0,02%
05/05/2015;67,52;1,61%
06/05/2015;67,77;0,37%
07/05/2015;65,54;-3,29%
08/05/2015;65,39;-0,23%
11/05/2015;64,91;-0,73%
12/05/2015;66,86;3,00%
13/05/2015;66,81;-0,07%
14/05/2015;66,59;-0,33%
15/05/2015;66,81;0,33%
18/05/2015;66,27;-0,81%
19/05/2015;64,02;-3,40%
20/05/2015;65,03;1,58%
21/05/2015;66,54;2,32%
22/05/2015;65,37;-1,76%
25/05/2015;65,52;0,23%
26/05/2015;63,72;-2,75%
27/05/2015;62,06;-2,61%
28/05/2015;62,58;0,84%
29/05/2015;65,56;4,76%
01/06/2015;64,88;-1,04%
02/06/2015;65,49;0,94%
03/06/2015;63,8;-2,58%
04/06/2015;62,03;-2,77%
05/06/2015;63,31;2,06%
08/06/2015;62,69;-0,98%
09/06/2015;64,88;3,49%
10/06/2015;65,7;1,26%
11/06/2015;65,11;-0,90%
12/06/2015;63,87;-1,90%
15/06/2015;62,61;-1,97%
16/06/2015;63,7;1,74%
17/06/2015;63,87;0,27%
18/06/2015;64,26;0,61%
19/06/2015;63,02;-1,93%
22/06/2015;63,34;0,51%
23/06/2015;64,45;1,75%
24/06/2015;63,49;-1,49%
25/06/2015;63,2;-0,46%
26/06/2015;63,26;0,09%
29/06/2015;62,01;-1,98%
30/06/2015;63,59;2,55%
01/07/2015;62,01;-2,48%
02/07/2015;62,07;0,10%
03/07/2015;60,32;-2,82%
06/07/2015;56,54;-6,27%
07/07/2015;56,85;0,55%
08/07/2015;57,05;0,35%
09/07/2015;58,61;2,73%
10/07/2015;58,73;0,20%
13/07/2015;57,85;-1,50%
14/07/2015;58,51;1,14%
15/07/2015;57,05;-2,50%
16/07/2015;57,51;0,81%
17/07/2015;57,1;-0,71%
20/07/2015;56,65;-0,79%
21/07/2015;57,04;0,69%
22/07/2015;56,13;-1,60%
23/07/2015;55,27;-1,53%
24/07/2015;54,62;-1,18%
27/07/2015;53,47;-2,11%
28/07/2015;53,3;-0,32%
29/07/2015;53,38;0,15%
30/07/2015;53,31;-0,13%
31/07/2015;52,21;-2,06%
03/08/2015;49,52;-5,15%
04/08/2015;49,99;0,95%
05/08/2015;49,59;-0,80%
06/08/2015;49,52;-0,14%
07/08/2015;48,61;-1,84%
10/08/2015;50,41;3,70%
11/08/2015;49,18;-2,44%
12/08/2015;49,66;0,98%
13/08/2015;49,22;-0,89%
14/08/2015;49,03;-0,39%
17/08/2015;48,74;-0,59%
18/08/2015;48,81;0,14%
19/08/2015;47,16;-3,38%
20/08/2015;46,62;-1,15%
21/08/2015;45,46;-2,49%
24/08/2015;42,69;-6,09%
25/08/2015;43,21;1,22%
26/08/2015;43,14;-0,16%
27/08/2015;47,56;10,25%
28/08/2015;50,05;5,24%
31/08/2015;54,15;8,19%
01/09/2015;49,56;-8,48%
02/09/2015;50,5;1,90%
03/09/2015;50,68;0,36%
04/09/2015;49,61;-2,11%
07/09/2015;47,63;-3,99%
08/09/2015;49,52;3,97%
09/09/2015;47,58;-3,92%
10/09/2015;48,89;2,75%
11/09/2015;48,14;-1,53%
14/09/2015;46,37;-3,68%
15/09/2015;46,63;0,56%
16/09/2015;49,75;6,69%
17/09/2015;49,08;-1,35%
18/09/2015;47,47;-3,28%
21/09/2015;48,92;3,05%
22/09/2015;49,08;0,33%
23/09/2015;47,75;-2,71%
24/09/2015;48,17;0,88%
25/09/2015;48,6;0,89%
28/09/2015;47,34;-2,59%
29/09/2015;48,23;1,88%
30/09/2015;48,37;0,29%
01/10/2015;47,69;-1,41%
02/10/2015;48,13;0,92%
05/10/2015;49,25;2,33%
06/10/2015;51,92;5,42%
07/10/2015;51,33;-1,14%
08/10/2015;53,05;3,35%
09/10/2015;52,65;-0,75%
12/10/2015;49,86;-5,30%
13/10/2015;49,24;-1,24%
14/10/2015;49,15;-0,18%
15/10/2015;48,71;-0,90%
16/10/2015;50,46;3,59%
19/10/2015;48,61;-3,67%
20/10/2015;48,71;0,21%
21/10/2015;47,85;-1,77%
22/10/2015;48,08;0,48%
23/10/2015;47,99;-0,19%
26/10/2015;47,54;-0,94%
27/10/2015;46,81;-1,54%
28/10/2015;49,05;4,79%
29/10/2015;48,8;-0,51%
30/10/2015;49,56;1,56%
02/11/2015;48,79;-1,55%
03/11/2015;50,54;3,59%
04/11/2015;48,58;-3,88%
05/11/2015;47,98;-1,24%
06/11/2015;47,42;-1,17%
09/11/2015;47,19;-0,49%
10/11/2015;47,44;0,53%
11/11/2015;45,81;-3,44%
12/11/2015;44,06;-3,82%
13/11/2015;43,61;-1,02%
16/11/2015;44,56;2,18%
17/11/2015;43,57;-2,22%
18/11/2015;44,14;1,31%
19/11/2015;44,18;0,09%
20/11/2015;44,66;1,09%
23/11/2015;44,83;0,38%
24/11/2015;46,12;2,88%
25/11/2015;46,17;0,11%
26/11/2015;45,46;-1,54%
27/11/2015;44,86;-1,32%
30/11/2015;44,61;-0,56%
01/12/2015;44,44;-0,38%
02/12/2015;42,49;-4,39%
03/12/2015;43,84;3,18%
04/12/2015;43;-1,92%
07/12/2015;40,73;-5,28%
08/12/2015;40,26;-1,15%
09/12/2015;40,11;-0,37%
10/12/2015;39,73;-0,95%
11/12/2015;37,93;-4,53%
14/12/2015;37,92;-0,03%
15/12/2015;38,45;1,40%
16/12/2015;37,19;-3,28%
17/12/2015;37,06;-0,35%
18/12/2015;36,88;-0,49%
21/12/2015;36,35;-1,44%
22/12/2015;36,11;-0,66%
23/12/2015;37,36;3,46%
24/12/2015;37,89;1,42%
28/12/2015;36,62;-3,35%
29/12/2015;37,79;3,19%
30/12/2015;36,46;-3,52%
31/12/2015;37,28;2,25%
04/01/2016;37,22;-0,16%
05/01/2016;36,42;-2,15%
06/01/2016;34,23;-6,01%
07/01/2016;33,75;-1,40%
08/01/2016;33,55;-0,59%
11/01/2016;31,55;-5,96%
12/01/2016;30,86;-2,19%
13/01/2016;30,31;-1,78%
14/01/2016;31,03;2,38%
15/01/2016;28,94;-6,74%
18/01/2016;28,55;-1,35%
19/01/2016;28,76;0,74%
20/01/2016;27,88;-3,06%
21/01/2016;29,25;4,91%
22/01/2016;32,18;10,02%
25/01/2016;30,5;-5,22%
26/01/2016;31,8;4,26%
27/01/2016;33,1;4,09%
28/01/2016;33,89;2,39%
29/01/2016;34,74;2,51%
01/02/2016;34,24;-1,44%
02/02/2016;32,72;-4,44%
03/02/2016;35,04;7,09%
04/02/2016;34,46;-1,66%
05/02/2016;34,06;-1,16%
08/02/2016;32,88;-3,46%
09/02/2016;30,32;-7,79%
10/02/2016;30,84;1,72%
11/02/2016;30,06;-2,53%
12/02/2016;33,36;10,98%
15/02/2016;33,39;0,09%
16/02/2016;32,18;-3,62%
17/02/2016;34,5;7,21%
18/02/2016;34,28;-0,64%
19/02/2016;33,01;-3,70%
22/02/2016;34,69;5,09%
23/02/2016;33,27;-4,09%
24/02/2016;34,41;3,43%
25/02/2016;35,29;2,56%
26/02/2016;35,1;-0,54%
29/02/2016;35,97;2,48%
01/03/2016;36,81;2,34%
02/03/2016;36,93;0,33%
03/03/2016;37,07;0,38%
04/03/2016;38,72;4,45%
07/03/2016;40,84;5,48%
08/03/2016;39,65;-2,91%
09/03/2016;41,07;3,58%
10/03/2016;40,05;-2,48%
11/03/2016;40,39;0,85%
14/03/2016;39,53;-2,13%
15/03/2016;38,74;-2,00%
16/03/2016;40,33;4,10%
17/03/2016;41,54;3,00%
18/03/2016;41,2;-0,82%
21/03/2016;41,54;0,83%
22/03/2016;41,79;0,60%
23/03/2016;40,47;-3,16%
24/03/2016;40,44;-0,07%
28/03/2016;40,27;-0,42%
29/03/2016;39,14;-2,81%
30/03/2016;39,26;0,31%
31/03/2016;39,6;0,87%
01/04/2016;38,67;-2,35%
04/04/2016;37,69;-2,53%
05/04/2016;37,87;0,48%
06/04/2016;39,84;5,20%
07/04/2016;39,43;-1,03%
08/04/2016;41,94;6,37%
11/04/2016;42,83;2,12%
12/04/2016;44,69;4,34%
13/04/2016;44,18;-1,14%
14/04/2016;43,84;-0,77%
15/04/2016;43,1;-1,69%
18/04/2016;42,91;-0,44%
19/04/2016;44,03;2,61%
20/04/2016;45,8;4,02%
21/04/2016;44,53;-2,77%
22/04/2016;45,11;1,30%
25/04/2016;44,48;-1,40%
26/04/2016;45,74;2,83%
27/04/2016;47,18;3,15%
28/04/2016;48,14;2,03%
29/04/2016;48,13;-0,02%
02/05/2016;45,83;-4,78%
03/05/2016;44,97;-1,88%
04/05/2016;44,62;-0,78%
05/05/2016;45,01;0,87%
06/05/2016;45,37;0,80%
09/05/2016;43,63;-3,84%
10/05/2016;45,52;4,33%
11/05/2016;47,6;4,57%
12/05/2016;48,08;1,01%
13/05/2016;47,83;-0,52%
16/05/2016;48,97;2,38%
17/05/2016;49,28;0,63%
18/05/2016;48,93;-0,71%
19/05/2016;48,81;-0,25%
20/05/2016;48,72;-0,18%
23/05/2016;48,35;-0,76%
24/05/2016;48,61;0,54%
25/05/2016;49,74;2,32%
26/05/2016;49,59;-0,30%
27/05/2016;49,32;-0,54%
30/05/2016;49,76;0,89%
31/05/2016;49,69;-0,14%
01/06/2016;49,72;0,06%
02/06/2016;50,04;0,64%
03/06/2016;49,64;-0,80%
06/06/2016;50,55;1,83%
07/06/2016;51,44;1,76%
08/06/2016;52,51;2,08%
09/06/2016;51,95;-1,07%
10/06/2016;50,54;-2,71%
13/06/2016;50,35;-0,38%
14/06/2016;49,83;-1,03%
15/06/2016;48,97;-1,73%
16/06/2016;47,19;-3,63%
17/06/2016;49,17;4,20%
20/06/2016;50,65;3,01%
21/06/2016;50,62;-0,06%
22/06/2016;49,88;-1,46%
23/06/2016;50,91;2,06%
24/06/2016;48,41;-4,91%
27/06/2016;47,16;-2,58%
28/06/2016;48,58;3,01%
29/06/2016;50,61;4,18%
30/06/2016;49,68;-1,84%
01/07/2016;50,35;1,35%
04/07/2016;50,1;-0,50%
05/07/2016;47,96;-4,27%
06/07/2016;48,8;1,75%
07/07/2016;46,4;-4,92%
08/07/2016;46,76;0,78%
11/07/2016;46,25;-1,09%
12/07/2016;48,47;4,80%
13/07/2016;46,26;-4,56%
14/07/2016;47,37;2,40%
15/07/2016;47,61;0,51%
18/07/2016;46,96;-1,37%
19/07/2016;46,66;-0,64%
20/07/2016;47,17;1,09%
21/07/2016;46,2;-2,06%
22/07/2016;45,69;-1,10%
25/07/2016;44,72;-2,12%
26/07/2016;44,87;0,34%
27/07/2016;43,47;-3,12%
28/07/2016;42,7;-1,77%
29/07/2016;42,46;-0,56%
01/08/2016;42,14;-0,75%
02/08/2016;41,8;-0,81%
03/08/2016;43,1;3,11%
04/08/2016;44,29;2,76%
05/08/2016;44,27;-0,05%
08/08/2016;45,39;2,53%
09/08/2016;44,98;-0,90%
10/08/2016;44,05;-2,07%
11/08/2016;46,04;4,52%
12/08/2016;46,97;2,02%
15/08/2016;48,35;2,94%
16/08/2016;49,23;1,82%
17/08/2016;49,85;1,26%
18/08/2016;50,89;2,09%
19/08/2016;50,88;-0,02%
22/08/2016;49,16;-3,38%
23/08/2016;49,96;1,63%
24/08/2016;49,05;-1,82%
25/08/2016;49,67;1,26%
26/08/2016;49,92;0,50%
29/08/2016;49,26;-1,32%
30/08/2016;48,37;-1,81%
31/08/2016;47,04;-2,75%
01/09/2016;45,45;-3,38%
02/09/2016;46,83;3,04%
05/09/2016;47,63;1,71%
06/09/2016;47,26;-0,78%
07/09/2016;47,98;1,52%
08/09/2016;49,99;4,19%
09/09/2016;48,01;-3,96%
12/09/2016;48,32;0,65%
13/09/2016;47,1;-2,52%
14/09/2016;45,85;-2,65%
15/09/2016;46,59;1,61%
16/09/2016;45,77;-1,76%
19/09/2016;45,95;0,39%
20/09/2016;45,88;-0,15%
21/09/2016;46,83;2,07%
22/09/2016;47,65;1,75%
23/09/2016;45,89;-3,69%
26/09/2016;47,35;3,18%
27/09/2016;45,97;-2,91%
28/09/2016;48,69;5,92%
29/09/2016;49,24;1,13%
30/09/2016;49,06;-0,37%
03/10/2016;50,89;3,73%
04/10/2016;50,87;-0,04%
05/10/2016;51,86;1,95%
06/10/2016;52,51;1,25%
07/10/2016;51,93;-1,10%
10/10/2016;53,14;2,33%
11/10/2016;52,41;-1,37%
12/10/2016;51,81;-1,14%
13/10/2016;52,03;0,42%
14/10/2016;51,95;-0,15%
17/10/2016;51,52;-0,83%
18/10/2016;51,68;0,31%
19/10/2016;52,67;1,92%
20/10/2016;51,38;-2,45%
21/10/2016;51,78;0,78%
24/10/2016;51,46;-0,62%
25/10/2016;50,79;-1,30%
26/10/2016;49,98;-1,59%
27/10/2016;50,47;0,98%
28/10/2016;49,71;-1,51%
31/10/2016;48,3;-2,84%
01/11/2016;48,14;-0,33%
02/11/2016;46,86;-2,66%
03/11/2016;46,35;-1,09%
04/11/2016;45,58;-1,66%
07/11/2016;46,15;1,25%
08/11/2016;46,04;-0,24%
09/11/2016;46,36;0,70%
10/11/2016;45,84;-1,12%
11/11/2016;44,75;-2,38%
14/11/2016;44,43;-0,72%
15/11/2016;46,95;5,67%
16/11/2016;46,63;-0,68%
17/11/2016;46,49;-0,30%
18/11/2016;46,86;0,80%
21/11/2016;48,9;4,35%
22/11/2016;49,12;0,45%
23/11/2016;48,95;-0,35%
24/11/2016;49;0,10%
25/11/2016;47,24;-3,59%
28/11/2016;48,24;2,12%
29/11/2016;46,38;-3,86%
30/11/2016;50,47;8,82%
01/12/2016;53,94;6,88%
02/12/2016;54,46;0,96%
05/12/2016;54,94;0,88%
06/12/2016;53,93;-1,84%
07/12/2016;53;-1,72%
08/12/2016;53,89;1,68%
09/12/2016;54,33;0,82%
12/12/2016;55,69;2,50%
13/12/2016;55,72;0,05%
14/12/2016;53,9;-3,27%
15/12/2016;54,02;0,22%
16/12/2016;55,21;2,20%
19/12/2016;54,92;-0,53%
20/12/2016;55,35;0,78%
21/12/2016;54,46;-1,61%
22/12/2016;55,05;1,08%
23/12/2016;55,16;0,20%
27/12/2016;56,09;1,69%
28/12/2016;56,22;0,23%
29/12/2016;56,14;-0,14%
30/12/2016;56,82;1,21%
02/01/2017;56,82;0,00%
03/01/2017;55,47;-2,38%
04/01/2017;56,46;1,78%
05/01/2017;56,89;0,76%
06/01/2017;57,1;0,37%
09/01/2017;54,94;-3,78%
10/01/2017;53,64;-2,37%
11/01/2017;55,1;2,72%
12/01/2017;56,01;1,65%
13/01/2017;55,45;-1,00%
16/01/2017;55,86;0,74%
17/01/2017;55,47;-0,70%
18/01/2017;53,92;-2,79%
19/01/2017;54,16;0,45%
20/01/2017;55,49;2,46%
23/01/2017;55,23;-0,47%
24/01/2017;55,44;0,38%
25/01/2017;55,08;-0,65%
26/01/2017;56,24;2,11%
27/01/2017;55,52;-1,28%
30/01/2017;55,23;-0,52%
31/01/2017;55,7;0,85%
01/02/2017;56,8;1,97%
02/02/2017;56,56;-0,42%
03/02/2017;56,81;0,44%
06/02/2017;55,72;-1,92%
07/02/2017;55,05;-1,20%
08/02/2017;55,12;0,13%
09/02/2017;55,63;0,93%
10/02/2017;56,7;1,92%
13/02/2017;55,59;-1,96%
14/02/2017;55,97;0,68%
15/02/2017;55,75;-0,39%
16/02/2017;55,65;-0,18%
17/02/2017;55,81;0,29%
20/02/2017;56,18;0,66%
21/02/2017;56,66;0,85%
22/02/2017;55,84;-1,45%
23/02/2017;56,58;1,33%
24/02/2017;55,99;-1,04%
27/02/2017;55,93;-0,11%
28/02/2017;55,59;-0,61%
01/03/2017;56,36;1,39%
02/03/2017;55,08;-2,27%
03/03/2017;55,9;1,49%
06/03/2017;56,01;0,20%
07/03/2017;55,92;-0,16%
08/03/2017;53,11;-5,03%
09/03/2017;52,19;-1,73%
10/03/2017;51,37;-1,57%
13/03/2017;51,35;-0,04%
14/03/2017;50,92;-0,84%
15/03/2017;51,81;1,75%
16/03/2017;51,74;-0,14%
17/03/2017;51,76;0,04%
20/03/2017;51,62;-0,27%
21/03/2017;50,96;-1,28%
22/03/2017;50,64;-0,63%
23/03/2017;50,56;-0,16%
24/03/2017;50,8;0,47%
27/03/2017;50,75;-0,10%
28/03/2017;51,33;1,14%
29/03/2017;52,42;2,12%
30/03/2017;52,96;1,03%
31/03/2017;52,83;-0,25%
03/04/2017;53,12;0,55%
04/04/2017;54,17;1,98%
05/04/2017;54,36;0,35%
06/04/2017;54,89;0,97%
07/04/2017;55,24;0,64%
10/04/2017;55,98;1,34%
11/04/2017;56,23;0,45%
12/04/2017;55,86;-0,66%
13/04/2017;55,89;0,05%
17/04/2017;55,36;-0,95%
18/04/2017;54,89;-0,85%
19/04/2017;52,93;-3,57%
20/04/2017;52,99;0,11%
21/04/2017;51,96;-1,94%
24/04/2017;51,6;-0,69%
25/04/2017;52,1;0,97%
26/04/2017;51,82;-0,54%
27/04/2017;51,44;-0,73%
28/04/2017;51,73;0,56%
01/05/2017;51,52;-0,41%
02/05/2017;50,46;-2,06%
03/05/2017;50,79;0,65%
04/05/2017;48,38;-4,75%
05/05/2017;49,1;1,49%
08/05/2017;49,34;0,49%
09/05/2017;48,73;-1,24%
10/05/2017;50,22;3,06%
11/05/2017;50,77;1,10%
12/05/2017;50,84;0,14%
15/05/2017;51,82;1,93%
16/05/2017;51,65;-0,33%
17/05/2017;52,21;1,08%
18/05/2017;52,51;0,57%
19/05/2017;53,61;2,09%
22/05/2017;53,87;0,48%
23/05/2017;54,15;0,52%
24/05/2017;53,96;-0,35%
25/05/2017;51,46;-4,63%
26/05/2017;52,15;1,34%
29/05/2017;52,29;0,27%
30/05/2017;51,84;-0,86%
31/05/2017;50,31;-2,95%
01/06/2017;50,63;0,64%
02/06/2017;49,95;-1,34%
05/06/2017;49,47;-0,96%
06/06/2017;50,12;1,31%
07/06/2017;48,06;-4,11%
08/06/2017;47,86;-0,42%
09/06/2017;48,15;0,61%
12/06/2017;48,29;0,29%
13/06/2017;48,72;0,89%
14/06/2017;47;-3,53%
15/06/2017;46,92;-0,17%
16/06/2017;47,37;0,96%
19/06/2017;47,13;-0,51%
20/06/2017;46,25;-1,87%
21/06/2017;45,05;-2,59%
22/06/2017;45,41;0,80%
23/06/2017;45,75;0,75%
26/06/2017;46,04;0,63%
27/06/2017;46,92;1,91%
28/06/2017;47,54;1,32%
29/06/2017;47,63;0,19%
30/06/2017;48,77;2,39%
03/07/2017;49,99;2,50%
04/07/2017;49,9;-0,18%
05/07/2017;48,07;-3,67%
06/07/2017;48,39;0,67%
07/07/2017;46,98;-2,91%
10/07/2017;47,17;0,40%
11/07/2017;47,81;1,36%
12/07/2017;48,03;0,46%
13/07/2017;48,68;1,35%
14/07/2017;49,17;1,01%
17/07/2017;48,68;-1,00%
18/07/2017;49,08;0,82%
19/07/2017;49,93;1,73%
20/07/2017;49,52;-0,82%
21/07/2017;48,31;-2,44%
24/07/2017;48,82;1,06%
25/07/2017;50,36;3,15%
26/07/2017;51,1;1,47%
27/07/2017;51,52;0,82%
28/07/2017;52,22;1,36%
31/07/2017;52,72;0,96%
01/08/2017;51,94;-1,48%
02/08/2017;52,44;0,96%
03/08/2017;52,02;-0,80%
04/08/2017;52,46;0,85%
07/08/2017;52,42;-0,08%
08/08/2017;52,19;-0,44%
09/08/2017;52,65;0,88%
10/08/2017;51,78;-1,65%
11/08/2017;51,94;0,31%
14/08/2017;50,63;-2,52%
15/08/2017;50,63;0,00%
16/08/2017;50,1;-1,05%
17/08/2017;50,75;1,30%
18/08/2017;52,41;3,27%
21/08/2017;51,28;-2,16%
22/08/2017;51,58;0,59%
23/08/2017;52,24;1,28%
24/08/2017;51,66;-1,11%
25/08/2017;51,98;0,62%
28/08/2017;51,42;-1,08%
29/08/2017;51,66;0,47%
30/08/2017;50,73;-1,80%
31/08/2017;52,86;4,20%
01/09/2017;52,79;-0,13%
04/09/2017;52,37;-0,80%
05/09/2017;53,36;1,89%
06/09/2017;54,07;1,33%
07/09/2017;54,33;0,48%
08/09/2017;53,58;-1,38%
11/09/2017;53,69;0,21%
12/09/2017;54,03;0,63%
13/09/2017;54,89;1,59%
14/09/2017;55,22;0,60%
15/09/2017;55,42;0,36%
18/09/2017;55,25;-0,31%
19/09/2017;54,9;-0,63%
20/09/2017;55,93;1,88%
21/09/2017;56,09;0,29%
22/09/2017;56,42;0,59%
25/09/2017;58,43;3,56%
26/09/2017;57,92;-0,87%
27/09/2017;57,57;-0,60%
28/09/2017;57,16;-0,71%
29/09/2017;56,79;-0,65%
02/10/2017;55,89;-1,58%
03/10/2017;55,78;-0,20%
04/10/2017;55,6;-0,32%
05/10/2017;56,71;2,00%
06/10/2017;55,62;-1,92%
09/10/2017;55,79;0,31%
10/10/2017;56,61;1,47%
11/10/2017;56,94;0,58%
12/10/2017;56,25;-1,21%
13/10/2017;57,17;1,64%
16/10/2017;57,82;1,14%
17/10/2017;57,88;0,10%
18/10/2017;58,15;0,47%
19/10/2017;57,23;-1,58%
20/10/2017;57,75;0,91%
23/10/2017;57,37;-0,66%
24/10/2017;58,33;1,67%
25/10/2017;58,44;0,19%
26/10/2017;59,3;1,47%
27/10/2017;60,44;1,92%
30/10/2017;60,9;0,76%
31/10/2017;61,37;0,77%
01/11/2017;60,49;-1,43%
02/11/2017;60,62;0,21%
03/11/2017;62,07;2,39%
06/11/2017;64,27;3,54%
07/11/2017;63,69;-0,90%
08/11/2017;63,49;-0,31%
09/11/2017;63,93;0,69%
10/11/2017;63,52;-0,64%
13/11/2017;63,16;-0,57%
14/11/2017;62,21;-1,50%
15/11/2017;61,87;-0,55%
16/11/2017;61,36;-0,82%
17/11/2017;62,72;2,22%
20/11/2017;62,22;-0,80%
21/11/2017;62,57;0,56%
22/11/2017;63,32;1,20%
23/11/2017;63,55;0,36%
24/11/2017;63,86;0,49%
27/11/2017;63,84;-0,03%
28/11/2017;63,61;-0,36%
29/11/2017;63,11;-0,79%
30/11/2017;63,57;0,73%
01/12/2017;63,73;0,25%
04/12/2017;62,45;-2,01%
05/12/2017;62,86;0,66%
06/12/2017;61,22;-2,61%
07/12/2017;62,2;1,60%
08/12/2017;63,4;1,93%
11/12/2017;64,69;2,03%
12/12/2017;63,34;-2,09%
13/12/2017;62,44;-1,42%
14/12/2017;63,31;1,39%
15/12/2017;63,23;-0,13%
18/12/2017;63,41;0,28%
19/12/2017;63,8;0,62%
20/12/2017;64,56;1,19%
21/12/2017;64,9;0,53%
22/12/2017;65,25;0,54%
26/12/2017;67,02;2,71%
27/12/2017;66,44;-0,87%
28/12/2017;66,72;0,42%
29/12/2017;66,87;0,22%
02/01/2018;66,57;-0,45%
03/01/2018;67,84;1,91%
04/01/2018;68,07;0,34%
05/01/2018;67,62;-0,66%
08/01/2018;67,78;0,24%
09/01/2018;68,82;1,53%
10/01/2018;69,2;0,55%
11/01/2018;69,26;0,09%
12/01/2018;69,87;0,88%
15/01/2018;70,26;0,56%
16/01/2018;69,15;-1,58%
17/01/2018;69,38;0,33%
18/01/2018;69,31;-0,10%
19/01/2018;68,61;-1,01%
22/01/2018;69,03;0,61%
23/01/2018;69,96;1,35%
24/01/2018;70,53;0,81%
25/01/2018;70,42;-0,16%
26/01/2018;70,52;0,14%
29/01/2018;69,46;-1,50%
30/01/2018;69,02;-0,63%
31/01/2018;69,05;0,04%
01/02/2018;69,65;0,87%
02/02/2018;68,58;-1,54%
05/02/2018;67,62;-1,40%
06/02/2018;66,86;-1,12%
07/02/2018;65,51;-2,02%
08/02/2018;64,81;-1,07%
09/02/2018;62,79;-3,12%
12/02/2018;62,59;-0,32%
13/02/2018;62,72;0,21%
14/02/2018;64,36;2,61%
15/02/2018;64,33;-0,05%
16/02/2018;64,84;0,79%
19/02/2018;65,67;1,28%
20/02/2018;65,25;-0,64%
21/02/2018;65,42;0,26%
22/02/2018;66,39;1,48%
23/02/2018;67,31;1,39%
26/02/2018;67,5;0,28%
27/02/2018;66,63;-1,29%
28/02/2018;65,78;-1,28%
01/03/2018;63,83;-2,96%
02/03/2018;64,37;0,85%
05/03/2018;65,54;1,82%
06/03/2018;65,79;0,38%
07/03/2018;64,34;-2,20%
08/03/2018;63,61;-1,13%
09/03/2018;65,49;2,96%
12/03/2018;64,95;-0,82%
13/03/2018;64,64;-0,48%
14/03/2018;64,89;0,39%
15/03/2018;65,12;0,35%
16/03/2018;66,21;1,67%
19/03/2018;66,05;-0,24%
20/03/2018;67,42;2,07%
21/03/2018;69,47;3,04%
22/03/2018;68,91;-0,81%
23/03/2018;70,45;2,23%
26/03/2018;70,12;-0,47%
27/03/2018;70,11;-0,01%
28/03/2018;69,53;-0,83%
29/03/2018;70,27;1,06%
02/04/2018;67,64;-3,74%
03/04/2018;68,12;0,71%
04/04/2018;68,02;-0,15%
05/04/2018;68,33;0,46%
06/04/2018;67,11;-1,79%
09/04/2018;68,65;2,29%
10/04/2018;71,04;3,48%
11/04/2018;72,06;1,44%
12/04/2018;72,02;-0,06%
13/04/2018;72,58;0,78%
16/04/2018;71,42;-1,60%
17/04/2018;71,58;0,22%
18/04/2018;73,48;2,65%
19/04/2018;73,78;0,41%
20/04/2018;74,06;0,38%
23/04/2018;74,71;0,88%
24/04/2018;73,86;-1,14%
25/04/2018;74;0,19%
26/04/2018;74,74;1,00%
27/04/2018;74,64;-0,13%
30/04/2018;75,17;0,71%
01/05/2018;73,13;-2,71%
02/05/2018;73,36;0,31%
03/05/2018;73,62;0,35%
04/05/2018;74,87;1,70%
07/05/2018;76,17;1,74%
08/05/2018;74,85;-1,73%
09/05/2018;77,21;3,15%
10/05/2018;77,47;0,34%
11/05/2018;77,12;-0,45%
14/05/2018;78,23;1,44%
15/05/2018;78,43;0,26%
16/05/2018;79,28;1,08%
17/05/2018;79,3;0,03%
18/05/2018;78,51;-1,00%
21/05/2018;79,22;0,90%
22/05/2018;79,57;0,44%
23/05/2018;79,8;0,29%
24/05/2018;78,79;-1,27%
25/05/2018;76,44;-2,98%
28/05/2018;75,3;-1,49%
29/05/2018;75,39;0,12%
30/05/2018;77,5;2,80%
31/05/2018;77,59;0,12%
01/06/2018;76,79;-1,03%
04/06/2018;75,29;-1,95%
05/06/2018;75,38;0,12%
06/06/2018;75,36;-0,03%
07/06/2018;77,32;2,60%
08/06/2018;76,46;-1,11%
11/06/2018;76,46;0,00%
12/06/2018;75,88;-0,76%
13/06/2018;76,74;1,13%
14/06/2018;75,94;-1,04%
15/06/2018;73,44;-3,29%
18/06/2018;75,34;2,59%
19/06/2018;75,08;-0,35%
20/06/2018;74,74;-0,45%
21/06/2018;73,05;-2,26%
22/06/2018;75,55;3,42%
25/06/2018;74,73;-1,09%
26/06/2018;76,31;2,11%
27/06/2018;77,62;1,72%
28/06/2018;77,85;0,30%
29/06/2018;79,44;2,04%
02/07/2018;77,3;-2,69%
03/07/2018;77,76;0,60%
04/07/2018;78,24;0,62%
05/07/2018;77,39;-1,09%
06/07/2018;77,11;-0,36%
09/07/2018;78,07;1,24%
10/07/2018;78,86;1,01%
11/07/2018;73,4;-6,92%
12/07/2018;74,45;1,43%
13/07/2018;75,33;1,18%
16/07/2018;71,84;-4,63%
17/07/2018;72,16;0,45%
18/07/2018;72,9;1,03%
19/07/2018;72,58;-0,44%
20/07/2018;73,07;0,68%
23/07/2018;73,06;-0,01%
24/07/2018;73,44;0,52%
25/07/2018;73,93;0,67%
26/07/2018;74,54;0,83%
27/07/2018;74,29;-0,34%
30/07/2018;74,97;0,92%
31/07/2018;74,25;-0,96%
01/08/2018;72,39;-2,51%
02/08/2018;73,45;1,46%
03/08/2018;73,21;-0,33%
06/08/2018;73,75;0,74%
07/08/2018;74,65;1,22%
08/08/2018;72,28;-3,17%
09/08/2018;72,07;-0,29%
10/08/2018;72,81;1,03%
13/08/2018;72,61;-0,27%
14/08/2018;72,46;-0,21%
15/08/2018;70,76;-2,35%
16/08/2018;71,43;0,95%
17/08/2018;71,83;0,56%
20/08/2018;72,21;0,53%
21/08/2018;72,63;0,58%
22/08/2018;74,78;2,96%
23/08/2018;74,73;-0,07%
24/08/2018;75,82;1,46%
27/08/2018;76,21;0,51%
28/08/2018;75,95;-0,34%
29/08/2018;77,14;1,57%
30/08/2018;77,77;0,82%
31/08/2018;77,42;-0,45%
03/09/2018;78,15;0,94%
04/09/2018;78,17;0,03%
05/09/2018;77,27;-1,15%
06/09/2018;76,5;-1,00%
07/09/2018;76,83;0,43%
10/09/2018;77,37;0,70%
11/09/2018;79,06;2,18%
12/09/2018;79,74;0,86%
13/09/2018;78,18;-1,96%
14/09/2018;78,09;-0,12%
17/09/2018;78,05;-0,05%
18/09/2018;79,03;1,26%
19/09/2018;79,4;0,47%
20/09/2018;78,7;-0,88%
21/09/2018;78,8;0,13%
24/09/2018;81,2;3,05%
25/09/2018;81,87;0,83%
26/09/2018;81,34;-0,65%
27/09/2018;81,72;0,47%
28/09/2018;82,72;1,22%
01/10/2018;84,98;2,73%
02/10/2018;84,8;-0,21%
03/10/2018;86,29;1,76%
04/10/2018;84,58;-1,98%
05/10/2018;84,16;-0,50%
08/10/2018;83,91;-0,30%
09/10/2018;85;1,30%
10/10/2018;83,09;-2,25%
11/10/2018;80,26;-3,41%
12/10/2018;80,43;0,21%
15/10/2018;80,78;0,44%
16/10/2018;81,41;0,78%
17/10/2018;80,05;-1,67%
18/10/2018;79,29;-0,95%
19/10/2018;79,78;0,62%
22/10/2018;79,83;0,06%
23/10/2018;76,44;-4,25%
24/10/2018;76,17;-0,35%
25/10/2018;76,89;0,95%
26/10/2018;77,62;0,95%
29/10/2018;77,34;-0,36%
30/10/2018;75,91;-1,85%
31/10/2018;75,47;-0,58%
01/11/2018;72,89;-3,42%
02/11/2018;72,83;-0,08%
05/11/2018;73,17;0,47%
06/11/2018;72,13;-1,42%
07/11/2018;72,07;-0,08%
08/11/2018;70,65;-1,97%
09/11/2018;70,18;-0,67%
12/11/2018;70,12;-0,09%
13/11/2018;65,47;-6,63%
14/11/2018;66,12;0,99%
15/11/2018;66,62;0,76%
16/11/2018;66,76;0,21%
19/11/2018;66,79;0,04%
20/11/2018;62,53;-6,38%
21/11/2018;63,48;1,52%
22/11/2018;62,6;-1,39%
23/11/2018;58,8;-6,07%
26/11/2018;60,48;2,86%
27/11/2018;60,21;-0,45%
28/11/2018;58,76;-2,41%
29/11/2018;59,51;1,28%
30/11/2018;58,71;-1,34%
03/12/2018;61,69;5,08%
04/12/2018;62,08;0,63%
05/12/2018;61,56;-0,84%
06/12/2018;60,06;-2,44%
07/12/2018;61,67;2,68%
10/12/2018;59,97;-2,76%
11/12/2018;60,2;0,38%
12/12/2018;60,15;-0,08%
13/12/2018;61,45;2,16%
14/12/2018;60,28;-1,90%
17/12/2018;59,61;-1,11%
18/12/2018;56,26;-5,62%
19/12/2018;57,24;1,74%
20/12/2018;54,35;-5,05%
21/12/2018;53,82;-0,98%
24/12/2018;50,47;-6,22%
26/12/2018;54,47;7,93%
27/12/2018;52,16;-4,24%
28/12/2018;52,2;0,08%
31/12/2018;53,8;3,07%
02/01/2019;54,91;2,06%
03/01/2019;55,95;1,89%
04/01/2019;57,06;1,98%
07/01/2019;57,33;0,47%
08/01/2019;58,72;2,42%
09/01/2019;61,44;4,63%
10/01/2019;61,68;0,39%
11/01/2019;60,48;-1,95%
14/01/2019;58,99;-2,46%
15/01/2019;60,64;2,80%
16/01/2019;61,32;1,12%
17/01/2019;61,18;-0,23%
18/01/2019;62,7;2,48%
21/01/2019;62,74;0,06%
22/01/2019;61,5;-1,98%
23/01/2019;61,14;-0,59%
24/01/2019;61,09;-0,08%
25/01/2019;61,64;0,90%
28/01/2019;59,93;-2,77%
29/01/2019;61,32;2,32%
30/01/2019;61,65;0,54%
31/01/2019;61,89;0,39%
01/02/2019;62,75;1,39%
04/02/2019;62,51;-0,38%
05/02/2019;61,98;-0,85%
06/02/2019;62,69;1,15%
07/02/2019;61,63;-1,69%
08/02/2019;62,1;0,76%
11/02/2019;61,51;-0,95%
12/02/2019;62,42;1,48%
13/02/2019;63,61;1,91%
14/02/2019;64,57;1,51%
15/02/2019;66,25;2,60%
18/02/2019;66,5;0,38%
19/02/2019;66,45;-0,08%
20/02/2019;67,08;0,95%
21/02/2019;67,07;-0,01%
22/02/2019;67,12;0,07%
25/02/2019;64,76;-3,52%
26/02/2019;65,21;0,69%
27/02/2019;66,39;1,81%
28/02/2019;66,03;-0,54%
01/03/2019;65,07;-1,45%
04/03/2019;65,67;0,92%
05/03/2019;65,86;0,29%
06/03/2019;65,99;0,20%
07/03/2019;66,3;0,47%
08/03/2019;65,74;-0,84%
11/03/2019;66,58;1,28%
12/03/2019;66,67;0,14%
13/03/2019;67,55;1,32%
14/03/2019;67,23;-0,47%
15/03/2019;67,16;-0,10%
18/03/2019;67,54;0,57%
19/03/2019;67,61;0,10%
20/03/2019;68,5;1,32%
21/03/2019;67,86;-0,93%
22/03/2019;67,03;-1,22%
25/03/2019;67,21;0,27%
26/03/2019;67,97;1,13%
27/03/2019;67,83;-0,21%
28/03/2019;67,82;-0,01%
29/03/2019;68,39;0,84%
01/04/2019;69,01;0,91%
02/04/2019;69,37;0,52%
03/04/2019;69,31;-0,09%
04/04/2019;69,4;0,13%
05/04/2019;70,34;1,35%
08/04/2019;71,1;1,08%
09/04/2019;70,61;-0,69%
10/04/2019;71,73;1,59%
11/04/2019;70,83;-1,25%
12/04/2019;71,55;1,02%
15/04/2019;71,18;-0,52%
16/04/2019;71,72;0,76%
17/04/2019;71,62;-0,14%
18/04/2019;71,97;0,49%
22/04/2019;74,04;2,88%
23/04/2019;74,51;0,63%
24/04/2019;74,57;0,08%
25/04/2019;74,35;-0,30%
26/04/2019;72,15;-2,96%
29/04/2019;72,04;-0,15%
30/04/2019;72,8;1,05%
01/05/2019;72,18;-0,85%
02/05/2019;70,75;-1,98%
03/05/2019;70,85;0,14%
06/05/2019;71,24;0,55%
07/05/2019;69,88;-1,91%
08/05/2019;70,37;0,70%
09/05/2019;70,39;0,03%
10/05/2019;70,62;0,33%
13/05/2019;70,23;-0,55%
14/05/2019;71,24;1,44%
15/05/2019;71,77;0,74%
16/05/2019;72,62;1,18%
17/05/2019;72,21;-0,56%
20/05/2019;71,97;-0,33%
21/05/2019;72,18;0,29%
22/05/2019;70,99;-1,65%
23/05/2019;67,76;-4,55%
24/05/2019;68,69;1,37%
27/05/2019;70,11;2,07%
28/05/2019;70,11;0,00%
29/05/2019;69,45;-0,94%
30/05/2019;66,87;-3,71%
31/05/2019;64,49;-3,56%
03/06/2019;61,28;-4,98%
04/06/2019;61,97;1,13%
05/06/2019;60,63;-2,16%
06/06/2019;61,67;1,72%
07/06/2019;63,29;2,63%
10/06/2019;62,29;-1,58%
11/06/2019;62,29;0,00%
12/06/2019;59,97;-3,72%
13/06/2019;61,31;2,23%
14/06/2019;62,01;1,14%
17/06/2019;60,94;-1,73%
18/06/2019;62,14;1,97%
19/06/2019;61,82;-0,51%
20/06/2019;64,45;4,25%
21/06/2019;65,2;1,16%
24/06/2019;64,86;-0,52%
25/06/2019;65,05;0,29%
26/06/2019;66,49;2,21%
27/06/2019;66,55;0,09%
28/06/2019;66,55;0,00%
01/07/2019;65,06;-2,24%
02/07/2019;62,4;-4,09%
03/07/2019;63,82;2,28%
04/07/2019;63,3;-0,81%
05/07/2019;64,23;1,47%
08/07/2019;64,11;-0,19%
09/07/2019;64,16;0,08%
10/07/2019;67,01;4,44%
11/07/2019;66,52;-0,73%
12/07/2019;66,72;0,30%
15/07/2019;66,48;-0,36%
16/07/2019;64,35;-3,20%
17/07/2019;63,66;-1,07%
18/07/2019;61,93;-2,72%
19/07/2019;62,47;0,87%
22/07/2019;63,26;1,26%
23/07/2019;63,83;0,90%
24/07/2019;63,18;-1,02%
25/07/2019;63,39;0,33%
26/07/2019;63,46;0,11%
29/07/2019;63,71;0,39%
30/07/2019;64,72;1,59%
31/07/2019;65,17;0,70%
01/08/2019;60,5;-7,17%
02/08/2019;61,89;2,30%
05/08/2019;59,81;-3,36%
06/08/2019;58,94;-1,45%
07/08/2019;56,23;-4,60%
08/08/2019;57,38;2,05%
09/08/2019;58,53;2,00%
12/08/2019;58,57;0,07%
13/08/2019;61,3;4,66%
14/08/2019;59,48;-2,97%
15/08/2019;58,23;-2,10%
16/08/2019;58,64;0,70%
19/08/2019;59,74;1,88%
20/08/2019;60,03;0,49%
21/08/2019;60,3;0,45%
22/08/2019;59,92;-0,63%
23/08/2019;59,34;-0,97%
26/08/2019;58,7;-1,08%
27/08/2019;59,51;1,38%
28/08/2019;60,49;1,65%
29/08/2019;61,08;0,98%
30/08/2019;60,43;-1,06%
02/09/2019;58,66;-2,93%
03/09/2019;58,26;-0,68%
04/09/2019;60,7;4,19%
05/09/2019;60,95;0,41%
06/09/2019;61,54;0,97%
09/09/2019;62,59;1,71%
10/09/2019;62,38;-0,34%
11/09/2019;60,81;-2,52%
12/09/2019;60,38;-0,71%
13/09/2019;60,22;-0,26%
16/09/2019;69,02;14,61%
17/09/2019;64,55;-6,48%
18/09/2019;63,6;-1,47%
19/09/2019;64,4;1,26%
20/09/2019;64,28;-0,19%
23/09/2019;64,77;0,76%
24/09/2019;63,1;-2,58%
25/09/2019;62,39;-1,13%
26/09/2019;62,74;0,56%
27/09/2019;61,91;-1,32%
30/09/2019;60,78;-1,83%
01/10/2019;58,89;-3,11%
02/10/2019;57,69;-2,04%
03/10/2019;57,71;0,03%
04/10/2019;58,37;1,14%
07/10/2019;58,35;-0,03%
08/10/2019;58,24;-0,19%
09/10/2019;58,32;0,14%
10/10/2019;59,1;1,34%
11/10/2019;60,51;2,39%
14/10/2019;59,35;-1,92%
15/10/2019;58,74;-1,03%
16/10/2019;59,42;1,16%
17/10/2019;59,91;0,82%
18/10/2019;59,42;-0,82%
21/10/2019;58,96;-0,77%
22/10/2019;59,7;1,26%
23/10/2019;61,17;2,46%
24/10/2019;61,67;0,82%
25/10/2019;62,02;0,57%
28/10/2019;61,57;-0,73%
29/10/2019;61,59;0,03%
30/10/2019;60,61;-1,59%
31/10/2019;60,23;-0,63%
01/11/2019;61,69;2,42%
04/11/2019;62,13;0,71%
05/11/2019;62,96;1,34%
06/11/2019;61,74;-1,94%
07/11/2019;62,29;0,89%
08/11/2019;62,51;0,35%
11/11/2019;62,18;-0,53%
12/11/2019;62,06;-0,19%
13/11/2019;62,37;0,50%
14/11/2019;62,28;-0,14%
15/11/2019;63,3;1,64%
18/11/2019;62,44;-1,36%
19/11/2019;60,91;-2,45%
20/11/2019;62,4;2,45%
21/11/2019;63,97;2,52%
22/11/2019;63,39;-0,91%
25/11/2019;63,65;0,41%
26/11/2019;64,27;0,97%
27/11/2019;64,06;-0,33%
28/11/2019;63,87;-0,30%
29/11/2019;62,43;-2,25%
02/12/2019;60,92;-2,42%
03/12/2019;60,82;-0,16%
04/12/2019;63;3,58%
05/12/2019;63,39;0,62%
06/12/2019;64,39;1,58%
09/12/2019;64,25;-0,22%
10/12/2019;64,34;0,14%
11/12/2019;63,72;-0,96%
12/12/2019;64,2;0,75%
13/12/2019;65,22;1,59%
16/12/2019;65,34;0,18%
17/12/2019;66,1;1,16%
18/12/2019;66,17;0,11%
19/12/2019;66,54;0,56%
20/12/2019;66,14;-0,60%
23/12/2019;66,39;0,38%
24/12/2019;67,2;1,22%
26/12/2019;67,92;1,07%
27/12/2019;68,16;0,35%
30/12/2019;68,44;0,41%
31/12/2019;66;-3,57%
02/01/2020;66,25;0,38%
03/01/2020;68,6;3,55%
06/01/2020;68,91;0,45%
07/01/2020;68,27;-0,93%
08/01/2020;65,44;-4,15%
09/01/2020;65,37;-0,11%
10/01/2020;64,98;-0,60%
13/01/2020;64,2;-1,20%
14/01/2020;64,49;0,45%
15/01/2020;64;-0,76%
16/01/2020;64,62;0,97%
17/01/2020;64,85;0,36%
20/01/2020;65,2;0,54%
21/01/2020;64,59;-0,94%
22/01/2020;63,21;-2,14%
23/01/2020;62,04;-1,85%
24/01/2020;60,69;-2,18%
27/01/2020;59,32;-2,26%
28/01/2020;59,51;0,32%
29/01/2020;59,81;0,50%
30/01/2020;58,29;-2,54%
31/01/2020;58,16;-0,22%
03/02/2020;54,45;-6,38%
04/02/2020;53,96;-0,90%
05/02/2020;55,28;2,45%
06/02/2020;54,93;-0,63%
07/02/2020;54,47;-0,84%
10/02/2020;53,27;-2,20%
11/02/2020;54,01;1,39%
12/02/2020;55,79;3,30%
13/02/2020;56,34;0,99%
14/02/2020;57,32;1,74%
17/02/2020;57,67;0,61%
18/02/2020;57,75;0,14%
19/02/2020;59,12;2,37%
20/02/2020;59,31;0,32%
21/02/2020;58,5;-1,37%
24/02/2020;56,3;-3,76%
25/02/2020;54,95;-2,40%
26/02/2020;53,43;-2,77%
27/02/2020;52,18;-2,34%
28/02/2020;50,52;-3,18%
02/03/2020;51,9;2,73%
03/03/2020;51,86;-0,08%
04/03/2020;51,13;-1,41%
05/03/2020;49,99;-2,23%
06/03/2020;45,27;-9,44%
09/03/2020;34,36;-24,10%
10/03/2020;37,22;8,32%
11/03/2020;35,79;-3,84%
12/03/2020;33,22;-7,18%
13/03/2020;33,85;1,90%
16/03/2020;30,05;-11,23%
17/03/2020;28,73;-4,39%
18/03/2020;24,88;-13,40%
19/03/2020;28,47;14,43%
20/03/2020;26,98;-5,23%
23/03/2020;27,03;0,19%
24/03/2020;27,15;0,44%
25/03/2020;27,39;0,88%
26/03/2020;26,34;-3,83%
27/03/2020;24,93;-5,35%
30/03/2020;22,76;-8,70%
31/03/2020;22,74;-0,09%
01/04/2020;24,74;8,80%
02/04/2020;29,94;21,02%
03/04/2020;34,11;13,93%
06/04/2020;33,05;-3,11%
07/04/2020;31,87;-3,57%
08/04/2020;32,84;3,04%
09/04/2020;31,48;-4,14%
13/04/2020;31,74;0,83%
14/04/2020;29,6;-6,74%
15/04/2020;27,69;-6,45%
16/04/2020;27,82;0,47%
17/04/2020;28,08;0,93%
20/04/2020;25,57;-8,94%
21/04/2020;19,33;-24,40%
22/04/2020;20,37;5,38%
23/04/2020;21,33;4,71%
24/04/2020;21,44;0,52%
27/04/2020;19,99;-6,76%
28/04/2020;20,46;2,35%
29/04/2020;22,54;10,17%
30/04/2020;25,27;12,11%
01/05/2020;26,44;4,63%
04/05/2020;27,2;2,87%
05/05/2020;30,97;13,86%
06/05/2020;29,72;-4,04%
07/05/2020;29,46;-0,87%
08/05/2020;30,97;5,13%
11/05/2020;29,63;-4,33%
12/05/2020;29,98;1,18%
13/05/2020;29,19;-2,64%
14/05/2020;31,13;6,65%
15/05/2020;32,5;4,40%
18/05/2020;34,81;7,11%
19/05/2020;34,65;-0,46%
20/05/2020;35,75;3,17%
21/05/2020;36,06;0,87%
22/05/2020;35,13;-2,58%
25/05/2020;35,53;1,14%
26/05/2020;36,17;1,80%
27/05/2020;34,74;-3,95%
28/05/2020;35,29;1,58%
29/05/2020;35,33;0,11%
01/06/2020;38,32;8,46%
02/06/2020;39,57;3,26%
03/06/2020;39,79;0,56%
04/06/2020;39,99;0,50%
05/06/2020;42,3;5,78%
08/06/2020;40,8;-3,55%
09/06/2020;41,18;0,93%
10/06/2020;41,73;1,34%
11/06/2020;38,55;-7,62%
12/06/2020;38,73;0,47%
15/06/2020;39,72;2,56%
16/06/2020;40,96;3,12%
17/06/2020;40,71;-0,61%
18/06/2020;41,51;1,97%
19/06/2020;42,19;1,64%
22/06/2020;43,08;2,11%
23/06/2020;42,63;-1,04%
24/06/2020;40,31;-5,44%
25/06/2020;41,05;1,84%
26/06/2020;41,02;-0,07%
29/06/2020;41,71;1,68%
30/06/2020;41,15;-1,34%
01/07/2020;42,03;2,14%
02/07/2020;43,14;2,64%
03/07/2020;42,8;-0,79%
06/07/2020;43,1;0,70%
07/07/2020;43,08;-0,05%
08/07/2020;43,29;0,49%
09/07/2020;42,35;-2,17%
10/07/2020;43,24;2,10%
13/07/2020;42,72;-1,20%
14/07/2020;42,9;0,42%
15/07/2020;43,79;2,07%
16/07/2020;43,37;-0,96%
17/07/2020;43,14;-0,53%
20/07/2020;43,28;0,32%
21/07/2020;44,32;2,40%
22/07/2020;44,29;-0,07%
23/07/2020;43,31;-2,21%
24/07/2020;43,34;0,07%
27/07/2020;43,41;0,16%
28/07/2020;43,22;-0,44%
29/07/2020;43,75;1,23%
30/07/2020;42,94;-1,85%
31/07/2020;43,3;0,84%
03/08/2020;44,15;1,96%
04/08/2020;44,43;0,63%
05/08/2020;45,17;1,67%
06/08/2020;45,09;-0,18%
07/08/2020;44,4;-1,53%
10/08/2020;44,99;1,33%
11/08/2020;44,5;-1,09%
12/08/2020;45,43;2,09%
13/08/2020;44,96;-1,03%
14/08/2020;44,8;-0,36%
17/08/2020;45,37;1,27%
18/08/2020;45,46;0,20%
19/08/2020;45,37;-0,20%
20/08/2020;44,9;-1,04%
21/08/2020;44,35;-1,22%
24/08/2020;45,13;1,76%
25/08/2020;45,86;1,62%
26/08/2020;45,64;-0,48%
27/08/2020;45,09;-1,21%
28/08/2020;45,05;-0,09%
31/08/2020;45,28;0,51%
01/09/2020;45,58;0,66%
02/09/2020;44,43;-2,52%
03/09/2020;44,07;-0,81%
04/09/2020;42,66;-3,20%
07/09/2020;42,01;-1,52%
08/09/2020;39,78;-5,31%
09/09/2020;40,79;2,54%
10/09/2020;40,06;-1,79%
11/09/2020;39,83;-0,57%
14/09/2020;39,61;-0,55%
15/09/2020;40,53;2,32%
16/09/2020;42,22;4,17%
17/09/2020;43,3;2,56%
18/09/2020;43,15;-0,35%
21/09/2020;41,44;-3,96%
22/09/2020;41,72;0,68%
23/09/2020;41,77;0,12%
24/09/2020;41,94;0,41%
25/09/2020;41,92;-0,05%
28/09/2020;42,43;1,22%
29/09/2020;41,03;-3,30%
30/09/2020;40,95;-0,19%
01/10/2020;40,93;-0,05%
02/10/2020;39,27;-4,06%
05/10/2020;41,29;5,14%
06/10/2020;42,65;3,29%
07/10/2020;41,99;-1,55%
08/10/2020;43,34;3,22%
09/10/2020;42,85;-1,13%
12/10/2020;41,72;-2,64%
13/10/2020;42,45;1,75%
14/10/2020;43,32;2,05%
15/10/2020;43,16;-0,37%
16/10/2020;42,93;-0,53%
19/10/2020;42,62;-0,72%
20/10/2020;43,16;1,27%
21/10/2020;41,73;-3,31%
22/10/2020;42,46;1,75%
23/10/2020;41,77;-1,63%
26/10/2020;40,46;-3,14%
27/10/2020;41,2;1,83%
28/10/2020;39,12;-5,05%
29/10/2020;37,65;-3,76%
30/10/2020;37,46;-0,50%
02/11/2020;38,97;4,03%
03/11/2020;39,71;1,90%
04/11/2020;41,23;3,83%
05/11/2020;40,93;-0,73%
06/11/2020;39,45;-3,62%
09/11/2020;42,4;7,48%
10/11/2020;43,61;2,85%
11/11/2020;43,8;0,44%
12/11/2020;43,53;-0,62%
13/11/2020;42,78;-1,72%
16/11/2020;43,82;2,43%
17/11/2020;43,75;-0,16%
18/11/2020;44,34;1,35%
19/11/2020;44,2;-0,32%
20/11/2020;44,96;1,72%
23/11/2020;46,06;2,45%
24/11/2020;47,86;3,91%
25/11/2020;48,61;1,57%
26/11/2020;47,8;-1,67%
27/11/2020;48,18;0,79%
30/11/2020;47,59;-1,22%
01/12/2020;47,42;-0,36%
02/12/2020;48,25;1,75%
03/12/2020;48,71;0,95%
04/12/2020;49,25;1,11%
07/12/2020;48,79;-0,93%
08/12/2020;48,84;0,10%
09/12/2020;48,86;0,04%
10/12/2020;50,25;2,84%
11/12/2020;49,97;-0,56%
14/12/2020;50,29;0,64%
15/12/2020;50,76;0,93%
16/12/2020;51,08;0,63%
17/12/2020;51,5;0,82%
18/12/2020;52,26;1,48%
21/12/2020;50,91;-2,58%
22/12/2020;50,08;-1,63%
23/12/2020;51,2;2,24%
24/12/2020;51,29;0,18%
28/12/2020;50,86;-0,84%
29/12/2020;51,09;0,45%
30/12/2020;51,34;0,49%
31/12/2020;51,8;0,90%
04/01/2021;51,09;-1,37%
05/01/2021;53,6;4,91%
06/01/2021;54,3;1,31%
07/01/2021;54,38;0,15%
08/01/2021;55,99;2,96%
11/01/2021;55,66;-0,59%
12/01/2021;56,58;1,65%
13/01/2021;56,06;-0,92%
14/01/2021;56,42;0,64%
15/01/2021;55,1;-2,34%
18/01/2021;54,75;-0,64%
19/01/2021;55,9;2,10%
20/01/2021;56,08;0,32%
21/01/2021;56,1;0,04%
22/01/2021;55,41;-1,23%
25/01/2021;55,88;0,85%
26/01/2021;55,91;0,05%
27/01/2021;55,81;-0,18%
28/01/2021;55,53;-0,50%
29/01/2021;55,88;0,63%
01/02/2021;56,35;0,84%
02/02/2021;57,46;1,97%
03/02/2021;58,46;1,74%
04/02/2021;58,84;0,65%
05/02/2021;59,34;0,85%
08/02/2021;60,56;2,06%
09/02/2021;61,09;0,88%
10/02/2021;61,47;0,62%
11/02/2021;61,14;-0,54%
12/02/2021;62,43;2,11%
15/02/2021;63,3;1,39%
16/02/2021;63,35;0,08%
17/02/2021;64,34;1,56%
18/02/2021;63,93;-0,64%
19/02/2021;62,91;-1,60%
22/02/2021;65,24;3,70%
23/02/2021;65,37;0,20%
24/02/2021;67,04;2,55%
25/02/2021;66,88;-0,24%
26/02/2021;66,13;-1,12%
01/03/2021;63,69;-3,69%
02/03/2021;62,7;-1,55%
03/03/2021;64,07;2,19%
04/03/2021;66,74;4,17%
05/03/2021;69,36;3,93%
08/03/2021;68,24;-1,61%
09/03/2021;67,52;-1,06%
10/03/2021;67,9;0,56%
11/03/2021;69,63;2,55%
12/03/2021;69,22;-0,59%
15/03/2021;68,88;-0,49%
16/03/2021;68,39;-0,71%
17/03/2021;68;-0,57%
18/03/2021;63,28;-6,94%
19/03/2021;64,53;1,98%
22/03/2021;64,62;0,14%
23/03/2021;60,79;-5,93%
24/03/2021;64,41;5,95%
25/03/2021;61,95;-3,82%
26/03/2021;64,57;4,23%
29/03/2021;64,98;0,63%
30/03/2021;64,14;-1,29%
31/03/2021;63,54;-0,94%
01/04/2021;64,86;2,08%
05/04/2021;62,15;-4,18%
06/04/2021;62,74;0,95%
07/04/2021;63,16;0,67%
08/04/2021;63,2;0,06%
09/04/2021;62,95;-0,40%
12/04/2021;63,28;0,52%
13/04/2021;63,67;0,62%
14/04/2021;66,58;4,57%
15/04/2021;66,94;0,54%
16/04/2021;66,77;-0,25%
19/04/2021;67,05;0,42%
20/04/2021;66,57;-0,72%
21/04/2021;65,32;-1,88%
22/04/2021;65,4;0,12%
23/04/2021;66,11;1,09%
26/04/2021;65,65;-0,70%
27/04/2021;66,42;1,17%
28/04/2021;67,27;1,28%
29/04/2021;68,56;1,92%
30/04/2021;67,25;-1,91%
03/05/2021;67,56;0,46%
04/05/2021;68,88;1,95%
05/05/2021;68,96;0,12%
06/05/2021;68,09;-1,26%
07/05/2021;68,28;0,28%
10/05/2021;68,32;0,06%
11/05/2021;68,55;0,34%
12/05/2021;69,32;1,12%
13/05/2021;67,05;-3,27%
14/05/2021;68,71;2,48%
17/05/2021;69,46;1,09%
18/05/2021;68,71;-1,08%
19/05/2021;66,66;-2,98%
20/05/2021;65,11;-2,33%
21/05/2021;66,44;2,04%
24/05/2021;68,46;3,04%
25/05/2021;68,65;0,28%
26/05/2021;68,87;0,32%
27/05/2021;69,46;0,86%
28/05/2021;69,63;0,24%
31/05/2021;69,32;-0,45%
01/06/2021;70,25;1,34%
02/06/2021;71,35;1,57%
03/06/2021;71,31;-0,06%
04/06/2021;71,89;0,81%
07/06/2021;71,49;-0,56%
08/06/2021;72,22;1,02%
09/06/2021;72,22;0,00%
10/06/2021;72,52;0,42%
11/06/2021;72,69;0,23%
14/06/2021;72,86;0,23%
15/06/2021;73,99;1,55%
16/06/2021;74,39;0,54%
17/06/2021;73,08;-1,76%
18/06/2021;73,51;0,59%
21/06/2021;74,9;1,89%
22/06/2021;74,81;-0,12%
23/06/2021;75,19;0,51%
24/06/2021;75,56;0,49%
25/06/2021;76,18;0,82%
28/06/2021;74,68;-1,97%
29/06/2021;74,76;0,11%
30/06/2021;75,13;0,49%
01/07/2021;75,84;0,95%
02/07/2021;76,17;0,44%
05/07/2021;77,16;1,30%
06/07/2021;74,53;-3,41%
07/07/2021;73,43;-1,48%
08/07/2021;74,12;0,94%
09/07/2021;75,55;1,93%
12/07/2021;75,16;-0,52%
13/07/2021;76,49;1,77%
14/07/2021;74,76;-2,26%
15/07/2021;73,47;-1,73%
16/07/2021;73,59;0,16%
19/07/2021;68,62;-6,75%
20/07/2021;69,35;1,06%
21/07/2021;72,23;4,15%
22/07/2021;73,79;2,16%
23/07/2021;74,1;0,42%
26/07/2021;74,5;0,54%
27/07/2021;74,48;-0,03%
28/07/2021;74,74;0,35%
29/07/2021;76,05;1,75%
30/07/2021;76,33;0,37%
02/08/2021;72,89;-4,51%
03/08/2021;72,41;-0,66%
04/08/2021;70,38;-2,80%
05/08/2021;71,29;1,29%
06/08/2021;70,7;-0,83%
09/08/2021;69,04;-2,35%
10/08/2021;70,63;2,30%
11/08/2021;71,44;1,15%
12/08/2021;71,31;-0,18%
13/08/2021;70,59;-1,01%
16/08/2021;69,51;-1,53%
17/08/2021;69,03;-0,69%
18/08/2021;68,23;-1,16%
19/08/2021;66,45;-2,61%
20/08/2021;65,18;-1,91%
23/08/2021;68,75;5,48%
24/08/2021;71,05;3,35%
25/08/2021;72,25;1,69%
26/08/2021;71,07;-1,63%
27/08/2021;72,7;2,29%
30/08/2021;73,41;0,98%
31/08/2021;72,99;-0,57%
01/09/2021;71,59;-1,92%
02/09/2021;73,03;2,01%
03/09/2021;72,61;-0,58%
06/09/2021;72,22;-0,54%
07/09/2021;71,69;-0,73%
08/09/2021;72,6;1,27%
09/09/2021;71,45;-1,58%
10/09/2021;72,92;2,06%
13/09/2021;73,51;0,81%
14/09/2021;73,6;0,12%
15/09/2021;75,46;2,53%
16/09/2021;75,67;0,28%
17/09/2021;75,34;-0,44%
20/09/2021;73,92;-1,88%
21/09/2021;74,36;0,60%
22/09/2021;76,19;2,46%
23/09/2021;77,25;1,39%
24/09/2021;78,09;1,09%
27/09/2021;79,53;1,84%
28/09/2021;79,09;-0,55%
29/09/2021;78,64;-0,57%
30/09/2021;78,52;-0,15%
01/10/2021;79,28;0,97%
04/10/2021;81,26;2,50%
05/10/2021;82,56;1,60%
06/10/2021;81,08;-1,79%
07/10/2021;81,95;1,07%
08/10/2021;82,39;0,54%
11/10/2021;83,65;1,53%
12/10/2021;83,42;-0,27%
13/10/2021;83,18;-0,29%
14/10/2021;84;0,99%
15/10/2021;84,86;1,02%
18/10/2021;84,33;-0,62%
19/10/2021;85,08;0,89%
20/10/2021;85,82;0,87%
21/10/2021;84,61;-1,41%
22/10/2021;85,53;1,09%
25/10/2021;85,99;0,54%
26/10/2021;86,4;0,48%
27/10/2021;84,58;-2,11%
28/10/2021;84,32;-0,31%
29/10/2021;84,38;0,07%
01/11/2021;84,71;0,39%
02/11/2021;84,72;0,01%
03/11/2021;81,99;-3,22%
04/11/2021;80,54;-1,77%
05/11/2021;82,74;2,73%
08/11/2021;83,43;0,83%
09/11/2021;84,78;1,62%
10/11/2021;82,64;-2,52%
11/11/2021;82,87;0,28%
12/11/2021;82,17;-0,84%
15/11/2021;82,05;-0,15%
16/11/2021;82,43;0,46%
17/11/2021;80,28;-2,61%
18/11/2021;81,24;1,20%
19/11/2021;78,89;-2,89%
22/11/2021;79,7;1,03%
23/11/2021;82,31;3,27%
24/11/2021;82,25;-0,07%
25/11/2021;82,22;-0,04%
26/11/2021;72,72;-11,55%
29/11/2021;73,44;0,99%
30/11/2021;70,57;-3,91%
01/12/2021;68,87;-2,41%
02/12/2021;69,67;1,16%
03/12/2021;69,88;0,30%
06/12/2021;73,08;4,58%
07/12/2021;75,44;3,23%
08/12/2021;75,82;0,50%
09/12/2021;74,42;-1,85%
10/12/2021;75,15;0,98%
13/12/2021;74,39;-1,01%
14/12/2021;73,7;-0,93%
15/12/2021;73,88;0,24%
16/12/2021;75,02;1,54%
17/12/2021;73,52;-2,00%
20/12/2021;71,52;-2,72%
21/12/2021;73,98;3,44%
22/12/2021;75,29;1,77%
23/12/2021;76,85;2,07%
24/12/2021;76,14;-0,92%
27/12/2021;78,6;3,23%
28/12/2021;78,94;0,43%
29/12/2021;79,23;0,37%
30/12/2021;79,32;0,11%
31/12/2021;77,78;-1,94%
03/01/2022;78,98;1,54%
04/01/2022;80;1,29%
05/01/2022;80,8;1,00%
06/01/2022;81,99;1,47%
07/01/2022;81,75;-0,29%
10/01/2022;80,87;-1,08%
11/01/2022;83,72;3,52%
12/01/2022;84,67;1,13%
13/01/2022;84,47;-0,24%
14/01/2022;86,06;1,88%
17/01/2022;86,48;0,49%
18/01/2022;87,51;1,19%
19/01/2022;88,44;1,06%
20/01/2022;88,38;-0,07%
21/01/2022;87,89;-0,55%
24/01/2022;86,27;-1,84%
25/01/2022;88,2;2,24%
26/01/2022;89,96;2,00%
27/01/2022;89,34;-0,69%
28/01/2022;90,03;0,77%
31/01/2022;91,21;1,31%
01/02/2022;89,16;-2,25%
02/02/2022;89,47;0,35%
03/02/2022;91,11;1,83%
04/02/2022;93,27;2,37%
07/02/2022;92,69;-0,62%
08/02/2022;90,78;-2,06%
09/02/2022;91,55;0,85%
10/02/2022;91,41;-0,15%
11/02/2022;94,44;3,31%
14/02/2022;96,48;2,16%
15/02/2022;93,28;-3,32%
16/02/2022;94,81;1,64%
17/02/2022;92,97;-1,94%
18/02/2022;93,54;0,61%
21/02/2022;95,39;1,98%
22/02/2022;96,84;1,52%
23/02/2022;96,84;0,00%
24/02/2022;99,08;2,31%
25/02/2022;97,93;-1,16%
28/02/2022;100,99;3,12%
01/03/2022;104,97;3,94%
02/03/2022;112,93;7,58%
03/03/2022;110,46;-2,19%
04/03/2022;118,11;6,93%
07/03/2022;123,21;4,32%
08/03/2022;127,98;3,87%
09/03/2022;111,14;-13,16%
10/03/2022;109,33;-1,63%
11/03/2022;112,67;3,05%
14/03/2022;106,9;-5,12%
15/03/2022;99,91;-6,54%
16/03/2022;98,02;-1,89%
17/03/2022;106,64;8,79%
18/03/2022;107,93;1,21%
21/03/2022;115,62;7,12%
22/03/2022;115,48;-0,12%
23/03/2022;121,6;5,30%
24/03/2022;119,03;-2,11%
25/03/2022;120,65;1,36%
28/03/2022;112,48;-6,77%
29/03/2022;110,23;-2,00%
30/03/2022;113,45;2,92%
31/03/2022;107,91;-4,88%
01/04/2022;104,39;-3,26%
04/04/2022;107,53;3,01%
05/04/2022;106,64;-0,83%
06/04/2022;101,07;-5,22%
07/04/2022;100,58;-0,48%
08/04/2022;102,78;2,19%
11/04/2022;98,48;-4,18%
12/04/2022;104,64;6,26%
13/04/2022;108,78;3,96%
14/04/2022;111,7;2,68%
18/04/2022;113,16;1,31%
19/04/2022;107,25;-5,22%
20/04/2022;106,8;-0,42%
21/04/2022;108,33;1,43%
22/04/2022;106,65;-1,55%
25/04/2022;102,32;-4,06%
26/04/2022;104,99;2,61%
27/04/2022;105,32;0,31%
28/04/2022;107,59;2,16%
29/04/2022;109,34;1,63%
02/05/2022;107,58;-1,61%
03/05/2022;104,97;-2,43%
04/05/2022;110,14;4,93%
05/05/2022;110,9;0,69%
06/05/2022;112,39;1,34%
09/05/2022;105,94;-5,74%
10/05/2022;102,46;-3,28%
11/05/2022;107,51;4,93%
12/05/2022;107,45;-0,06%
13/05/2022;111,55;3,82%
16/05/2022;114,24;2,41%
17/05/2022;111,93;-2,02%
18/05/2022;109,11;-2,52%
19/05/2022;112,04;2,69%
20/05/2022;112,55;0,46%
23/05/2022;113,42;0,77%
24/05/2022;113,56;0,12%
25/05/2022;114,03;0,41%
26/05/2022;117,4;2,96%
27/05/2022;119,43;1,73%
30/05/2022;121,67;1,88%
31/05/2022;122,84;0,96%
01/06/2022;116,29;-5,33%
02/06/2022;117,61;1,14%
03/06/2022;119,72;1,79%
06/06/2022;119,51;-0,18%
07/06/2022;120,57;0,89%
08/06/2022;123,58;2,50%
09/06/2022;123,07;-0,41%
10/06/2022;122,01;-0,86%
13/06/2022;122,27;0,21%
14/06/2022;121,17;-0,90%
15/06/2022;118,51;-2,20%
16/06/2022;119,81;1,10%
17/06/2022;113,12;-5,58%
20/06/2022;114,13;0,89%
21/06/2022;114,65;0,46%
22/06/2022;111,74;-2,54%
23/06/2022;110,05;-1,51%
24/06/2022;113,12;2,79%
27/06/2022;115,09;1,74%
28/06/2022;117,98;2,51%
29/06/2022;116,26;-1,46%
30/06/2022;114,81;-1,25%
01/07/2022;111,63;-2,77%
04/07/2022;113,5;1,68%
05/07/2022;102,77;-9,45%
06/07/2022;100,69;-2,02%
07/07/2022;104,65;3,93%
08/07/2022;107,02;2,26%
11/07/2022;107,1;0,07%
12/07/2022;99,49;-7,11%
13/07/2022;99,57;0,08%
14/07/2022;99,1;-0,47%
15/07/2022;101,16;2,08%
18/07/2022;106,27;5,05%
19/07/2022;107,35;1,02%
20/07/2022;106,92;-0,40%
21/07/2022;103,86;-2,86%
22/07/2022;103,2;-0,64%
25/07/2022;105,15;1,89%
26/07/2022;104,4;-0,71%
27/07/2022;106,62;2,13%
28/07/2022;107,14;0,49%
29/07/2022;110,01;2,68%
01/08/2022;100,03;-9,07%
02/08/2022;100,54;0,51%
03/08/2022;96,78;-3,74%
04/08/2022;94,12;-2,75%
05/08/2022;94,92;0,85%
08/08/2022;96,65;1,82%
09/08/2022;96,31;-0,35%
10/08/2022;97,4;1,13%
11/08/2022;99,6;2,26%
12/08/2022;98,15;-1,46%
15/08/2022;95,1;-3,11%
16/08/2022;92,34;-2,90%
17/08/2022;93,65;1,42%
18/08/2022;96,59;3,14%
19/08/2022;96,72;0,13%
22/08/2022;96,48;-0,25%
23/08/2022;100,22;3,88%
24/08/2022;101,22;1,00%
25/08/2022;99,34;-1,86%
26/08/2022;100,99;1,66%
29/08/2022;105,09;4,06%
30/08/2022;99,31;-5,50%
31/08/2022;96,49;-2,84%
01/09/2022;92,36;-4,28%
02/09/2022;93,02;0,71%
05/09/2022;95,74;2,92%
06/09/2022;92,83;-3,04%
07/09/2022;88;-5,20%
08/09/2022;89,15;1,31%
09/09/2022;92,84;4,14%
12/09/2022;94;1,25%
13/09/2022;93,17;-0,88%
14/09/2022;94,1;1,00%
15/09/2022;90,84;-3,46%
16/09/2022;91,35;0,56%
19/09/2022;92;0,71%
20/09/2022;90,62;-1,50%
21/09/2022;89,83;-0,87%
22/09/2022;90,46;0,70%
23/09/2022;86,15;-4,76%
26/09/2022;84,06;-2,43%
27/09/2022;86,27;2,63%
28/09/2022;89,32;3,54%
29/09/2022;88,49;-0,93%
30/09/2022;87,96;-0,60%
03/10/2022;88,86;1,02%
04/10/2022;91,8;3,31%
05/10/2022;93,37;1,71%
06/10/2022;94,42;1,12%
07/10/2022;97,92;3,71%
10/10/2022;96,19;-1,77%
11/10/2022;94,29;-1,98%
12/10/2022;92,45;-1,95%
13/10/2022;94,57;2,29%
14/10/2022;91,63;-3,11%
17/10/2022;91,62;-0,01%
18/10/2022;90,03;-1,74%
19/10/2022;92,41;2,64%
20/10/2022;92,38;-0,03%
21/10/2022;93,5;1,21%
24/10/2022;93,26;-0,26%
25/10/2022;93,52;0,28%
26/10/2022;95,69;2,32%
27/10/2022;96,96;1,33%
28/10/2022;95,77;-1,23%
31/10/2022;94,83;-0,98%
01/11/2022;94,65;-0,19%
02/11/2022;96,16;1,60%
03/11/2022;94,67;-1,55%
04/11/2022;98,57;4,12%
07/11/2022;97,92;-0,66%
08/11/2022;95,36;-2,61%
09/11/2022;92,65;-2,84%
10/11/2022;93,67;1,10%
11/11/2022;95,99;2,48%
14/11/2022;93,14;-2,97%
15/11/2022;93,86;0,77%
16/11/2022;92,86;-1,07%
17/11/2022;89,78;-3,32%
18/11/2022;87,62;-2,41%
21/11/2022;87,45;-0,19%
22/11/2022;88,36;1,04%
23/11/2022;85,41;-3,34%
24/11/2022;85,34;-0,08%
25/11/2022;83,63;-2,00%
28/11/2022;83,19;-0,53%
29/11/2022;83,03;-0,19%
30/11/2022;85,43;2,89%
01/12/2022;86,88;1,70%
02/12/2022;85,57;-1,51%
05/12/2022;82,68;-3,38%
06/12/2022;79,35;-4,03%
07/12/2022;77,17;-2,75%
08/12/2022;76,15;-1,32%
09/12/2022;76,1;-0,07%
12/12/2022;77,99;2,48%
13/12/2022;80,68;3,45%
14/12/2022;82,7;2,50%
15/12/2022;81,21;-1,80%
16/12/2022;79,04;-2,67%
19/12/2022;79,8;0,96%
20/12/2022;79,99;0,24%
21/12/2022;82,2;2,76%
22/12/2022;80,98;-1,48%
23/12/2022;83,92;3,63%
27/12/2022;84,33;0,49%
28/12/2022;83,26;-1,27%
29/12/2022;82,26;-1,20%
30/12/2022;85,91;4,44%
03/01/2023;82,1;-4,43%
04/01/2023;77,84;-5,19%
05/01/2023;78,69;1,09%
06/01/2023;78,57;-0,15%
09/01/2023;79,65;1,37%
10/01/2023;80,1;0,56%
11/01/2023;82,67;3,21%
12/01/2023;84,03;1,65%
13/01/2023;85,28;1,49%
16/01/2023;84,46;-0,96%
17/01/2023;85,92;1,73%
18/01/2023;84,98;-1,09%
19/01/2023;86,16;1,39%
20/01/2023;87,63;1,71%
23/01/2023;88,19;0,64%
24/01/2023;86,13;-2,34%
25/01/2023;86,12;-0,01%
26/01/2023;87,47;1,57%
27/01/2023;86,66;-0,93%
30/01/2023;84,9;-2,03%
31/01/2023;84,49;-0,48%
01/02/2023;82,84;-1,95%
02/02/2023;82,17;-0,81%
03/02/2023;79,94;-2,71%
06/02/2023;80,99;1,31%
07/02/2023;83,69;3,33%
08/02/2023;85,09;1,67%
09/02/2023;84,5;-0,69%
10/02/2023;86,39;2,24%
13/02/2023;86,61;0,25%
14/02/2023;85,58;-1,19%
15/02/2023;85,38;-0,23%
16/02/2023;85,14;-0,28%
17/02/2023;83;-2,51%
20/02/2023;84,07;1,29%
21/02/2023;83,05;-1,21%
22/02/2023;80,6;-2,95%
23/02/2023;82,21;2,00%
24/02/2023;83,16;1,16%
27/02/2023;82,45;-0,85%
28/02/2023;83,89;1,75%
01/03/2023;84,31;0,50%
02/03/2023;84,75;0,52%
03/03/2023;85,83;1,27%
06/03/2023;86,18;0,41%
07/03/2023;83,29;-3,35%
08/03/2023;82,66;-0,76%
09/03/2023;81,59;-1,29%
10/03/2023;82,78;1,46%
13/03/2023;80,77;-2,43%
14/03/2023;77,45;-4,11%
15/03/2023;73,69;-4,85%
16/03/2023;74,7;1,37%
17/03/2023;72,97;-2,32%
20/03/2023;73,79;1,12%
21/03/2023;75,32;2,07%
22/03/2023;76,69;1,82%
23/03/2023;75,91;-1,02%
24/03/2023;74,99;-1,21%
27/03/2023;78,12;4,17%
28/03/2023;78,65;0,68%
29/03/2023;78,28;-0,47%
30/03/2023;79,27;1,26%
31/03/2023;79,77;0,63%
03/04/2023;84,93;6,47%
04/04/2023;84,94;0,01%
05/04/2023;84,99;0,06%
06/04/2023;85,12;0,15%
10/04/2023;84,18;-1,10%
11/04/2023;85,61;1,70%
12/04/2023;87,33;2,01%
13/04/2023;86,09;-1,42%
14/04/2023;86,31;0,26%
17/04/2023;84,76;-1,80%
18/04/2023;84,77;0,01%
19/04/2023;83,12;-1,95%
20/04/2023;81,1;-2,43%
21/04/2023;81,66;0,69%
24/04/2023;82,73;1,31%
25/04/2023;80,77;-2,37%
26/04/2023;77,69;-3,81%
27/04/2023;78,37;0,88%
28/04/2023;79,54;1,49%
01/05/2023;79,31;-0,29%
02/05/2023;75,32;-5,03%
03/05/2023;72,33;-3,97%
04/05/2023;72,5;0,24%
05/05/2023;75,3;3,86%
08/05/2023;77,01;2,27%
09/05/2023;77,44;0,56%
10/05/2023;76,41;-1,33%
11/05/2023;74,98;-1,87%
12/05/2023;74,17;-1,08%
15/05/2023;75,23;1,43%
16/05/2023;74,91;-0,43%
17/05/2023;76,96;2,74%
18/05/2023;75,86;-1,43%
19/05/2023;75,58;-0,37%
22/05/2023;75,99;0,54%
23/05/2023;76,84;1,12%
24/05/2023;78,36;1,98%
25/05/2023;76,26;-2,68%
26/05/2023;76,95;0,90%
29/05/2023;77,07;0,16%
30/05/2023;73,54;-4,58%
31/05/2023;72,66;-1,20%
01/06/2023;74,28;2,23%
02/06/2023;76,13;2,49%
05/06/2023;76,71;0,76%
06/06/2023;76,29;-0,55%
07/06/2023;76,95;0,87%
08/06/2023;75,96;-1,29%
09/06/2023;74,79;-1,54%
12/06/2023;71,84;-3,94%
13/06/2023;74,29;3,41%
14/06/2023;73,2;-1,47%
15/06/2023;75,67;3,37%
16/06/2023;76,61;1,24%
19/06/2023;76,09;-0,68%
20/06/2023;75,9;-0,25%
21/06/2023;77,12;1,61%
22/06/2023;74,14;-3,86%
23/06/2023;73,85;-0,39%
26/06/2023;74,18;0,45%
27/06/2023;72,26;-2,59%
28/06/2023;74,03;2,45%
29/06/2023;74,34;0,42%
30/06/2023;74,9;0,75%
03/07/2023;74,65;-0,33%
04/07/2023;76,25;2,14%
05/07/2023;76,65;0,52%
06/07/2023;76,52;-0,17%
07/07/2023;78,47;2,55%
10/07/2023;77,69;-0,99%
11/07/2023;79,4;2,20%
12/07/2023;80,11;0,89%
13/07/2023;81,36;1,56%
14/07/2023;79,87;-1,83%
17/07/2023;78,5;-1,72%
18/07/2023;79,63;1,44%
19/07/2023;79,46;-0,21%
20/07/2023;79,64;0,23%
21/07/2023;81,07;1,80%
24/07/2023;82,74;2,06%
25/07/2023;83,64;1,09%
26/07/2023;82,92;-0,86%
27/07/2023;84,24;1,59%
28/07/2023;84,99;0,89%
31/07/2023;85,56;0,67%
01/08/2023;84,91;-0,76%
02/08/2023;83,2;-2,01%
03/08/2023;85,14;2,33%
04/08/2023;86,24;1,29%
07/08/2023;85,34;-1,04%
08/08/2023;86,17;0,97%
09/08/2023;87,55;1,60%
10/08/2023;86,4;-1,31%
11/08/2023;86,81;0,47%
14/08/2023;86,21;-0,69%
15/08/2023;84,89;-1,53%
16/08/2023;83,45;-1,70%
17/08/2023;84,12;0,80%
18/08/2023;84,8;0,81%
21/08/2023;84,46;-0,40%
22/08/2023;84,03;-0,51%
23/08/2023;83,21;-0,98%
24/08/2023;83,36;0,18%
25/08/2023;84,48;1,34%
28/08/2023;84,42;-0,07%
29/08/2023;85,49;1,27%
30/08/2023;85,86;0,43%
31/08/2023;86,86;1,16%
01/09/2023;88,55;1,95%
04/09/2023;89;0,51%
05/09/2023;90,04;1,17%
06/09/2023;90,6;0,62%
07/09/2023;89,92;-0,75%
08/09/2023;90,65;0,81%
11/09/2023;90,64;-0,01%
12/09/2023;92,06;1,57%
13/09/2023;91,88;-0,20%
14/09/2023;93,7;1,98%
15/09/2023;93,93;0,25%
18/09/2023;94,43;0,53%
19/09/2023;94,34;-0,10%
20/09/2023;93,53;-0,86%
21/09/2023;93,3;-0,25%
22/09/2023;93,27;-0,03%
25/09/2023;93,29;0,02%
26/09/2023;93,96;0,72%
27/09/2023;96,55;2,76%
28/09/2023;95,38;-1,21%
29/09/2023;95,31;-0,07%
02/10/2023;90,71;-4,83%
03/10/2023;90,92;0,23%
04/10/2023;85,81;-5,62%
05/10/2023;84,07;-2,03%
06/10/2023;84,58;0,61%
09/10/2023;88,15;4,22%
10/10/2023;87,65;-0,57%
11/10/2023;85,82;-2,09%
12/10/2023;86;0,21%
13/10/2023;90,89;5,69%
16/10/2023;89,65;-1,36%
17/10/2023;89,9;0,28%
18/10/2023;91,5;1,78%
19/10/2023;92,38;0,96%
20/10/2023;92,16;-0,24%
23/10/2023;89,83;-2,53%
24/10/2023;88,07;-1,96%
25/10/2023;90,13;2,34%
26/10/2023;87,93;-2,44%
27/10/2023;90,48;2,90%
30/10/2023;87,45;-3,35%
31/10/2023;87,41;-0,05%
01/11/2023;84,63;-3,18%
02/11/2023;86,85;2,62%
03/11/2023;84,89;-2,26%
06/11/2023;85,18;0,34%
07/11/2023;81,61;-4,19%
08/11/2023;79,54;-2,54%
09/11/2023;80,01;0,59%
10/11/2023;81,43;1,77%
13/11/2023;82,52;1,34%
14/11/2023;82,47;-0,06%
15/11/2023;81,18;-1,56%
16/11/2023;77,42;-4,63%
17/11/2023;80,61;4,12%
20/11/2023;82,32;2,12%
21/11/2023;82,45;0,16%
22/11/2023;81,96;-0,59%
23/11/2023;81,42;-0,66%
24/11/2023;80,58;-1,03%
27/11/2023;79,98;-0,74%
28/11/2023;81,68;2,13%
29/11/2023;83,1;1,74%
30/11/2023;82,83;-0,32%
01/12/2023;78,88;-4,77%
04/12/2023;78,03;-1,08%
05/12/2023;77,2;-1,06%
06/12/2023;74,3;-3,76%
07/12/2023;74,05;-0,34%
08/12/2023;75,84;2,42%
11/12/2023;76,03;0,25%
12/12/2023;73,24;-3,67%
13/12/2023;74,26;1,39%
14/12/2023;76,61;3,16%
15/12/2023;76,55;-0,08%
18/12/2023;77,95;1,83%
19/12/2023;79,23;1,64%
20/12/2023;79,7;0,59%
21/12/2023;79,39;-0,39%
22/12/2023;79,07;-0,40%
26/12/2023;81,07;2,53%
27/12/2023;79,65;-1,75%
28/12/2023;78,39;-1,58%
29/12/2023;77,04;-1,72%
02/01/2024;75,89;-1,49%
03/01/2024;78,25;3,11%
04/01/2024;77,59;-0,84%
05/01/2024;78,76;1,51%
08/01/2024;76,12;-3,35%
09/01/2024;77,59;1,93%
10/01/2024;76,8;-1,02%
11/01/2024;77,41;0,79%
12/01/2024;78,29;1,14%
15/01/2024;78,15;-0,18%
16/01/2024;78,29;0,18%
17/01/2024;77,88;-0,52%
18/01/2024;79,1;1,57%
19/01/2024;78,56;-0,68%
22/01/2024;80,06;1,91%
23/01/2024;79,55;-0,64%
24/01/2024;80,04;0,62%
25/01/2024;82,43;2,99%
26/01/2024;83,55;1,36%
29/01/2024;82,4;-1,38%
30/01/2024;82,87;0,57%
31/01/2024;81,71;-1,40%
01/02/2024;78,7;-3,68%
02/02/2024;77,33;-1,74%
05/02/2024;77,99;0,85%
06/02/2024;78,59;0,77%
07/02/2024;79,21;0,79%
08/02/2024;81,63;3,06%
09/02/2024;82,19;0,69%
12/02/2024;82;-0,23%
13/02/2024;82,77;0,94%
14/02/2024;81,6;-1,41%
15/02/2024;82,86;1,54%
16/02/2024;83,47;0,74%
19/02/2024;83,56;0,11%
20/02/2024;82,34;-1,46%
21/02/2024;83,03;0,84%
22/02/2024;83,67;0,77%
23/02/2024;81,62;-2,45%
26/02/2024;82,53;1,11%
27/02/2024;83,65;1,36%
28/02/2024;83,68;0,04%
29/02/2024;83,62;-0,07%
01/03/2024;83,55;-0,08%
04/03/2024;82,8;-0,90%
05/03/2024;82,04;-0,92%
06/03/2024;82,96;1,12%
07/03/2024;82,96;0,00%
08/03/2024;82,08;-1,06%
11/03/2024;82,21;0,16%
12/03/2024;81,92;-0,35%
13/03/2024;84,03;2,58%
14/03/2024;85,42;1,65%
15/03/2024;85,34;-0,09%
18/03/2024;86,89;1,82%
19/03/2024;87,38;0,56%
20/03/2024;85,95;-1,64%
21/03/2024;85,78;-0,20%
22/03/2024;85,43;-0,41%
25/03/2024;86,75;1,55%
26/03/2024;86,25;-0,58%
27/03/2024;86,09;-0,19%
28/03/2024;87,48;1,61%
01/04/2024;87,42;-0,07%
02/04/2024;88,92;1,72%
03/04/2024;89,35;0,48%
04/04/2024;90,65;1,45%
05/04/2024;91,17;0,57%
08/04/2024;90,38;-0,87%
09/04/2024;89,42;-1,06%
10/04/2024;90,48;1,19%
11/04/2024;89,74;-0,82%
12/04/2024;90,45;0,79%
15/04/2024;90,1;-0,39%
16/04/2024;90,02;-0,09%
17/04/2024;87,29;-3,03%
18/04/2024;87,11;-0,21%
19/04/2024;87,29;0,21%
22/04/2024;87;-0,33%
23/04/2024;88,42;1,63%
24/04/2024;88,02;-0,45%
25/04/2024;89,01;1,12%
26/04/2024;89,5;0,55%
29/04/2024;88,4;-1,23%
30/04/2024;87,86;-0,61%
01/05/2024;83,44;-5,03%
02/05/2024;83,67;0,28%
03/05/2024;82,96;-0,85%
06/05/2024;83,33;0,45%
07/05/2024;83,16;-0,20%
08/05/2024;83,58;0,51%
09/05/2024;83,88;0,36%
10/05/2024;82,79;-1,30%
13/05/2024;83,36;0,69%
14/05/2024;82,38;-1,18%
15/05/2024;82,75;0,45%
16/05/2024;83,27;0,63%
17/05/2024;83,98;0,85%
20/05/2024;83,71;-0,32%
21/05/2024;82,88;-0,99%
22/05/2024;81,9;-1,18%
23/05/2024;81,36;-0,66%
24/05/2024;82,12;0,93%
27/05/2024;83,1;1,19%
28/05/2024;84,22;1,35%
29/05/2024;83,6;-0,74%
30/05/2024;81,86;-2,08%
31/05/2024;81,62;-0,29%
03/06/2024;78,36;-3,99%
04/06/2024;77,52;-1,07%
05/06/2024;78,41;1,15%
06/06/2024;79,87;1,86%
07/06/2024;79,62;-0,31%
10/06/2024;81,63;2,52%
11/06/2024;81,92;0,36%
12/06/2024;82,6;0,83%
13/06/2024;82,75;0,18%
14/06/2024;82,62;-0,16%
17/06/2024;84,25;1,97%
18/06/2024;85,33;1,28%
19/06/2024;85,07;-0,30%
20/06/2024;85,71;0,75%
21/06/2024;85,24;-0,55%
24/06/2024;86,01;0,90%
25/06/2024;85,01;-1,16%
26/06/2024;85,25;0,28%
27/06/2024;86,39;1,34%
28/06/2024;86,41;0,02%
01/07/2024;86,6;0,22%
02/07/2024;86,24;-0,42%
03/07/2024;87,34;1,28%
04/07/2024;87,43;0,10%
05/07/2024;86,54;-1,02%
08/07/2024;85,75;-0,91%
09/07/2024;84,66;-1,27%
10/07/2024;85,08;0,50%
11/07/2024;85,4;0,38%
12/07/2024;85,03;-0,43%
15/07/2024;84,85;-0,21%
16/07/2024;83,73;-1,32%
17/07/2024;85,08;1,61%
18/07/2024;85,11;0,04%
19/07/2024;82,63;-2,91%
22/07/2024;82,4;-0,28%
23/07/2024;81,01;-1,69%
24/07/2024;81,71;0,86%
25/07/2024;82,37;0,81%
26/07/2024;81,13;-1,51%
29/07/2024;79,78;-1,66%
30/07/2024;78,63;-1,44%
31/07/2024;80,72;2,66%
01/08/2024;79,52;-1,49%
02/08/2024;76,81;-3,41%
05/08/2024;76,3;-0,66%
06/08/2024;76,48;0,24%
07/08/2024;78,33;2,42%
08/08/2024;79,16;1,06%
09/08/2024;79,66;0,63%
12/08/2024;82,3;3,31%
13/08/2024;80,69;-1,96%
14/08/2024;79,76;-1,15%
15/08/2024;81,04;1,60%
16/08/2024;79,68;-1,68%
19/08/2024;77,66;-2,54%
20/08/2024;77,2;-0,59%
21/08/2024;76,05;-1,49%
22/08/2024;77,22;1,54%
23/08/2024;79,02;2,33%
26/08/2024;81,43;3,05%
27/08/2024;79,55;-2,31%
28/08/2024;78,65;-1,13%
29/08/2024;79,94;1,64%
30/08/2024;78,8;-1,43%
02/09/2024;77,52;-1,62%
03/09/2024;73,75;-4,86%
04/09/2024;72,7;-1,42%
05/09/2024;72,69;-0,01%
06/09/2024;71,06;-2,24%
09/09/2024;71,84;1,10%
10/09/2024;69,19;-3,69%
11/09/2024;70,61;2,05%
12/09/2024;71,97;1,93%
13/09/2024;71,61;-0,50%
16/09/2024;72,75;1,59%
17/09/2024;73,7;1,31%
18/09/2024;73,65;-0,07%
19/09/2024;74,88;1,67%
20/09/2024;74.49;-0.52%
23/09/2024;73.90;-0.79%
24/09/2024;75.17;1.72%
25/09/2024;73.46;-2.27%
26/09/2024;71.60;-2.53%
27/09/2024;71.98;0.53%
30/09/2024;71.77;-0.29%
01/10/2024;73.56;2.49%
02/10/2024;73.90;0.46%
03/10/2024;77.62;5.03%
04/10/2024;78.05;0.55%
07/10/2024;80.93;3.69%
08/10/2024;77.18;-4.63%
09/10/2024;76.58;-0.78%
10/10/2024;79.40;3.68%
11/10/2024;79.04;-0.45%
14/10/2024;77.46;-2.00%
15/10/2024;74.25;-4.14%
16/10/2024;74.22;-0.04%
17/10/2024;74.45;0.31%
18/10/2024;73.06;-1.87%
21/10/2024;74.29;1.68%
22/10/2024;76.04;2.36%
23/10/2024;74.96;-1.42%
24/10/2024;74.38;-0.77%
25/10/2024;76.05;2.25%
28/10/2024;71.42;-6.09%
29/10/2024;71.12;-0.42%
30/10/2024;72.55;2.01%
31/10/2024;73.16;0.84%
01/11/2024;73.10;-0.08%
04/11/2024;75.08;2.71%
05/11/2024;75.53;0.60%
06/11/2024;74.92;-0.81%
07/11/2024;75.63;0.95%
08/11/2024;73.87;-2.33%
11/11/2024;71.83;-2.76%
12/11/2024;71.89;0.08%
13/11/2024;72.28;0.54%
14/11/2024;72.56;0.39%
15/11/2024;71.04;-2.09%
18/11/2024;73.30;3.18%
19/11/2024;73.31;0.01%
20/11/2024;72.81;-0.68%
21/11/2024;74.23;1.95%
22/11/2024;75.17;1.27%
25/11/2024;73.01;-2.87%
26/11/2024;72.81;-0.27%
27/11/2024;72.83;0.03%
28/11/2024;73.28;0.62%
29/11/2024;72.94;-0.46%
02/12/2024;71.83;-1.52%
03/12/2024;73.62;2.49%
04/12/2024;72.31;-1.78%
05/12/2024;72.09;-0.30%
06/12/2024;71.12;-1.35%
09/12/2024;72.14;1.43%
10/12/2024;72.19;0.07%
11/12/2024;73.52;1.84%
12/12/2024;73.41;-0.15%
13/12/2024;74.49;1.47%
16/12/2024;73.91;-0.78%
17/12/2024;73.19;-0.97%
18/12/2024;73.39;0.27%
19/12/2024;72.88;-0.69%
20/12/2024;72.94;0.08%
23/12/2024;72.63;-0.43%
24/12/2024;73.58;1.31%
26/12/2024;73.26;-0.43%
27/12/2024;74.17;1.24%
30/12/2024;74.39;0.30%
31/12/2024;74.64;0.34%
02/01/2025;75.93;1.73%
03/01/2025;76.51;0.76%
06/01/2025;76.30;-0.27%
07/01/2025;77.05;0.98%
08/01/2025;76.16;-1.16%
09/01/2025;76.92;1.00%
10/01/2025;79.76;3.69%
13/01/2025;81.01;1.57%
14/01/2025;79.92;-1.35%
15/01/2025;82.03;2.64%
16/01/2025;81.29;-0.90%
17/01/2025;80.79;-0.62%
20/01/2025;79.10;-2.09%
21/01/2025;78.40;-0.88%
22/01/2025;78.15;-0.32%
23/01/2025;77.56;-0.75%
24/01/2025;77.55;-0.01%
27/01/2025;77.08;-0.61%
28/01/2025;77.49;0.53%
29/01/2025;76.58;-1.17%
30/01/2025;76.87;0.38%
31/01/2025;76.76;-0.14%
03/02/2025;75.96;-1.04%
04/02/2025;76.20;0.32%
05/02/2025;74.61;-2.09%
06/02/2025;74.29;-0.43%
07/02/2025;74.66;0.50%
10/02/2025;75.87;1.62%
11/02/2025;77.00;1.49%
12/02/2025;75.18;-2.36%
13/02/2025;75.02;-0.21%
14/02/2025;74.74;-0.37%
17/02/2025;74.93;0.25%
18/02/2025;75.43;0.67%
19/02/2025;75.67;0.32%
20/02/2025;76.05;0.50%
21/02/2025;74.05;-2.63%
24/02/2025;74.31;0.35%
25/02/2025;73.02;-1.74%
26/02/2025;72.53;-0.67%
27/02/2025;74.04;2.08%
28/02/2025;73.18;-1.16%
03/03/2025;71.62;-2.13%
04/03/2025;71.04;-0.81%
05/03/2025;69.30;-2.45%
06/03/2025;69.46;0.23%
07/03/2025;70.36;1.30%
10/03/2025;69.28;-1.53%
11/03/2025;69.56;0.40%
12/03/2025;70.95;2.00%
13/03/2025;69.88;-1.51%
14/03/2025;70.58;1.00%
17/03/2025;70.60;0.03%
18/03/2025;70.12;-0.68%
19/03/2025;70.32;0.29%
20/03/2025;71.47;1.64%
21/03/2025;71.61;0.20%
24/03/2025;72.37;1.06%
25/03/2025;73.02;0.90%
26/03/2025;73.79;1.05%
27/03/2025;74.03;0.33%
28/03/2025;73.63;-0.54%
31/03/2025;74.74;1.51%
01/04/2025;74.49;-0.33%
02/04/2025;74.95;0.62%
03/04/2025;70.14;-6.42%
04/04/2025;65.58;-6.50%
07/04/2025;64.21;-2.09%
08/04/2025;62.82;-2.16%
09/04/2025;65.48;4.23%
10/04/2025;63.33;-3.28%
11/04/2025;64.76;2.26%
14/04/2025;64.88;0.19%
15/04/2025;64.67;-0.32%
16/04/2025;65.85;1.82%
17/04/2025;67.96;3.20%
21/04/2025;65.30;-3.91%
22/04/2025;66.48;1.81%
23/04/2025;65.18;-1.96%
24/04/2025;66.55;2.10%
25/04/2025;66.87;0.48%
28/04/2025;65.86;-1.51%
29/04/2025;64.25;-2.44%
30/04/2025;63.12;-1.76%
01/05/2025;62.13;-1.57%
02/05/2025;61.29;-1.35%
05/05/2025;60.23;-1.73%
06/05/2025;62.15;3.19%
07/05/2025;61.73;-0.68%
