date;euroUs;usEuro;euroYean;yeanEuro
09/05/2005;1,2824;0,779787898;135,46;0,007382253
10/05/2005;1,2854;0,777967948;135,86;0,007360518
11/05/2005;1,2882;0,776276976;135,7;0,007369197
12/05/2005;1,2771;0,783024039;135,66;0,00737137
13/05/2005;1,2635;0,791452315;135,2;0,00739645
16/05/2005;1,2616;0,792644261;135,63;0,007373
17/05/2005;1,2636;0,79138968;135,52;0,007378985
18/05/2005;1,2621;0,792330243;135,44;0,007383343
19/05/2005;1,2642;0,79101408;135,62;0,007373544
20/05/2005;1,2607;0,793210121;135,98;0,007354023
23/05/2005;1,2548;0,796939751;135,45;0,007382798
24/05/2005;1,2617;0,792581438;135,39;0,00738607
25/05/2005;1,2564;0,795924865;135,33;0,007389345
26/05/2005;1,2523;0,798530704;135,58;0,007375719
27/05/2005;1,2551;0,796749263;135,27;0,007392622
30/05/2005;1,2472;0,801796023;134,68;0,007425007
31/05/2005;1,2331;0,810964236;133,47;0,00749232
01/06/2005;1,2228;0,817795224;132,84;0,007527853
02/06/2005;1,2263;0,815461143;132,72;0,007534659
03/06/2005;1,2289;0,813735861;132,57;0,007543185
06/06/2005;1,2272;0,814863103;131,44;0,007608034
07/06/2005;1,2285;0,814000814;131,13;0,00762602
08/06/2005;1,2324;0,811424862;131,69;0,007593591
09/06/2005;1,2239;0,817060217;131,37;0,007612088
10/06/2005;1,2229;0,817728351;131,42;0,007609192
13/06/2005;1,2062;0,829049909;131,74;0,007590709
14/06/2005;1,211;0,825763832;132,33;0,007556865
15/06/2005;1,2069;0,828569061;132,06;0,007572316
16/06/2005;1,2115;0,825423029;132,26;0,007560865
17/06/2005;1,2177;0,821220333;132,47;0,007548879
20/06/2005;1,221;0,819000819;133,09;0,007513713
21/06/2005;1,2092;0,826993053;132,2;0,007564297
22/06/2005;1,2111;0,825695649;131,79;0,007587829
23/06/2005;1,2066;0,82877507;130,88;0,007640587
24/06/2005;1,2082;0,827677537;131,92;0,007580352
27/06/2005;1,2164;0,822097994;132,91;0,007523888
28/06/2005;1,2095;0,826787929;132,94;0,00752219
29/06/2005;1,2054;0,829600133;133,03;0,007517101
30/06/2005;1,2092;0,826993053;133,95;0,007465472
01/07/2005;1,2087;0,827335153;134,24;0,007449344
04/07/2005;1,1894;0,840760047;132,67;0,007537499
05/07/2005;1,1883;0,841538332;133,03;0,007517101
06/07/2005;1,1913;0,839419122;133,23;0,007505817
07/07/2005;1,1957;0,836330183;133,53;0,007488954
08/07/2005;1,1904;0,840053763;133,84;0,007471608
11/07/2005;1,2006;0,832916875;134,4;0,007440476
12/07/2005;1,2166;0,821962847;135,33;0,007389345
13/07/2005;1,2184;0,820748523;135,67;0,007370826
14/07/2005;1,2067;0,828706389;135,24;0,007394262
15/07/2005;1,2073;0,828294542;135,35;0,007388253
18/07/2005;1,2054;0,829600133;135,29;0,007391529
19/07/2005;1,1965;0,835770999;135,07;0,007403569
20/07/2005;1,2063;0,828981182;136,35;0,007334067
21/07/2005;1,2187;0,820546484;135,21;0,007395903
22/07/2005;1,2143;0,823519723;134,98;0,007408505
25/07/2005;1,2065;0,828843763;134,87;0,007414547
26/07/2005;1,1987;0,83423709;134,56;0,007431629
27/07/2005;1,199;0,834028357;134,92;0,0074118
28/07/2005;1,21;0,826446281;136;0,007352941
29/07/2005;1,2093;0,826924667;135,91;0,00735781
01/08/2005;1,2219;0,818397578;136,67;0,007316895
02/08/2005;1,2217;0,818531554;136,07;0,007349159
03/08/2005;1,2308;0,812479688;136,81;0,007309407
04/08/2005;1,2319;0,811754201;137,33;0,00728173
05/08/2005;1,2386;0,807363152;138,13;0,007239557
08/08/2005;1,237;0,808407437;138,13;0,007239557
09/08/2005;1,2367;0,808603542;138,64;0,007212926
10/08/2005;1,2377;0,80795023;137,4;0,00727802
11/08/2005;1,2405;0,806126562;136,94;0,007302468
12/08/2005;1,2457;0,8027615;136,32;0,007335681
15/08/2005;1,2374;0,808146113;135,54;0,007377896
16/08/2005;1,2313;0,81214976;134,63;0,007427765
17/08/2005;1,2296;0,813272609;134,85;0,007415647
18/08/2005;1,2213;0,81879964;134,82;0,007417297
19/08/2005;1,2183;0,820815891;134,51;0,007434391
22/08/2005;1,2231;0,817594637;133,93;0,007466587
23/08/2005;1,2233;0,817460966;134,61;0,007428869
24/08/2005;1,2211;0,818933748;134,77;0,007420049
25/08/2005;1,2272;0,814863103;135,02;0,00740631
26/08/2005;1,2307;0,812545706;134,93;0,00741125
29/08/2005;1,2289;0,813735861;135,73;0,007367568
30/08/2005;1,2181;0,820950661;135,81;0,007363228
31/08/2005;1,2198;0,819806526;136,06;0,007349699
01/09/2005;1,2388;0,807232806;136,95;0,007301935
02/09/2005;1,2541;0,797384579;137,66;0,007264274
05/09/2005;1,2538;0,797575371;136,69;0,007315824
06/09/2005;1,2483;0,801089482;136,75;0,007312614
07/09/2005;1,2451;0,803148341;136,97;0,007300869
08/09/2005;1,2418;0,805282654;137,16;0,007290755
09/09/2005;1,2415;0,805477245;136,63;0,007319037
12/09/2005;1,2313;0,81214976;135,2;0,00739645
13/09/2005;1,2276;0,814597589;136,17;0,007343761
14/09/2005;1,2314;0,812083807;135,42;0,007384434
15/09/2005;1,2223;0,818129755;134,89;0,007413448
16/09/2005;1,2243;0,81679327;135,78;0,007364855
19/09/2005;1,2139;0,823791087;135,31;0,007390437
20/09/2005;1,2154;0,822774395;135,43;0,007383888
21/09/2005;1,2225;0,81799591;135,95;0,007355645
22/09/2005;1,2224;0,818062827;135,89;0,007358893
23/09/2005;1,2118;0,825218683;135,07;0,007403569
26/09/2005;1,2031;0,831186103;135,21;0,007395903
27/09/2005;1,2005;0,832986256;136,01;0,007352401
28/09/2005;1,2037;0,830771787;136,08;0,007348618
29/09/2005;1,2063;0,828981182;135,92;0,007357269
30/09/2005;1,2042;0,830426839;136,25;0,00733945
03/10/2005;1,1933;0,838012235;136,07;0,007349159
04/10/2005;1,1938;0,83766125;136,44;0,007329229
05/10/2005;1,1947;0,837030217;136,06;0,007349699
06/10/2005;1,2061;0,829118647;137,3;0,007283321
07/10/2005;1,2144;0,82345191;137,82;0,007255841
10/10/2005;1,2088;0,827266711;137,9;0,007251632
11/10/2005;1,2022;0,831808351;137,22;0,007287567
12/10/2005;1,2008;0,832778148;137,49;0,007273256
13/10/2005;1,198;0,834724541;137,54;0,007270612
14/10/2005;1,1999;0,833402784;137,67;0,007263747
17/10/2005;1,2022;0,831808351;138;0,007246377
18/10/2005;1,1937;0,837731423;138,29;0,007231181
19/10/2005;1,195;0,836820084;138,07;0,007242703
20/10/2005;1,1953;0,836610056;138,19;0,007236414
21/10/2005;1,2012;0,832500833;138,87;0,007200979
24/10/2005;1,1944;0,837240455;138,15;0,007238509
25/10/2005;1,2017;0,832154448;138,78;0,007205649
26/10/2005;1,2059;0,829256157;139,67;0,007159734
27/10/2005;1,213;0,824402308;139,89;0,007148474
28/10/2005;1,2138;0,823858955;140,03;0,007141327
31/10/2005;1,2023;0,831739167;139,64;0,007161272
01/11/2005;1,2008;0,832778148;140,02;0,007141837
02/11/2005;1,1992;0,83388926;140,26;0,007129616
03/11/2005;1,2041;0,830495806;140,76;0,007104291
04/11/2005;1,1933;0,838012235;140,52;0,007116425
07/11/2005;1,1824;0,845737483;139,23;0,00718236
08/11/2005;1,1741;0,851716208;138,22;0,007234843
09/11/2005;1,1738;0,85193389;137,68;0,007263219
10/11/2005;1,1762;0,850195545;138,41;0,007224911
11/11/2005;1,1697;0,854920065;138,11;0,007240605
14/11/2005;1,1713;0,853752241;139,06;0,007191141
15/11/2005;1,1667;0,857118368;139,11;0,007188556
16/11/2005;1,1677;0,856384345;139,4;0,007173601
17/11/2005;1,1692;0,855285665;138,82;0,007203573
18/11/2005;1,1679;0,856237692;139,27;0,007180297
21/11/2005;1,1811;0,84666836;140,41;0,007122
22/11/2005;1,1701;0,85462781;139,72;0,007157171
23/11/2005;1,1776;0,849184783;139,78;0,007154099
24/11/2005;1,1783;0,848680302;140,03;0,007141327
25/11/2005;1,1763;0,850123268;140,44;0,007120478
28/11/2005;1,1726;0,852805731;140,39;0,007123014
29/11/2005;1,1793;0,847960655;140,57;0,007113893
30/11/2005;1,1769;0,849689863;140,8;0,007102273
01/12/2005;1,1745;0,851426139;141,18;0,007083156
02/12/2005;1,1697;0,854920065;141,36;0,007074137
05/12/2005;1,1767;0,849834282;142,19;0,007032843
06/12/2005;1,1783;0,848680302;142,64;0,007010656
07/12/2005;1,171;0,853970965;141,68;0,007058159
08/12/2005;1,1764;0,850051003;141,82;0,007051192
09/12/2005;1,1785;0,848536275;142,01;0,007041758
12/12/2005;1,1925;0,838574423;143,46;0,006970584
13/12/2005;1,1925;0,838574423;143,47;0,006970098
14/12/2005;1,202;0,831946755;142,23;0,007030865
15/12/2005;1,1999;0,833402784;139,28;0,007179782
16/12/2005;1,1983;0,834515564;139,28;0,007179782
19/12/2005;1,1977;0,834933623;139,24;0,007181844
20/12/2005;1,1955;0,836470096;139,36;0,00717566
21/12/2005;1,1872;0,842318059;139,18;0,00718494
22/12/2005;1,1822;0,845880562;138,84;0,007202535
23/12/2005;1,1859;0,84324142;138,34;0,007228567
26/12/2005;;#DIV/0!;;#DIV/0!
27/12/2005;1,1852;0,843739453;138,61;0,007214487
28/12/2005;1,1916;0,839207788;139,61;0,007162811
29/12/2005;1,1825;0,845665962;139,43;0,007172058
30/12/2005;1,1797;0,847673137;138,9;0,007199424
02/01/2006;1,1826;0,845594453;139,56;0,007165377
03/01/2006;1,1875;0,842105263;139,45;0,007171029
04/01/2006;1,2083;0,827609037;140,19;0,007133176
05/01/2006;1,2088;0,827266711;140,31;0,007127076
06/01/2006;1,2093;0,826924667;140,21;0,007132159
09/01/2006;1,2078;0,827951648;137,85;0,007254262
10/01/2006;1,2064;0,828912467;138,12;0,007240081
11/01/2006;1,2088;0,827266711;138,31;0,007230135
12/01/2006;1,2113;0,825559316;137,5;0,007272727
13/01/2006;1,2039;0,830633774;138,13;0,007239557
16/01/2006;1,2112;0,825627477;139,23;0,00718236
17/01/2006;1,2075;0,82815735;139,23;0,00718236
18/01/2006;1,2125;0,824742268;139,51;0,007167945
19/01/2006;1,2073;0,828294542;139,06;0,007191141
20/01/2006;1,2068;0,82863772;139,15;0,007186489
23/01/2006;1,2277;0,814531237;140,35;0,007125045
24/01/2006;1,2272;0,814863103;140,45;0,007119972
25/01/2006;1,2294;0,813404913;141,12;0,007086168
26/01/2006;1,2254;0,816060062;141,85;0,0070497
27/01/2006;1,2172;0,821557673;142,19;0,007032843
30/01/2006;1,2082;0,827677537;141,99;0,007042749
31/01/2006;1,2118;0,825218683;142,17;0,007033833
01/02/2006;1,2092;0,826993053;142,22;0,00703136
02/02/2006;1,2066;0,82877507;143,04;0,006991051
03/02/2006;1,2061;0,829118647;143,05;0,006990563
06/02/2006;1,1981;0,83465487;142,28;0,007028395
07/02/2006;1,1973;0,835212562;141,24;0,007080147
08/02/2006;1,1948;0,836960161;141,51;0,007066638
09/02/2006;1,1972;0,835282325;141,91;0,00704672
10/02/2006;1,197;0,835421888;140,77;0,007103786
13/02/2006;1,1888;0,841184388;140,35;0,007125045
14/02/2006;1,1898;0,840477391;139,57;0,007164864
15/02/2006;1,1904;0,840053763;139,96;0,007144899
16/02/2006;1,1858;0,843312532;140,11;0,007137249
17/02/2006;1,1863;0,842957093;140,77;0,007103786
20/02/2006;1,1932;0,838082467;141,11;0,00708667
21/02/2006;1,1906;0,839912649;141,61;0,007061648
22/02/2006;1,1875;0,842105263;140,91;0,007096728
23/02/2006;1,1957;0,836330183;139,88;0,007148985
24/02/2006;1,1896;0,840618695;139,11;0,007188556
27/02/2006;1,1852;0,843739453;137,77;0,007258474
28/02/2006;1,1875;0,842105263;138,18;0,007236937
01/03/2006;1,1954;0,83654007;138,56;0,00721709
02/03/2006;1,1921;0,838855801;138,73;0,007208246
03/03/2006;1,202;0,831946755;139,96;0,007144899
06/03/2006;1,2017;0,832154448;141,04;0,007090187
07/03/2006;1,1913;0,839419122;140,34;0,007125552
08/03/2006;1,1914;0,839348665;140,35;0,007125045
09/03/2006;1,192;0,838926174;140,1;0,007137759
10/03/2006;1,1919;0,83899656;141,11;0,00708667
13/03/2006;1,1922;0,838785439;141,94;0,00704523
14/03/2006;1,1948;0,836960161;141,31;0,00707664
15/03/2006;1,2026;0,831531681;141,31;0,00707664
16/03/2006;1,2069;0,828569061;142,06;0,007039279
17/03/2006;1,2185;0,820681165;141,47;0,007068636
20/03/2006;1,2174;0,821422704;141,07;0,007088679
21/03/2006;1,2144;0,82345191;141,61;0,007061648
22/03/2006;1,2069;0,828569061;141,34;0,007075138
23/03/2006;1,2055;0,829531315;141,12;0,007086168
24/03/2006;1,1969;0,835491687;141,52;0,007066139
27/03/2006;1,2025;0,831600832;140,15;0,007135212
28/03/2006;1,2084;0,827540549;141,09;0,007087675
29/03/2006;1,2012;0,832500833;141,58;0,007063145
30/03/2006;1,2096;0,826719577;141,9;0,007047216
31/03/2006;1,2104;0,826173166;142,42;0,007021486
03/04/2006;1,2063;0,828981182;142,77;0,007004273
04/04/2006;1,2217;0,818531554;143,69;0,006959427
05/04/2006;1,2262;0,815527646;144,16;0,006936737
06/04/2006;1,2312;0,812215724;144,81;0,0069056
07/04/2006;1,2179;0,821085475;143,57;0,006965243
10/04/2006;1,2099;0,826514588;143,22;0,006982265
11/04/2006;1,2105;0,826104915;143,73;0,00695749
12/04/2006;1,2125;0,824742268;143,22;0,006982265
13/04/2006;1,2094;0,826856292;143,48;0,006969612
14/04/2006;;#DIV/0!;;#DIV/0!
17/04/2006;;#DIV/0!;;#DIV/0!
18/04/2006;1,2252;0,816193275;144,53;0,006918979
19/04/2006;1,2346;0,809978941;144,6;0,006915629
20/04/2006;1,2346;0,809978941;145,27;0,006883734
21/04/2006;1,2315;0,812017864;144,36;0,006927127
24/04/2006;1,2365;0,808734331;142,17;0,007033833
25/04/2006;1,2425;0,804828974;142,11;0,007036802
26/04/2006;1,2425;0,804828974;142,87;0,00699937
27/04/2006;1,2414;0,80554213;142,71;0,007007217
28/04/2006;1,2537;0,797638989;143,29;0,006978854
01/05/2006;;#DIV/0!;;#DIV/0!
02/05/2006;1,2643;0,790951515;143,48;0,006969612
03/05/2006;1,2622;0,792267469;143,38;0,006974473
04/05/2006;1,2592;0,794155019;143,62;0,006962819
05/05/2006;1,2688;0,78814628;144,51;0,006919936
08/05/2006;1,2756;0,78394481;141,88;0,00704821
09/05/2006;1,2697;0,787587619;141,62;0,00706115
10/05/2006;1,2779;0,782533845;141,27;0,007078644
11/05/2006;1,2716;0,786410821;141,41;0,007071636
12/05/2006;1,2914;0,774353415;141,56;0,007064142
15/05/2006;1,2826;0,779666303;141,32;0,007076139
16/05/2006;1,2817;0,780213779;141,33;0,007075639
17/05/2006;1,2882;0,776276976;140,88;0,00709824
18/05/2006;1,277;0,783085356;141,94;0,00704523
19/05/2006;1,2767;0,783269366;142,64;0,007010656
22/05/2006;1,2753;0,784129224;143,55;0,006966214
23/05/2006;1,2841;0,778755549;143,04;0,006991051
24/05/2006;1,2851;0,77814956;143,86;0,006951203
25/05/2006;1,2755;0,784006272;143,08;0,006989097
26/05/2006;1,2797;0,781433148;143,5;0,006968641
29/05/2006;1,2758;0,783821916;143,23;0,006981778
30/05/2006;1,2839;0,77887686;144,05;0,006942034
31/05/2006;1,2868;0,777121542;144,32;0,006929047
01/06/2006;1,2736;0,785175879;144,19;0,006935294
02/06/2006;1,2815;0,780335544;144,59;0,006916108
05/06/2006;1,2958;0,771724031;144,66;0,006912761
06/06/2006;1,2847;0,778391842;144,74;0,00690894
07/06/2006;1,2789;0,781921964;144,89;0,006901788
08/06/2006;1,2735;0,785237534;145,66;0,006865303
09/06/2006;1,2659;0,789951813;144,25;0,006932409
12/06/2006;1,2572;0,79541839;143,89;0,006949753
13/06/2006;1,2571;0,795481664;144,14;0,006937699
14/06/2006;1,2563;0,795988219;144,68;0,006911805
15/06/2006;1,261;0,793021412;144,84;0,00690417
16/06/2006;1,2651;0,790451348;145,41;0,006877106
19/06/2006;1,2591;0,794218092;145,43;0,00687616
20/06/2006;1,2546;0,797066794;144,43;0,006923769
21/06/2006;1,2632;0,791640279;145,22;0,006886104
22/06/2006;1,2582;0,794786203;145,48;0,006873797
23/06/2006;1,2502;0,79987202;145,5;0,006872852
26/06/2006;1,2561;0,796114959;146,13;0,006843222
27/06/2006;1,2567;0,795734861;146,42;0,006829668
28/06/2006;1,257;0,795544948;146,12;0,00684369
29/06/2006;1,2529;0,798148296;146;0,006849315
30/06/2006;1,2713;0,786596397;145,75;0,006861063
03/07/2006;1,279;0,781860829;146,66;0,006818492
04/07/2006;1,2791;0,781799703;146,57;0,006822679
05/07/2006;1,2794;0,781616383;146,74;0,006814774
06/07/2006;1,2735;0,785237534;147,09;0,006798559
07/07/2006;1,2778;0,782595085;146,59;0,006821748
10/07/2006;1,2752;0,784190715;145,17;0,006888476
11/07/2006;1,2736;0,785175879;145,69;0,006863889
12/07/2006;1,2722;0,786039931;146,56;0,006823144
13/07/2006;1,2692;0,787897888;146,33;0,006833869
14/07/2006;1,2666;0,789515238;146,83;0,006810597
17/07/2006;1,2541;0,797384579;146,66;0,006818492
18/07/2006;1,2531;0,798020908;146,61;0,006820817
19/07/2006;1,2482;0,801153661;146,91;0,006806889
20/07/2006;1,2643;0,790951515;147,68;0,006771398
21/07/2006;1,268;0,788643533;146,96;0,006804573
24/07/2006;1,2633;0,791577614;147,32;0,006787945
25/07/2006;1,2636;0,79138968;147,52;0,006778742
26/07/2006;1,2587;0,794470485;147,1;0,006798097
27/07/2006;1,2737;0,785114234;147,25;0,006791171
28/07/2006;1,2664;0,789639924;146,57;0,006822679
31/07/2006;1,2767;0,783269366;145,82;0,00685777
01/08/2006;1,2759;0,783760483;146,42;0,006829668
02/08/2006;1,2798;0,781372089;146,88;0,006808279
03/08/2006;1,2781;0,782411392;146,84;0,006810133
04/08/2006;1,2792;0,781738587;147,66;0,006772315
07/08/2006;1,285;0,778210117;147,87;0,006762697
08/08/2006;1,2839;0,77887686;147,7;0,006770481
09/08/2006;1,2879;0,7764578;148,17;0,006749005
10/08/2006;1,2857;0,77778642;147,62;0,00677415
11/08/2006;1,2775;0,782778865;148,21;0,006747183
14/08/2006;1,2718;0,786287152;148,34;0,00674127
15/08/2006;1,2725;0,785854617;148,36;0,006740361
16/08/2006;1,2793;0,78167748;148,7;0,00672495
17/08/2006;1,2879;0,7764578;148,56;0,006731287
18/08/2006;1,2802;0,781127949;148,33;0,006741725
21/08/2006;1,2919;0,774053719;149,43;0,006692097
22/08/2006;1,2812;0,780518264;149,17;0,006703761
23/08/2006;1,2812;0,780518264;149,09;0,006707358
24/08/2006;1,2831;0,779362481;149,28;0,006698821
25/08/2006;1,2762;0,783576242;149,64;0,006682705
28/08/2006;1,28;0,78125;149,85;0,00667334
29/08/2006;1,2808;0,780762024;149,54;0,006687174
30/08/2006;1,2818;0,78015291;150,08;0,006663113
31/08/2006;1,2851;0,77814956;150,56;0,00664187
01/09/2006;1,2817;0,780213779;150,3;0,00665336
04/09/2006;1,2852;0,778089013;149,22;0,006701515
05/09/2006;1,281;0,780640125;148,47;0,006735367
06/09/2006;1,2793;0,78167748;149,23;0,006701065
07/09/2006;1,2731;0,785484251;148,05;0,006754475
08/09/2006;1,2713;0,786596397;147,91;0,006760868
11/09/2006;1,2713;0,786596397;149,14;0,006705109
12/09/2006;1,2709;0,786843969;149,49;0,006689411
13/09/2006;1,2677;0,788830165;149,23;0,006701065
14/09/2006;1,2723;0,78597815;149,58;0,006685386
15/09/2006;1,2675;0,788954635;149,09;0,006707358
18/09/2006;1,2665;0,789577576;149,47;0,006690306
19/09/2006;1,2654;0,790263948;148,81;0,006719978
20/09/2006;1,2676;0,788892395;148,7;0,00672495
21/09/2006;1,2731;0,785484251;148,84;0,006718624
22/09/2006;1,2817;0,780213779;148,89;0,006716368
25/09/2006;1,2768;0,78320802;148,78;0,006721334
26/09/2006;1,2695;0,787711698;147,83;0,006764527
27/09/2006;1,2684;0,788394828;148,9;0,006715917
28/09/2006;1,2713;0,786596397;149,57;0,006685833
29/09/2006;1,266;0,789889415;149,34;0,00669613
02/10/2006;1,2685;0,788332676;149,99;0,006667111
03/10/2006;1,2737;0,785114234;149,86;0,006672895
04/10/2006;1,2684;0,788394828;149,8;0,006675567
05/10/2006;1,2721;0,786101722;149,45;0,006691201
06/10/2006;1,2664;0,789639924;149,47;0,006690306
09/10/2006;1,2603;0,793461874;150,09;0,006662669
10/10/2006;1,2538;0,797575371;149,97;0,006668
11/10/2006;1,2543;0,797257434;149,96;0,006668445
12/10/2006;1,2531;0,798020908;149,87;0,006672449
13/10/2006;1,255;0,796812749;149,84;0,006673785
16/10/2006;1,2515;0,799041151;149,13;0,006705559
17/10/2006;1,2524;0,798466943;148,67;0,006726307
18/10/2006;1,2543;0,797257434;148,83;0,006719075
19/10/2006;1,2561;0,796114959;149,08;0,006707808
20/10/2006;1,2618;0,792518624;149,29;0,006698372
23/10/2006;1,2556;0,796431985;149,71;0,006679581
24/10/2006;1,2541;0,797384579;149,98;0,006667556
25/10/2006;1,258;0,79491256;149,93;0,006669779
26/10/2006;1,2653;0,790326405;150,4;0,006648936
27/10/2006;1,2683;0,78845699;150,26;0,006655131
30/10/2006;1,2717;0,786348982;149,17;0,006703761
31/10/2006;1,2696;0,787649653;149,59;0,006684939
01/11/2006;1,2757;0,783883358;149,24;0,006700616
02/11/2006;1,2767;0,783269366;149,4;0,00669344
03/11/2006;1,276;0,78369906;149,62;0,006683598
06/11/2006;1,2702;0,787277594;150,45;0,006646726
07/11/2006;1,2755;0,784006272;150,37;0,006650263
08/11/2006;1,2776;0,782717595;150,35;0,006651147
09/11/2006;1,2796;0,781494217;151,16;0,006615507
10/11/2006;1,2864;0,777363184;151,17;0,006615069
13/11/2006;1,283;0,779423227;151,28;0,006610259
14/11/2006;1,2824;0,779787898;150,88;0,006627784
15/11/2006;1,2792;0,781738587;151,01;0,006622078
16/11/2006;1,2804;0,781005936;151,16;0,006615507
17/11/2006;1,2774;0,782840144;151,17;0,006615069
20/11/2006;1,2841;0,778755549;151,57;0,006597612
21/11/2006;1,2814;0,780396441;151,24;0,006612007
22/11/2006;1,2886;0,776036008;150,75;0,006633499
23/11/2006;1,2953;0,772021925;150,61;0,006639665
24/11/2006;1,3078;0,764642912;151,36;0,006606765
27/11/2006;1,3114;0,762543846;152,24;0,006568576
28/11/2006;1,3147;0,760629801;152,99;0,006536375
29/11/2006;1,3157;0,760051684;153,01;0,006535521
30/11/2006;1,32;0,757575758;153,29;0,006523583
01/12/2006;1,3244;0,755058895;153,77;0,006503219
04/12/2006;1,3309;0,751371253;153,89;0,006498148
05/12/2006;1,3331;0,750131273;152,74;0,006547073
06/12/2006;1,3274;0,753352418;152,66;0,006550504
07/12/2006;1,3297;0,752049334;152,87;0,006541506
08/12/2006;1,3276;0,753238927;153,48;0,006515507
11/12/2006;1,3177;0,75889808;154,33;0,006479622
12/12/2006;1,3244;0,755058895;154,94;0,006454111
13/12/2006;1,3265;0,753863551;155,34;0,006437492
14/12/2006;1,3192;0,758035173;155,04;0,006449948
15/12/2006;1,3106;0,763009309;155,04;0,006449948
18/12/2006;1,3095;0,763650248;154,34;0,006479202
19/12/2006;1,3158;0,75999392;155,48;0,006431695
20/12/2006;1,3203;0,75740362;156;0,006410256
21/12/2006;1,3178;0,758840492;155,85;0,006416426
22/12/2006;1,3192;0,758035173;156,26;0,00639959
25/12/2006;;#DIV/0!;;#DIV/0!
26/12/2006;;#DIV/0!;;#DIV/0!
27/12/2006;1,3159;0,759936165;156,1;0,00640615
28/12/2006;1,3173;0,75912852;156,61;0,006385288
29/12/2006;1,317;0,759301443;156,93;0,006372268
01/01/2007;;#DIV/0!;;#DIV/0!
02/01/2007;1,327;0,753579503;157,76;0,006338742
03/01/2007;1,3231;0,755800771;157,76;0,006338742
04/01/2007;1,3106;0,763009309;156,11;0,00640574
05/01/2007;1,3084;0,764292265;154,55;0,006470398
08/01/2007;1,3006;0,768875903;154,42;0,006475845
09/01/2007;1,3018;0,768167153;155,26;0,006440809
10/01/2007;1,2988;0,769941484;154,99;0,006452029
11/01/2007;1,2984;0,770178681;156,16;0,006403689
12/01/2007;1,2893;0,775614675;155,24;0,006441639
15/01/2007;1,2941;0,77273781;156;0,006410256
16/01/2007;1,2953;0,772021925;156,27;0,006399181
17/01/2007;1,2909;0,774653343;155,75;0,006420546
18/01/2007;1,2922;0,773874013;156,79;0,006377958
19/01/2007;1,2958;0,771724031;157,13;0,006364157
22/01/2007;1,2936;0,773036487;157,53;0,006347997
23/01/2007;1,304;0,766871166;158,02;0,006328313
24/01/2007;1,3005;0,768935025;158,06;0,006326711
25/01/2007;1,2978;0,770534751;156,88;0,006374299
26/01/2007;1,2901;0,775133711;156,71;0,006381214
29/01/2007;1,2921;0,773933906;157,7;0,006341154
30/01/2007;1,2972;0,77089115;157,99;0,006329515
31/01/2007;1,2954;0,771962328;157,27;0,006358492
01/02/2007;1,302;0,768049155;156,85;0,006375518
02/02/2007;1,302;0,768049155;157,63;0,00634397
05/02/2007;1,2925;0,773694391;155,85;0,006416426
06/02/2007;1,2955;0,77190274;155,56;0,006428388
07/02/2007;1,2987;0,77000077;156,74;0,006379992
08/02/2007;1,2991;0,769763683;157,68;0,006341958
09/02/2007;1,3007;0,768816791;158,06;0,006326711
12/02/2007;1,2956;0,771843161;157,94;0,006331518
13/02/2007;1,3022;0,767931193;157,99;0,006329515
14/02/2007;1,3082;0,764409112;158,55;0,006307159
15/02/2007;1,3137;0,7612088;157,78;0,006337939
16/02/2007;1,3119;0,762253221;156,27;0,006399181
19/02/2007;1,3132;0,761498629;157,01;0,006369021
20/02/2007;1,3145;0,760745531;158,01;0,006328713
21/02/2007;1,3145;0,760745531;158,91;0,00629287
22/02/2007;1,3106;0,763009309;159;0,006289308
23/02/2007;1,3134;0,761382671;159,35;0,006275494
26/02/2007;1,316;0,759878419;158,7;0,006301197
27/02/2007;1,323;0,755857899;157,68;0,006341958
28/02/2007;1,3211;0,75694497;156,45;0,006391818
01/03/2007;1,3225;0,756143667;155,42;0,006434178
02/03/2007;1,3163;0,759705234;153,91;0,006497304
05/03/2007;1,3083;0,764350684;150,93;0,006625588
06/03/2007;1,31;0,763358779;152,69;0,006549217
07/03/2007;1,3135;0,761324705;152,81;0,006544074
08/03/2007;1,3152;0,760340633;154,02;0,006492663
09/03/2007;1,3155;0,760167237;154,28;0,006481722
12/03/2007;1,3156;0,760109456;154,44;0,006475006
13/03/2007;1,3218;0,756544107;154,14;0,006487609
14/03/2007;1,3183;0,758552681;153,66;0,006507875
15/03/2007;1,3226;0,756086496;155,09;0,006447869
16/03/2007;1,3325;0,750469043;155,62;0,006425909
19/03/2007;1,3303;0,751710141;156,17;0,006403278
20/03/2007;1,3296;0,752105897;156,15;0,006404099
21/03/2007;1,3293;0,752275634;156,64;0,006384065
22/03/2007;1,3351;0,749007565;157,27;0,006358492
23/03/2007;1,3327;0,750356419;156,65;0,006383658
26/03/2007;1,3265;0,753863551;157,05;0,006367399
27/03/2007;1,3347;0,749232037;157,91;0,006332721
28/03/2007;1,3348;0,749175907;156,38;0,00639468
29/03/2007;1,3352;0,748951468;156,75;0,006379585
30/03/2007;1,3318;0,750863493;157,32;0,006356471
02/04/2007;1,3366;0,748166991;157,35;0,006355259
03/04/2007;1,3358;0,748615062;158,53;0,006307954
04/04/2007;1,3352;0,748951468;158,7;0,006301197
05/04/2007;1,3373;0,747775368;159;0,006289308
06/04/2007;;#DIV/0!;;#DIV/0!
09/04/2007;;#DIV/0!;;#DIV/0!
10/04/2007;1,3426;0,744823477;160,05;0,006248047
11/04/2007;1,3418;0,745267551;160;0,00625
12/04/2007;1,3467;0,742555877;160,62;0,006225875
13/04/2007;1,3532;0,738989063;160,55;0,006228589
16/04/2007;1,355;0,73800738;161,96;0,006174364
17/04/2007;1,3549;0,73806185;161,81;0,006180088
18/04/2007;1,3577;0,736539736;160,77;0,006220066
19/04/2007;1,3601;0,735240056;160,13;0,006244926
20/04/2007;1,3606;0,734969866;161,45;0,006193868
23/04/2007;1,3557;0,737626319;160,91;0,006214654
24/04/2007;1,3582;0,736268591;161,39;0,006196171
25/04/2007;1,3649;0,732654407;161,95;0,006174745
26/04/2007;1,3596;0,735510444;162,26;0,006162948
27/04/2007;1,3643;0,732976618;162,76;0,006144016
30/04/2007;1,3605;0,735023888;162,82;0,006141752
01/05/2007;;#DIV/0!;;#DIV/0!
02/05/2007;1,3588;0,73594348;163,28;0,006124449
03/05/2007;1,3613;0,734591934;163,47;0,00611733
04/05/2007;1,3561;0,737408746;163,15;0,006129329
07/05/2007;1,3615;0,734484025;163,31;0,006123324
08/05/2007;1,3558;0,737571913;162,29;0,006161809
09/05/2007;1,3535;0,738825268;162,35;0,006159532
10/05/2007;1,3527;0,739262216;162,86;0,006140243
11/05/2007;1,3486;0,741509714;161,46;0,006193484
14/05/2007;1,3549;0,73806185;163,06;0,006132712
15/05/2007;1,3538;0,738661545;163,08;0,00613196
16/05/2007;1,3574;0,73670252;163,64;0,006110975
17/05/2007;1,3516;0,739863865;163,77;0,006106124
18/05/2007;1,3477;0,742004897;163;0,006134969
21/05/2007;1,3444;0,743826242;163,32;0,006122949
22/05/2007;1,3454;0,743273376;163,47;0,00611733
23/05/2007;1,349;0,741289844;163,85;0,006103143
24/05/2007;1,3448;0,743604997;163,2;0,006127451
25/05/2007;1,3441;0,743992262;163,5;0,006116208
28/05/2007;1,3453;0,743328626;163,71;0,006108362
29/05/2007;1,3509;0,740247243;164,23;0,006089021
30/05/2007;1,342;0,745156483;163,26;0,006125199
31/05/2007;1,3453;0,743328626;163,56;0,006113964
01/06/2007;1,3436;0,744269128;163,81;0,006104633
04/06/2007;1,3482;0,741729714;164,34;0,006084946
05/06/2007;1,3532;0,738989063;164,42;0,006081985
06/06/2007;1,3513;0,740028121;163,67;0,006109855
07/06/2007;1,347;0,742390497;163,43;0,006118828
08/06/2007;1,3349;0,749119784;162,4;0,006157635
11/06/2007;1,3355;0,748783227;162,55;0,006151953
12/06/2007;1,3345;0,749344324;162,56;0,006151575
13/06/2007;1,3287;0,752615338;162,52;0,006153089
14/06/2007;1,3304;0,751653638;163,56;0,006113964
15/06/2007;1,3314;0,751089079;164,42;0,006081985
18/06/2007;1,3404;0,746045956;165,46;0,006043757
19/06/2007;1,3403;0,746101619;165,46;0,006043757
20/06/2007;1,3427;0,744768005;165,88;0,006028454
21/06/2007;1,3397;0,746435769;165,5;0,006042296
22/06/2007;1,3441;0,743992262;166,75;0,005997001
25/06/2007;1,3461;0,742886858;166,21;0,006016485
26/06/2007;1,346;0,742942051;165,78;0,006032091
27/06/2007;1,3438;0,744158357;164,69;0,006072014
28/06/2007;1,3467;0,742555877;165,61;0,006038283
29/06/2007;1,3505;0,740466494;166,63;0,00600132
02/07/2007;1,3588;0,73594348;166,66;0,00600024
03/07/2007;1,3601;0,735240056;166,63;0,00600132
04/07/2007;1,3618;0,734322221;166,87;0,005992689
05/07/2007;1,364;0,73313783;167,1;0,00598444
06/07/2007;1,3596;0,735510444;167,57;0,005967655
09/07/2007;1,3621;0,734160487;168,13;0,005947779
10/07/2007;1,3666;0,731743012;167,86;0,005957345
11/07/2007;1,3753;0,727114084;167,39;0,005974073
12/07/2007;1,3788;0,725268349;168,39;0,005938595
13/07/2007;1,3782;0,725584095;168,68;0,005928385
16/07/2007;1,3781;0,725636746;167,84;0,005958055
17/07/2007;1,3771;0,726163677;168,07;0,005949902
18/07/2007;1,3779;0,725742071;168,3;0,005941771
19/07/2007;1,382;0,723589001;168,66;0,005929088
20/07/2007;1,3803;0,724480185;168,46;0,005936127
23/07/2007;1,3821;0,723536647;167,58;0,005967299
24/07/2007;1,3833;0,722908986;167,22;0,005980146
25/07/2007;1,3743;0,727643164;165,55;0,006040471
26/07/2007;1,3722;0,728756741;164,52;0,006078288
27/07/2007;1,3651;0,732547066;162,12;0,00616827
30/07/2007;1,3659;0,732118017;161,58;0,006188885
31/07/2007;1,3707;0,729554242;163,59;0,006112843
01/08/2007;1,3663;0,731903681;161,9;0,006176652
02/08/2007;1,3664;0,731850117;162,8;0,006142506
03/08/2007;1,3694;0,730246823;163,24;0,00612595
06/08/2007;1,3818;0,723693733;162,88;0,006139489
07/08/2007;1,3794;0,724952878;163,67;0,006109855
08/08/2007;1,3794;0,724952878;164,5;0,006079027
09/08/2007;1,3729;0,72838517;162,68;0,006147037
10/08/2007;1,365;0,732600733;160,37;0,00623558
13/08/2007;1,3651;0,732547066;161,47;0,006193101
14/08/2007;1,3591;0,735781032;160,74;0,006221227
15/08/2007;1,3476;0,742059958;157,39;0,006353644
16/08/2007;1,3405;0,745990302;153,19;0,006527841
17/08/2007;1,3454;0,743273376;152,74;0,006547073
20/08/2007;1,3476;0,742059958;155,14;0,006445791
21/08/2007;1,3508;0,740302043;154,98;0,006452445
22/08/2007;1,3493;0,741125028;155,32;0,006438321
23/08/2007;1,3574;0,73670252;158,26;0,006318716
24/08/2007;1,3615;0,734484025;157,7;0,006341154
27/08/2007;1,3658;0,732171621;158,63;0,006303978
28/08/2007;1,3664;0,731850117;157,55;0,006347191
29/08/2007;1,3631;0,733621891;156,48;0,006390593
30/08/2007;1,361;0,734753857;157,33;0,006356067
31/08/2007;1,3705;0,729660708;159,25;0,006279435
03/09/2007;1,3632;0,733568075;157,86;0,006334727
04/09/2007;1,358;0,736377025;156,84;0,006375925
05/09/2007;1,3588;0,73594348;157,11;0,006364967
06/09/2007;1,3669;0,731582413;157,32;0,006356471
07/09/2007;1,3696;0,730140187;157,79;0,006337537
10/09/2007;1,3795;0,724900326;156,64;0,006384065
11/09/2007;1,3824;0,72337963;157,31;0,006356875
12/09/2007;1,3885;0,720201656;158,14;0,006323511
13/09/2007;1,3897;0,719579765;159,52;0,006268806
14/09/2007;1,386;0,721500722;159,2;0,006281407
17/09/2007;1,3877;0,720616848;159,45;0,006271558
18/09/2007;1,3867;0,721136511;160,16;0,006243756
19/09/2007;1,3975;0,715563506;161,8;0,00618047
20/09/2007;1,403;0,712758375;161,43;0,006194635
21/09/2007;1,4049;0,711794434;162,46;0,006155361
24/09/2007;1,4113;0,70856657;162,35;0,006159532
25/09/2007;1,4106;0,708918191;161,24;0,006201935
26/09/2007;1,4127;0,707864373;162,93;0,006137605
27/09/2007;1,418;0,705218618;163,29;0,006124074
28/09/2007;1,4179;0,705268355;163,55;0,006114338
01/10/2007;1,4232;0,702641934;164,76;0,006069434
02/10/2007;1,4165;0,705965408;163,92;0,006100537
03/10/2007;1,4195;0,704473406;164,86;0,006065753
04/10/2007;1,4109;0,708767453;164,51;0,006078658
05/10/2007;1,4136;0,707413696;164,6;0,006075334
08/10/2007;1,4089;0,709773582;165,49;0,006042661
09/10/2007;1,4037;0,712402935;164,54;0,00607755
10/10/2007;1,4146;0,706913615;166,05;0,006022282
11/10/2007;1,4199;0,704274949;166,96;0,005989459
12/10/2007;1,4173;0,705566923;166,51;0,006005645
15/10/2007;1,4226;0,702938282;167,52;0,005969436
16/10/2007;1,415;0,706713781;165,17;0,006054368
17/10/2007;1,42;0,704225352;166,27;0,006014314
18/10/2007;1,4299;0,699349605;165;0,006060606
19/10/2007;1,4288;0,699888018;164,86;0,006065753
22/10/2007;1,4166;0,705915572;161,4;0,006195787
23/10/2007;1,4254;0,701557458;163,5;0,006116208
24/10/2007;1,423;0,702740689;162,67;0,006147415
25/10/2007;1,4309;0,698860857;163,64;0,006110975
26/10/2007;1,4384;0,695216908;164,5;0,006079027
29/10/2007;1,4391;0,694878744;165,17;0,006054368
30/10/2007;1,4407;0,694107031;165,41;0,006045584
31/10/2007;1,4447;0,692185229;166,49;0,006006367
01/11/2007;1,4423;0,693337031;166,29;0,006013591
02/11/2007;1,4479;0,690655432;166,88;0,00599233
05/11/2007;1,4488;0,690226394;165,39;0,006046315
06/11/2007;1,4547;0,687426961;166,9;0,005991612
07/11/2007;1,4722;0,679255536;166,07;0,006021557
08/11/2007;1,4666;0,681849175;165,9;0,006027728
09/11/2007;1,4683;0,681059729;163,22;0,0061267
12/11/2007;1,4579;0,685918101;159,55;0,006267628
13/11/2007;1,4607;0,684603272;160,96;0,006212724
14/11/2007;1,47;0,680272109;163,26;0,006125199
15/11/2007;1,4639;0,68310677;161,98;0,006173602
16/11/2007;1,4651;0,682547266;161,98;0,006173602
19/11/2007;1,4654;0,682407534;161,58;0,006188885
20/11/2007;1,4785;0,676361177;162,85;0,00614062
21/11/2007;1,4814;0,675037127;160,92;0,006214268
22/11/2007;1,4829;0,674354306;161,22;0,006202704
23/11/2007;1,4809;0,675265042;159,87;0,006255082
26/11/2007;1,4845;0,673627484;160,96;0,006212724
27/11/2007;1,4874;0,672314105;160,11;0,006245706
28/11/2007;1,4747;0,678104021;162,02;0,006172078
29/11/2007;1,4738;0,678518116;162,26;0,006162948
30/11/2007;1,4761;0,677460877;163,43;0,006118828
03/12/2007;1,4666;0,681849175;161,82;0,006179706
04/12/2007;1,4741;0,678380028;161,85;0,00617856
05/12/2007;1,472;0,679347826;162,33;0,006160291
06/12/2007;1,4554;0,687096331;161,55;0,006190034
07/12/2007;1,4649;0,682640453;163,38;0,0061207
10/12/2007;1,4718;0,679440141;164,53;0,006077919
11/12/2007;1,4672;0,681570338;164,24;0,006088651
12/12/2007;1,4675;0,681431005;163,41;0,006119577
13/12/2007;1,4683;0,681059729;164,21;0,006089763
14/12/2007;1,4509;0,689227376;163,99;0,006097933
17/12/2007;1,4393;0,694782186;163,12;0,006130456
18/12/2007;1,4416;0,693673696;163,44;0,006118453
19/12/2007;1,4385;0,695168578;162,54;0,006152332
20/12/2007;1,4349;0,696912677;162,3;0,006161429
21/12/2007;1,438;0,695410292;163,27;0,006124824
24/12/2007;1,4398;0,694540908;164,25;0,00608828
25/12/2007;;#DIV/0!;;#DIV/0!
26/12/2007;;#DIV/0!;;#DIV/0!
27/12/2007;1,4516;0,688895012;166,22;0,006016123
28/12/2007;1,4692;0,680642527;166,13;0,006019382
31/12/2007;1,4721;0,679301678;164,93;0,006063178
01/01/2008;;#DIV/0!;;#DIV/0!
02/01/2008;1,4688;0,680827887;163,83;0,006103888
03/01/2008;1,4753;0,677828238;160,68;0,00622355
04/01/2008;1,4727;0,67902492;160,86;0,006216586
07/01/2008;1,4723;0,6792094;160,65;0,006224712
08/01/2008;1,4705;0,680040802;161,23;0,00620232
09/01/2008;1,468;0,68119891;160,61;0,006226262
10/01/2008;1,4662;0,682035193;161,08;0,006208095
11/01/2008;1,4792;0,676041103;161,18;0,006204244
14/01/2008;1,4895;0,67136623;160,55;0,006228589
15/01/2008;1,4886;0,671772135;160,02;0,006249219
16/01/2008;1,4792;0,676041103;157,29;0,006357683
17/01/2008;1,4691;0,680688857;157,07;0,006366588
18/01/2008;1,4674;0,681477443;157,7;0,006341154
21/01/2008;1,4482;0,69051236;153,85;0,006499838
22/01/2008;1,4494;0,689940665;154,13;0,00648803
23/01/2008;1,4574;0,686153424;153,5;0,006514658
24/01/2008;1,4663;0,681988679;156,3;0,006397953
25/01/2008;1,4705;0,680040802;158,35;0,006315125
28/01/2008;1,4755;0,677736361;157,67;0,006342361
29/01/2008;1,4773;0,67691058;158,02;0,006328313
30/01/2008;1,481;0,675219446;158,39;0,00631353
31/01/2008;1,487;0,672494956;157,93;0,006331919
01/02/2008;1,4889;0,671636779;158,51;0,00630875
04/02/2008;1,4829;0,674354306;158,5;0,006309148
05/02/2008;1,4688;0,680827887;157,79;0,006337537
06/02/2008;1,4621;0,683947746;155,58;0,006427561
07/02/2008;1,4569;0,686388908;154,59;0,006468724
08/02/2008;1,4513;0,689037415;155,89;0,00641478
11/02/2008;1,4542;0,68766332;155,42;0,006434178
12/02/2008;1,4538;0,687852524;156,18;0,006402868
13/02/2008;1,4586;0,685588921;156,83;0,006376331
14/02/2008;1,4626;0,683713934;158,22;0,006320313
15/02/2008;1,4674;0,681477443;157,78;0,006337939
18/02/2008;1,4636;0,683246789;158,36;0,006314726
19/02/2008;1,4742;0,678334012;158,64;0,00630358
20/02/2008;1,4656;0,68231441;158,32;0,006316321
21/02/2008;1,4736;0,678610206;159,27;0,006278646
22/02/2008;1,4848;0,673491379;158,76;0,006298816
25/02/2008;1,4817;0,674900452;159,71;0,006261349
26/02/2008;1,4874;0,672314105;160,45;0,006232471
27/02/2008;1,5044;0,664716831;159,95;0,006251954
28/02/2008;1,5121;0,661331922;160,57;0,006227813
29/02/2008;1,5167;0,659326169;158,03;0,006327912
03/03/2008;1,5203;0,657764915;156,79;0,006377958
04/03/2008;1,5206;0,657635144;156,78;0,006378365
05/03/2008;1,5196;0,658067913;157,65;0,006343165
06/03/2008;1,5319;0,652784124;158,55;0,006307159
07/03/2008;1,5417;0,648634624;157,47;0,006350416
10/03/2008;1,534;0,651890482;156,87;0,006374705
11/03/2008;1,5379;0,650237337;158,37;0,006314327
12/03/2008;1,5477;0,646120049;158,45;0,006311139
13/03/2008;1,5577;0,641972138;156,45;0,006391818
14/03/2008;1,5561;0,642632222;157,07;0,006366588
17/03/2008;1,577;0,634115409;152,5;0,006557377
18/03/2008;1,5771;0,634075201;154,42;0,006475845
19/03/2008;1,5692;0,637267397;156,16;0,006403689
20/03/2008;1,5423;0,648382286;153,2;0,006527415
21/03/2008;;#DIV/0!;;#DIV/0!
24/03/2008;;#DIV/0!;;#DIV/0!
25/03/2008;1,5569;0,64230201;155,9;0,006414368
26/03/2008;1,571;0,636537237;155,89;0,00641478
27/03/2008;1,5786;0,633472697;157,53;0,006347997
28/03/2008;1,5796;0,633071664;157,86;0,006334727
31/03/2008;1,5812;0,632431065;157,37;0,006354451
01/04/2008;1,566;0,638569604;157,55;0,006347191
02/04/2008;1,5632;0,639713408;159,4;0,006273526
03/04/2008;1,5526;0,644080897;159,75;0,006259781
04/04/2008;1,5722;0,636051393;160,88;0,006215813
07/04/2008;1,5693;0,637226789;161,13;0,006206169
08/04/2008;1,5694;0,637186186;160,75;0,00622084
09/04/2008;1,5726;0,63588961;161,36;0,006197323
10/04/2008;1,5875;0,62992126;159,18;0,006282196
11/04/2008;1,5833;0,631592244;159,83;0,006256648
14/04/2008;1,5869;0,63015943;159,38;0,006274313
15/04/2008;1,5828;0,631791761;159,87;0,006255082
16/04/2008;1,5928;0,627825213;161,41;0,006195403
17/04/2008;1,5872;0,630040323;162,74;0,006144771
18/04/2008;1,578;0,633713561;163,99;0,006097933
21/04/2008;1,5898;0,629009938;164,43;0,006081615
22/04/2008;1,5931;0,627706986;164,43;0,006081615
23/04/2008;1,594;0,627352572;164,3;0,006086427
24/04/2008;1,5769;0,634155622;163,07;0,006132336
25/04/2008;1,5596;0,641190049;163,01;0,006134593
28/04/2008;1,5628;0,639877144;163,55;0,006114338
29/04/2008;1,5571;0,642219511;161,73;0,006183145
30/04/2008;1,554;0,643500644;162,62;0,006149305
01/05/2008;;#DIV/0!;;#DIV/0!
02/05/2008;1,5458;0,646914219;161,94;0,006175127
05/05/2008;1,546;0,64683053;162,73;0,006145148
06/05/2008;1,5528;0,643997939;162,25;0,006163328
07/05/2008;1,543;0,64808814;162,55;0,006151953
08/05/2008;1,5347;0,651593145;160,15;0,006244146
09/05/2008;1,5458;0,646914219;158,81;0,006296833
12/05/2008;1,543;0,64808814;160,42;0,006233637
13/05/2008;1,5473;0,646287081;160,71;0,006222388
14/05/2008;1,5439;0,647710344;162,48;0,006154604
15/05/2008;1,5474;0,646245315;162,61;0,006149683
16/05/2008;1,5498;0,645244548;162,29;0,006161809
19/05/2008;1,5577;0,641972138;162,04;0,006171316
20/05/2008;1,5639;0,639427073;162,84;0,006140997
21/05/2008;1,5753;0,634799721;162,82;0,006141752
22/05/2008;1,5755;0,634719137;162,71;0,006145904
23/05/2008;1,5742;0,635243298;162,97;0,006136099
26/05/2008;1,5761;0,634477508;162,97;0,006136099
27/05/2008;1,576;0,634517766;163,65;0,006110602
28/05/2008;1,5656;0,638732754;164,07;0,006094959
29/05/2008;1,5551;0,643045463;163,76;0,006106497
30/05/2008;1,5508;0,644828476;163,74;0,006107243
02/06/2008;1,5521;0,644288383;162,64;0,006148549
03/06/2008;1,5593;0,64131341;163;0,006134969
04/06/2008;1,5466;0,646579594;161,82;0,006179706
05/06/2008;1,5402;0,649266329;163,46;0,006117705
06/06/2008;1,5597;0,641148939;165,75;0,006033183
09/06/2008;1,5784;0,633552965;166,76;0,005996642
10/06/2008;1,5526;0,644080897;165,77;0,006032455
11/06/2008;1,5515;0,644537544;166,37;0,006010699
12/06/2008;1,5417;0,648634624;166,08;0,006021195
13/06/2008;1,5336;0,652060511;166,05;0,006022282
16/06/2008;1,5459;0,646872372;167,26;0,005978716
17/06/2008;1,5477;0,646120049;167,59;0,005966943
18/06/2008;1,5493;0,645452785;167,62;0,005965875
19/06/2008;1,5481;0,645953104;166,94;0,005990176
20/06/2008;1,561;0,64061499;167,83;0,00595841
23/06/2008;1,5521;0,644288383;167,46;0,005971575
24/06/2008;1,5568;0,642343268;168;0,005952381
25/06/2008;1,5599;0,641066735;168,4;0,005938242
26/06/2008;1,5731;0,635687496;169,23;0,005909118
27/06/2008;1,5748;0,63500127;167,08;0,005985157
30/06/2008;1,5764;0,634356762;166,44;0,006008171
01/07/2008;1,5775;0,633914422;166,57;0,006003482
02/07/2008;1,5806;0,632671138;168,41;0,00593789
03/07/2008;1,5885;0,629524709;168,62;0,005930495
04/07/2008;1,5671;0,638121371;167,31;0,005976929
07/07/2008;1,5651;0,638936809;168,47;0,005935775
08/07/2008;1,5687;0,637470517;167,96;0,005953799
09/07/2008;1,5715;0,636334712;168,87;0,005921715
10/07/2008;1,5708;0,636618284;168,5;0,005934718
11/07/2008;1,5835;0,631512472;168,35;0,005940006
14/07/2008;1,5847;0,631034265;169,24;0,005908769
15/07/2008;1,599;0,625390869;167,48;0,005970862
16/07/2008;1,5888;0,629405841;165,66;0,00603646
17/07/2008;1,5849;0,630954634;167,43;0,005972645
18/07/2008;1,5816;0,632271118;169,03;0,00591611
21/07/2008;1,5858;0,630596544;169,65;0,005894489
22/07/2008;1,5919;0,628180162;169,26;0,00590807
23/07/2008;1,5741;0,635283654;169,75;0,005891016
24/07/2008;1,5677;0,637877145;168,92;0,005919962
25/07/2008;1,5734;0,63556629;168,77;0,005925224
28/07/2008;1,5746;0,635081926;169,63;0,005895184
29/07/2008;1,5705;0,636739892;169,33;0,005905628
30/07/2008;1,5589;0,641477965;168,2;0,005945303
31/07/2008;1,5611;0,640573954;169,02;0,00591646
01/08/2008;1,5574;0,642095801;167,44;0,005972289
04/08/2008;1,5566;0,6424258;168,39;0,005938595
05/08/2008;1,5487;0,645702848;167,06;0,005985873
06/08/2008;1,5478;0,646078305;168,16;0,005946717
07/08/2008;1,5471;0,646370629;169,16;0,005911563
08/08/2008;1,5074;0,663393923;165,61;0,006038283
11/08/2008;1,5012;0,66613376;164,73;0,00607054
12/08/2008;1,4907;0,670825787;163,97;0,006098677
13/08/2008;1,4903;0,671005838;162,05;0,006170935
14/08/2008;1,4907;0,670825787;163,36;0,00612145
15/08/2008;1,4729;0,678932718;162,7;0,006146281
18/08/2008;1,4704;0,680087051;162,2;0,006165228
19/08/2008;1,4677;0,681338148;161,11;0,006206939
20/08/2008;1,4734;0,678702321;162,22;0,006164468
21/08/2008;1,4814;0,675037127;160,35;0,006236358
22/08/2008;1,4808;0,675310643;162,55;0,006151953
25/08/2008;1,4767;0,677185617;162,32;0,00616067
26/08/2008;1,4598;0,685025346;160,19;0,006242587
27/08/2008;1,4767;0,677185617;160,98;0,006211952
28/08/2008;1,4771;0,677002234;161,44;0,006194252
29/08/2008;1,4735;0,678656261;160,22;0,006241418
01/09/2008;1,4621;0,683947746;157,72;0,00634035
02/09/2008;1,4516;0,688895012;158,01;0,006328713
03/09/2008;1,4441;0,69247282;156,75;0,006379585
04/09/2008;1,4488;0,690226394;156,76;0,006379178
05/09/2008;1,4247;0,701902155;151,54;0,006598918
08/09/2008;1,4214;0,703531729;154,42;0,006475845
09/09/2008;1,4144;0,707013575;152,9;0,006540222
10/09/2008;1,4094;0,709521782;150,52;0,006643635
11/09/2008;1,3934;0,717669011;148,69;0,006725402
12/09/2008;1,4066;0,710934167;150,91;0,006626466
15/09/2008;1,4151;0,70666384;149,87;0,006672449
16/09/2008;1,4267;0,700918203;148,07;0,006753563
17/09/2008;1,4224;0,70303712;150,26;0,006655131
18/09/2008;1,4502;0,689560061;151,96;0,006580679
19/09/2008;1,4236;0,702444507;153,03;0,006534666
22/09/2008;1,4571;0,686294695;155,2;0,006443299
23/09/2008;1,4731;0,67884054;155,42;0,006434178
24/09/2008;1,469;0,680735194;155,57;0,006427975
25/09/2008;1,47;0,680272109;155,91;0,006413957
26/09/2008;1,464;0,683060109;154,13;0,00648803
29/09/2008;1,4349;0,696912677;152,3;0,006565988
30/09/2008;1,4303;0,699154024;150,47;0,006645843
01/10/2008;1,4081;0,710176834;149,55;0,006686727
02/10/2008;1,3903;0,719269222;146,45;0,006828269
03/10/2008;1,3834;0,72285673;145,09;0,006892274
06/10/2008;1,3634;0,733460466;140,78;0,007103282
07/10/2008;1,3632;0,733568075;139,51;0,007167945
08/10/2008;1,3731;0,728279077;138,42;0,00722439
09/10/2008;1,3682;0,730887297;137,84;0,007254788
10/10/2008;1,3579;0,736431254;134,68;0,007425007
13/10/2008;1,3639;0,733191583;136,63;0,007319037
14/10/2008;1,3752;0,727166958;141,25;0,007079646
15/10/2008;1,3625;0,733944954;138,18;0,007236937
16/10/2008;1,3507;0,740356852;135,91;0,00735781
17/10/2008;1,3404;0,746045956;135,57;0,007376263
20/10/2008;1,3424;0,744934446;136,45;0,007328692
21/10/2008;1,3184;0,758495146;133,06;0,007515407
22/10/2008;1,2843;0,778634275;126,88;0,007881463
23/10/2008;1,281;0,780640125;124,41;0,008037939
24/10/2008;1,2596;0,793902826;117,4;0,008517888
27/10/2008;1,246;0,802568218;115,75;0,008639309
28/10/2008;1,2526;0,798339454;119,42;0,008373807
29/10/2008;1,277;0,783085356;124;0,008064516
30/10/2008;1,3035;0,767165324;128,73;0,007768197
31/10/2008;1,2757;0,783883358;124,97;0,00800192
03/11/2008;1,2822;0,77990953;126,38;0,007912644
04/11/2008;1,282;0,780031201;127,35;0,007852375
05/11/2008;1,287;0,777000777;127,4;0,007849294
06/11/2008;1,277;0,783085356;124,86;0,00800897
07/11/2008;1,2756;0,78394481;124,29;0,0080457
10/11/2008;1,2891;0,775735009;127,89;0,00781922
11/11/2008;1,2747;0,784498313;124,77;0,008014747
12/11/2008;1,253;0,798084597;121,81;0,008209507
13/11/2008;1,2525;0,798403194;120,34;0,008309789
14/11/2008;1,2675;0,788954635;122,17;0,008185316
17/11/2008;1,266;0,789889415;121,93;0,008201427
18/11/2008;1,2653;0,790326405;121,92;0,0082021
19/11/2008;1,2634;0,79151496;122,07;0,008192021
20/11/2008;1,2542;0,797321001;119,87;0,008342371
21/11/2008;1,2602;0,793524837;119,3;0,00838223
24/11/2008;1,2773;0,782901433;122,52;0,008161933
25/11/2008;1,2811;0,78057919;123,08;0,008124797
26/11/2008;1,2935;0,77309625;123,1;0,008123477
27/11/2008;1,29;0,775193798;123,04;0,008127438
28/11/2008;1,2727;0,785731123;121,46;0,008233163
01/12/2008;1,2608;0,793147208;118,42;0,00844452
02/12/2008;1,2697;0,787587619;118,56;0,008434548
03/12/2008;1,2623;0,792204706;117,39;0,008518613
04/12/2008;1,262;0,792393027;117,1;0,00853971
05/12/2008;1,2665;0,789577576;116,91;0,008553588
08/12/2008;1,2854;0,777967948;120,1;0,008326395
09/12/2008;1,2838;0,778937529;118,85;0,008413967
10/12/2008;1,2925;0,773694391;119,77;0,008349336
11/12/2008;1,3215;0,756715853;120,67;0,008287064
12/12/2008;1,334;0,749625187;120,21;0,008318775
15/12/2008;1,351;0,74019245;122,42;0,0081686
16/12/2008;1,369;0,73046019;123,2;0,008116883
17/12/2008;1,4059;0,711288143;124,35;0,008041817
18/12/2008;1,4616;0,684181719;129,22;0,00773874
19/12/2008;1,394;0,717360115;124,74;0,008016675
22/12/2008;1,397;0,715819613;125,66;0,007957982
23/12/2008;1,3978;0,71540993;126,03;0,007934619
24/12/2008;1,4005;0,714030703;126,65;0,007895776
25/12/2008;;#DIV/0!;;#DIV/0!
26/12/2008;;#DIV/0!;;#DIV/0!
29/12/2008;1,427;0,700770848;128,98;0,00775314
30/12/2008;1,4098;0,709320471;127,4;0,007849294
31/12/2008;1,3917;0,718545664;126,14;0,007927699
01/01/2009;;#DIV/0!;;#DIV/0!
02/01/2009;1,3866;0,721188519;126,64;0,007896399
05/01/2009;1,3582;0,736268591;126,81;0,007885813
06/01/2009;1,3332;0,750075008;125,84;0,007946599
07/01/2009;1,3595;0,735564546;126,77;0,007888302
08/01/2009;1,3617;0,734376147;124,34;0,008042464
09/01/2009;1,3684;0,730780474;124,4;0,008038585
12/01/2009;1,3394;0,746602957;120,48;0,008300133
13/01/2009;1,3262;0,754034082;118,54;0,008435971
14/01/2009;1,3173;0,75912852;117,66;0,008499065
15/01/2009;1,3085;0,764233856;116,97;0,008549201
16/01/2009;1,327;0,753579503;120,11;0,008325701
19/01/2009;1,3182;0,758610226;119,16;0,008392078
20/01/2009;1,293;0,773395205;116,9;0,00855432
21/01/2009;1,291;0,774593338;116,11;0,008612523
22/01/2009;1,2984;0,770178681;114,98;0,008697165
23/01/2009;1,2795;0,781555295;113,65;0,008798944
26/01/2009;1,299;0,769822941;115,82;0,008634087
27/01/2009;1,3174;0,759070897;117,59;0,008504125
28/01/2009;1,326;0,754147813;118,57;0,008433837
29/01/2009;1,3111;0,762718328;118,07;0,008469552
30/01/2009;1,2816;0,780274657;114,98;0,008697165
02/02/2009;1,276;0,78369906;114,04;0,008768853
03/02/2009;1,2849;0,778270683;115,02;0,00869414
04/02/2009;1,2818;0,78015291;114,28;0,008750438
05/02/2009;1,2829;0,779483982;115,04;0,008692629
06/02/2009;1,2796;0,781494217;116,7;0,00856898
09/02/2009;1,3008;0,768757688;119,21;0,008388558
10/02/2009;1,2967;0,771188401;118,39;0,008446659
11/02/2009;1,2938;0,772916989;116,5;0,008583691
12/02/2009;1,2833;0,779241019;115,46;0,008661008
13/02/2009;1,2823;0,779848709;117,59;0,008504125
16/02/2009;1,2765;0,783392088;117,33;0,008522969
17/02/2009;1,2634;0,79151496;116,2;0,008605852
18/02/2009;1,2596;0,793902826;116,83;0,008559445
19/02/2009;1,2705;0,787091696;118,99;0,008404068
20/02/2009;1,2591;0,794218092;118,62;0,008430282
23/02/2009;1,2798;0,781372089;121,09;0,00825832
24/02/2009;1,2763;0,783514848;122,4;0,008169935
25/02/2009;1,2795;0,781555295;123,76;0,008080155
26/02/2009;1,2782;0,78235018;125,33;0,007978936
27/02/2009;1,2644;0,790888959;123,23;0,008114907
02/03/2009;1,2596;0,793902826;122,52;0,008161933
03/03/2009;1,2615;0,792707095;123,64;0,008087997
04/03/2009;1,2555;0,79649542;124,67;0,008021176
05/03/2009;1,2555;0,79649542;124,71;0,008018603
06/03/2009;1,2658;0,79001422;122,53;0,008161267
09/03/2009;1,2565;0,79586152;124,4;0,008038585
10/03/2009;1,2783;0,782288978;125,45;0,007971303
11/03/2009;1,2786;0,782105428;125,35;0,007977663
12/03/2009;1,2782;0,78235018;124,3;0,008045052
13/03/2009;1,2905;0,774893452;127,03;0,007872156
16/03/2009;1,3042;0,766753565;128,51;0,007781496
17/03/2009;1,2942;0,772678102;128,1;0,007806401
18/03/2009;1,313;0,761614623;128,94;0,007755545
19/03/2009;1,3671;0,731475386;129,67;0,007711884
20/03/2009;1,3549;0,73806185;129,87;0,007700008
23/03/2009;1,3558;0,737571913;131,12;0,007626602
24/03/2009;1,3507;0,740356852;132,68;0,007536931
25/03/2009;1,3494;0,741070105;132,24;0,007562008
26/03/2009;1,3607;0,734915852;133,63;0,00748335
27/03/2009;1,3295;0,752162467;129,91;0,007697637
30/03/2009;1,3193;0,757977715;127,93;0,007816775
31/03/2009;1,3308;0,751427713;131,17;0,007623694
01/04/2009;1,3246;0,754944889;130,86;0,007641755
02/04/2009;1,3392;0,746714456;133,48;0,007491759
03/04/2009;1,3425;0,744878957;134,08;0,007458234
06/04/2009;1,3496;0,740960285;136,02;0,00735186
07/04/2009;1,3255;0,75443229;132,8;0,00753012
08/04/2009;1,3231;0,755800771;132,37;0,007554582
09/04/2009;1,3273;0,753409177;133,05;0,007515971
10/04/2009;;#DIV/0!;;#DIV/0!
13/04/2009;;#DIV/0!;;#DIV/0!
14/04/2009;1,3276;0,753238927;132,57;0,007543185
15/04/2009;1,3173;0,75912852;130,7;0,007651109
16/04/2009;1,3196;0,757805396;130,5;0,007662835
17/04/2009;1,3058;0,76581406;129,67;0,007711884
20/04/2009;1,2966;0,771247879;127,8;0,007824726
21/04/2009;1,2932;0,773275595;126,82;0,007885192
22/04/2009;1,2947;0,772379702;126,85;0,007883327
23/04/2009;1,305;0,766283525;128,28;0,007795447
24/04/2009;1,3232;0,755743652;128,3;0,007794232
27/04/2009;1,3125;0,761904762;126,82;0,007885192
28/04/2009;1,2992;0,769704433;125,08;0,007994883
29/04/2009;1,3266;0,753806724;128,53;0,007780285
30/04/2009;1,3275;0,753295669;130,34;0,007672242
01/05/2009;;#DIV/0!;;#DIV/0!
04/05/2009;1,3223;0,756258035;131,52;0,007603406
05/05/2009;1,3403;0,746101619;132,59;0,007542047
06/05/2009;1,3322;0,750638042;131,17;0,007623694
07/05/2009;1,3363;0,748334955;132,72;0,007534659
08/05/2009;1,3425;0,744878957;133,36;0,0074985
11/05/2009;1,3574;0,73670252;132,82;0,007528987
12/05/2009;1,3683;0,730833881;132,9;0,007524454
13/05/2009;1,3623;0,734052705;130,9;0,007639419
14/05/2009;1,3563;0,737300007;129,41;0,007727378
15/05/2009;1,3518;0,739754402;128,67;0,007771819
18/05/2009;1,3494;0,741070105;129,28;0,007735149
19/05/2009;1,3612;0,734645901;130,91;0,007638836
20/05/2009;1,369;0,73046019;131,06;0,007630093
21/05/2009;1,3771;0,726163677;130,84;0,007642923
22/05/2009;1,3972;0,715717149;131,41;0,007609771
25/05/2009;1,401;0,713775874;133,22;0,00750638
26/05/2009;1,3908;0,719010641;132,06;0,007572316
27/05/2009;1,3901;0,719372707;132,48;0,007548309
28/05/2009;1,3856;0,721709007;134,38;0,007441584
29/05/2009;1,4098;0,709320471;135,22;0,007395356
01/06/2009;1,422;0,70323488;134,89;0,007413448
02/06/2009;1,4238;0,702345835;136,09;0,007348078
03/06/2009;1,4207;0,70387837;136,33;0,007335143
04/06/2009;1,4095;0,709471444;136,32;0,007335681
05/06/2009;1,4177;0,705367849;137,48;0,007273785
08/06/2009;1,3866;0,721188519;136,53;0,007324398
09/06/2009;1,3959;0,716383695;136,8;0,007309942
10/06/2009;1,4102;0,709119274;138,03;0,007244802
11/06/2009;1,3969;0,715870857;137,39;0,00727855
12/06/2009;1,4004;0,714081691;137,55;0,007270084
15/06/2009;1,385;0,722021661;136,08;0,007348618
16/06/2009;1,389;0,719942405;134,78;0,007419498
17/06/2009;1,384;0,722543353;133,28;0,007503001
18/06/2009;1,392;0,718390805;133,57;0,007486711
19/06/2009;1,3932;0,717772036;134,84;0,007416197
22/06/2009;1,3858;0,721604849;133,02;0,007517667
23/06/2009;1,3978;0,71540993;133,49;0,007491198
24/06/2009;1,4029;0,712809181;133,77;0,007475518
25/06/2009;1,394;0,717360115;134,34;0,007443799
26/06/2009;1,4096;0,709421112;134,5;0,007434944
29/06/2009;1,4058;0,71133874;134,03;0,007461016
30/06/2009;1,4134;0,707513797;135,51;0,007379529
01/07/2009;1,4096;0,709421112;136,53;0,007324398
02/07/2009;1,4049;0,711794434;135,95;0,007355645
03/07/2009;1,4009;0,713826826;134,32;0,007444908
06/07/2009;1,3897;0,719579765;132,44;0,007550589
07/07/2009;1,4019;0,71331764;133,61;0,00748447
08/07/2009;1,3901;0,719372707;131,02;0,007632423
09/07/2009;1,399;0,714796283;130,05;0,00768935
10/07/2009;1,3901;0,719372707;128,21;0,007799704
13/07/2009;1,3975;0,715563506;129,03;0,007750136
14/07/2009;1,3991;0,714745193;130,34;0,007672242
15/07/2009;1,4089;0,709773582;131,57;0,007600517
16/07/2009;1,413;0,707714084;132,63;0,007539772
17/07/2009;1,409;0,709723208;132,06;0,007572316
20/07/2009;1,4217;0,703383274;134,44;0,007438262
21/07/2009;1,4223;0,70308655;134,1;0,007457122
22/07/2009;1,4191;0,704671975;132,49;0,007547739
23/07/2009;1,4229;0,702790077;134,23;0,007449899
24/07/2009;1,4227;0,702888873;134,92;0,0074118
27/07/2009;1,4269;0,700819959;135,61;0,007374087
28/07/2009;1,4229;0,702790077;134,53;0,007433286
29/07/2009;1,4104;0,709018718;133,86;0,007470492
30/07/2009;1,4053;0,711591831;133,89;0,007468818
31/07/2009;1,4138;0,707313623;135,33;0,007389345
03/08/2009;1,4303;0,699154024;135,86;0,007360518
04/08/2009;1,4384;0,695216908;136,22;0,007341066
05/08/2009;1,441;0,693962526;137,38;0,00727908
06/08/2009;1,437;0,695894224;137,31;0,007282791
07/08/2009;1,4357;0,696524344;136,89;0,007305136
10/08/2009;1,4202;0,704126179;138,01;0,007245852
11/08/2009;1,4166;0,705915572;136,72;0,007314219
12/08/2009;1,417;0,705716302;135,77;0,007365397
13/08/2009;1,4293;0,699643182;137,52;0,00727167
14/08/2009;1,4294;0,699594235;135,61;0,007374087
17/08/2009;1,4072;0,71063104;132,94;0,00752219
18/08/2009;1,4101;0,709169562;134,12;0,00745601
19/08/2009;1,4112;0,70861678;132,55;0,007544323
20/08/2009;1,4243;0,702099277;134,11;0,007456566
21/08/2009;1,433;0,697836706;134,19;0,00745212
24/08/2009;1,4323;0,698177756;135,57;0,007376263
25/08/2009;1,4324;0,698129014;135,05;0,007404665
26/08/2009;1,427;0,700770848;134,32;0,007444908
27/08/2009;1,4268;0,700869078;133,61;0,00748447
28/08/2009;1,4364;0,696184907;134,75;0,00742115
31/08/2009;1,4272;0,700672646;133,1;0,007513148
01/09/2009;1,4314;0,698616739;133,26;0,007504127
02/09/2009;1,422;0,70323488;131,63;0,007597052
03/09/2009;1,4335;0,697593303;132,47;0,007548879
04/09/2009;1,4262;0,701163932;132,45;0,007550019
07/09/2009;1,433;0,697836706;133,33;0,007500188
08/09/2009;1,4473;0,690941754;133,57;0,007486711
09/09/2009;1,4522;0,688610384;134,13;0,007455454
10/09/2009;1,4545;0,687521485;133,92;0,007467145
11/09/2009;1,4594;0,685213101;132,62;0,007540341
14/09/2009;1,4561;0,686766019;132,3;0,007558579
15/09/2009;1,4611;0,684415851;133,26;0,007504127
16/09/2009;1,4671;0,681616795;132,6;0,007541478
17/09/2009;1,4712;0,679717238;134,38;0,007441584
18/09/2009;1,4705;0,680040802;134,17;0,007453231
21/09/2009;1,4658;0,682221313;135,46;0,007382253
22/09/2009;1,478;0,676589986;135,09;0,007402472
23/09/2009;1,4783;0,676452682;134,96;0,007409603
24/09/2009;1,4768;0,677139762;133,85;0,00747105
25/09/2009;1,467;0,681663258;132,59;0,007542047
28/09/2009;1,465;0,682593857;131,15;0,007624857
29/09/2009;1,4549;0,687332463;130,91;0,007638836
30/09/2009;1,4643;0,682920167;131,07;0,007629511
01/10/2009;1,4539;0,687805214;130,78;0,007646429
02/10/2009;1,4537;0,687899842;129,95;0,007695267
05/10/2009;1,4616;0,684181719;131,41;0,007609771
06/10/2009;1,4722;0,679255536;131,21;0,00762137
07/10/2009;1,4694;0,680549884;130,68;0,00765228
08/10/2009;1,4763;0,677369098;130,46;0,007665185
09/10/2009;1,475;0,677966102;131,12;0,007626602
12/10/2009;1,4765;0,677277345;132,99;0,007519362
13/10/2009;1,4864;0,672766416;133,02;0,007517667
14/10/2009;1,4881;0,67199785;133,39;0,007496814
15/10/2009;1,4864;0,672766416;134,07;0,00745879
16/10/2009;1,4869;0,672540184;135,6;0,007374631
19/10/2009;1,4918;0,670331144;135,66;0,00737137
20/10/2009;1,4971;0,667958052;135,53;0,00737844
21/10/2009;1,4921;0,670196368;135,82;0,007362686
22/10/2009;1,5;0,666666667;136,9;0,007304602
23/10/2009;1,502;0,665778961;137,97;0,007247952
26/10/2009;1,5019;0,66582329;138,09;0,007241654
27/10/2009;1,4874;0,672314105;136,91;0,007304068
28/10/2009;1,4785;0,676361177;134,76;0,0074206
29/10/2009;1,4788;0,676223965;135,13;0,007400281
30/10/2009;1,48;0,675675676;134,66;0,00742611
02/11/2009;1,4772;0,676956404;132,95;0,007521625
03/11/2009;1,4658;0,682221313;132,25;0,007561437
04/11/2009;1,4761;0,677460877;134,3;0,007446016
05/11/2009;1,4867;0,672630659;134,3;0,007446016
06/11/2009;1,4862;0,672856951;134,76;0,0074206
09/11/2009;1,4984;0,667378537;134,81;0,007417847
10/11/2009;1,4966;0,668181211;134,51;0,007434391
11/11/2009;1,5037;0,665026269;135,11;0,007401377
12/11/2009;1,4922;0,670151454;134,32;0,007444908
13/11/2009;1,4868;0,672585418;133,51;0,007490076
16/11/2009;1,4965;0,66822586;134,02;0,007461573
17/11/2009;1,4875;0,672268908;132,76;0,007532389
18/11/2009;1,4957;0,668583272;133,39;0,007496814
19/11/2009;1,4863;0,67281168;132,05;0,007572889
20/11/2009;1,4815;0,674991563;131,87;0,007583226
23/11/2009;1,4968;0,668091929;133,03;0,007517101
24/11/2009;1,4969;0,668047298;132,57;0,007543185
25/11/2009;1,5083;0,662998077;132,1;0,007570023
26/11/2009;1,5071;0,663525977;130,7;0,007651109
27/11/2009;1,4918;0,670331144;129,2;0,007739938
30/11/2009;1,5023;0,665646009;129,77;0,007705941
01/12/2009;1,5074;0,663393923;131,02;0,007632423
02/12/2009;1,509;0,662690524;131,55;0,007601672
03/12/2009;1,512;0,661375661;133,17;0,007509199
04/12/2009;1,5068;0,663658083;133,08;0,007514277
07/12/2009;1,4787;0,676269696;133,24;0,007505254
08/12/2009;1,4774;0,676864762;130,74;0,007648769
09/12/2009;1,4768;0,677139762;129,91;0,007697637
10/12/2009;1,473;0,678886626;130,03;0,007690533
11/12/2009;1,4757;0,677644508;131,13;0,00762602
14/12/2009;1,4647;0,682733666;129,55;0,007719027
15/12/2009;1,4541;0,687710611;130,22;0,007679312
16/12/2009;1,456;0,686813187;130,61;0,007656382
17/12/2009;1,4343;0,697204211;129,27;0,007735747
18/12/2009;1,4337;0,697495989;129,68;0,007711289
21/12/2009;1,4368;0,695991091;130,1;0,007686395
22/12/2009;1,4279;0,700329155;130,83;0,007643507
23/12/2009;1,4276;0,700476324;130,95;0,007636502
24/12/2009;1,4398;0,694540908;131,73;0,007591285
25/12/2009;;#DIV/0!;;#DIV/0!
28/12/2009;1,4405;0,694203402;131,86;0,007583801
29/12/2009;1,4433;0,692856648;132,44;0,007550589
30/12/2009;1,4338;0,697447343;132,35;0,007555723
31/12/2009;1,4406;0,694155213;133,16;0,007509763
01/01/2010;;#DIV/0!;;#DIV/0!
04/01/2010;1,4389;0,694975328;133,62;0,00748391
05/01/2010;1,4442;0,692424872;132,54;0,007544892
06/01/2010;1,435;0,696864111;132,69;0,007536363
07/01/2010;1,4304;0,699105145;133,5;0,007490637
08/01/2010;1,4273;0,700623555;133,36;0,0074985
11/01/2010;1,4528;0,688325991;134,23;0,007449899
12/01/2010;1,4481;0,690560044;132,41;0,0075523
13/01/2010;1,4563;0,686671702;133,02;0,007517667
14/01/2010;1,4486;0,69032169;132,88;0,007525587
15/01/2010;1,4374;0,69570057;130,76;0,007647599
18/01/2010;1,4369;0,695942654;130,33;0,007672831
19/01/2010;1,4279;0,700329155;129,79;0,007704754
20/01/2010;1,4132;0,707613926;128,65;0,007773028
21/01/2010;1,4064;0,711035267;129,14;0,007743534
22/01/2010;1,4135;0,707463742;127,35;0,007852375
25/01/2010;1,4151;0,70666384;127,74;0,007828401
26/01/2010;1,4085;0,709975151;126,31;0,00791703
27/01/2010;1,4072;0,71063104;125,95;0,007939659
28/01/2010;1,3999;0,714336738;126,36;0,007913897
29/01/2010;1,3966;0,716024631;126,15;0,007927071
01/02/2010;1,3913;0,718752246;125,6;0,007961783
02/02/2010;1,3937;0,71751453;126,2;0,00792393
03/02/2010;1,3984;0,715102975;126,73;0,007890791
04/02/2010;1,3847;0,722178089;125,68;0,007956715
05/02/2010;1,3691;0,730406837;122,49;0,008163932
08/02/2010;1,3675;0,731261426;122,07;0,008192021
09/02/2010;1,376;0,726744186;123,4;0,008103728
10/02/2010;1,374;0,727802038;123,01;0,00812942
11/02/2010;1,3718;0,728969237;123,03;0,008128099
12/02/2010;1,3572;0,736811082;122,33;0,00817461
15/02/2010;1,3607;0,734915852;122,42;0,0081686
16/02/2010;1,3649;0,732654407;122,68;0,008151288
17/02/2010;1,3726;0,728544368;124,69;0,008019889
18/02/2010;1,3567;0,737082627;123,3;0,0081103
19/02/2010;1,3519;0,739699682;124,17;0,008053475
22/02/2010;1,3626;0,733891091;124,38;0,008039878
23/02/2010;1,3577;0,736539736;123,19;0,008117542
24/02/2010;1,3547;0,738170813;122,16;0,008185986
25/02/2010;1,3489;0,741344799;120,66;0,008287751
26/02/2010;1,357;0,736919676;120,92;0,008269931
01/03/2010;1,3525;0,739371534;120,67;0,008287064
02/03/2010;1,3548;0,738116327;120,68;0,008286377
03/03/2010;1,3641;0,733084085;121,1;0,008257638
04/03/2010;1,3668;0,731635938;120,86;0,008274036
05/03/2010;1,3582;0,736268591;121,48;0,008231808
08/03/2010;1,3662;0,731957254;123,48;0,008098477
09/03/2010;1,3557;0,737626319;121,72;0,008215577
10/03/2010;1,361;0,734753857;123,16;0,008119519
11/03/2010;1,3657;0,732225232;123,84;0,008074935
12/03/2010;1,3765;0,726480203;124,57;0,008027615
15/03/2010;1,3705;0,729660708;124,3;0,008045052
16/03/2010;1,3723;0,728703636;124,22;0,008050233
17/03/2010;1,3756;0,72695551;124,43;0,008036647
18/03/2010;1,366;0,732064422;123,33;0,008108327
19/03/2010;1,3548;0,738116327;122,86;0,008139346
22/03/2010;1,3471;0,742335387;121,25;0,008247423
23/03/2010;1,3519;0,739699682;122,16;0,008185986
24/03/2010;1,3338;0,749737592;122,62;0,008155276
25/03/2010;1,3356;0,748727164;123,44;0,008101102
26/03/2010;1,3353;0,748895379;124;0,008064516
29/03/2010;1,3471;0,742335387;124,75;0,008016032
30/03/2010;1,3482;0,741729714;124,8;0,008012821
31/03/2010;1,3479;0,741894799;125,93;0,00794092
01/04/2010;1,3468;0,742500743;126,28;0,00791891
02/04/2010;;#DIV/0!;;#DIV/0!
05/04/2010;;#DIV/0!;;#DIV/0!
06/04/2010;1,3396;0,74649149;126,04;0,007933989
07/04/2010;1,334;0,749625187;125,04;0,007997441
08/04/2010;1,3296;0,752105897;123,76;0,008080155
09/04/2010;1,3384;0,747160789;125,34;0,007978299
12/04/2010;1,3585;0,736105999;126,99;0,007874636
13/04/2010;1,3583;0,736214386;126,34;0,00791515
14/04/2010;1,3615;0,734484025;127,42;0,007848062
15/04/2010;1,3544;0,738334318;126,18;0,007925186
16/04/2010;1,3535;0,738825268;125,3;0,007980846
19/04/2010;1,3432;0,744490768;123,5;0,008097166
20/04/2010;1,3486;0,741509714;125,32;0,007979572
21/04/2010;1,3373;0,747775368;124,65;0,008022463
22/04/2010;1,3339;0,749681385;124,03;0,008062566
23/04/2010;1,3311;0,751258358;125,11;0,007992966
26/04/2010;1,3321;0,750694392;125,46;0,007970668
27/04/2010;1,329;0,752445448;124,7;0,008019246
28/04/2010;1,3245;0,755001888;124,48;0,008033419
29/04/2010;1,3256;0,754375377;124,76;0,00801539
30/04/2010;1,3315;0,75103267;125,81;0,007948494
03/05/2010;1,3238;0,755401118;124,95;0,008003201
04/05/2010;1,3089;0,764000306;123,66;0,008086689
05/05/2010;1,2924;0,773754256;122,66;0,008152617
06/05/2010;1,2727;0,785731123;119,34;0,00837942
07/05/2010;1,2746;0,784559862;117,84;0,008486083
10/05/2010;1,2969;0,771069473;120,97;0,008266512
11/05/2010;1,2698;0,787525595;117,38;0,008519339
12/05/2010;1,2686;0,788270534;118,06;0,008470269
13/05/2010;1,2587;0,794470485;116,99;0,008547739
14/05/2010;1,2492;0,800512328;115,55;0,008654262
17/05/2010;1,2349;0,809782169;114,17;0,008758868
18/05/2010;1,2428;0,804634696;115,32;0,008671523
19/05/2010;1,227;0,814995925;112,49;0,008889679
20/05/2010;1,2334;0,810766986;111,93;0,008934155
21/05/2010;1,2497;0,800192046;112,08;0,008922198
24/05/2010;1,236;0,809061489;111,63;0,008958165
25/05/2010;1,2223;0,818129755;109,53;0,009129919
26/05/2010;1,2309;0,812413681;111,35;0,008980692
27/05/2010;1,2255;0,815993472;110,79;0,009026085
28/05/2010;1,2384;0,80749354;113,06;0,008844861
31/05/2010;1,2307;0,812545706;112,62;0,008879418
01/06/2010;1,2155;0,822706705;110,65;0,009037506
02/06/2010;1,2218;0,81846456;112,36;0,008899964
03/06/2010;1,2268;0,81512879;113,74;0,008791982
04/06/2010;1,206;0,829187396;111,73;0,008950148
07/06/2010;1,1959;0,836190317;109,86;0,009102494
08/06/2010;1,1942;0,837380673;109,32;0,009147457
09/06/2010;1,201;0,832639467;109,99;0,009091736
10/06/2010;1,2045;0,830220008;109,84;0,009104151
11/06/2010;1,2127;0,824606251;111,13;0,00899847
14/06/2010;1,2249;0,816393175;112,43;0,008894423
15/06/2010;1,2258;0,815793767;111,77;0,008946945
16/06/2010;1,2277;0,814531237;112,15;0,00891663
17/06/2010;1,2363;0,808865162;112,89;0,008858181
18/06/2010;1,2372;0,808276754;112,12;0,008919015
21/06/2010;1,2391;0,807037366;113,1;0,008841733
22/06/2010;1,2258;0,815793767;111,09;0,00900171
23/06/2010;1,2271;0,814929509;110,76;0,00902853
24/06/2010;1,2262;0,815527646;109,59;0,00912492
25/06/2010;1,2294;0,813404913;109,99;0,009091736
28/06/2010;1,2339;0,810438447;110,25;0,009070295
29/06/2010;1,2198;0,819806526;108,31;0,009232758
30/06/2010;1,2271;0,814929509;108,79;0,009192021
01/07/2010;1,2328;0,811161583;108,14;0,009247272
02/07/2010;1,2548;0,796939751;109,88;0,009100837
05/07/2010;1,2531;0,798020908;109,93;0,009096698
06/07/2010;1,2579;0,794975753;110,46;0,009053051
07/07/2010;1,2567;0,795734861;109,56;0,009127419
08/07/2010;1,266;0,789889415;111,49;0,008969414
09/07/2010;1,2637;0,791327055;111,85;0,008940545
12/07/2010;1,2572;0,79541839;111,35;0,008980692
13/07/2010;1,2569;0,795608243;110,95;0,009013069
14/07/2010;1,2703;0,787215618;112,49;0,008889679
15/07/2010;1,2828;0,779544746;113,11;0,008840951
16/07/2010;1,3;0,769230769;112,54;0,00888573
19/07/2010;1,2957;0,771783592;112,84;0,008862106
20/07/2010;1,2844;0,778573653;111,5;0,00896861
21/07/2010;1,2817;0,780213779;111,52;0,008967001
22/07/2010;1,285;0,778210117;111,57;0,008962983
23/07/2010;1,2897;0,775374118;112,48;0,008890469
26/07/2010;1,2931;0,773335396;112,31;0,008903927
27/07/2010;1,3033;0,767283051;113,79;0,008788118
28/07/2010;1,2992;0,769704433;114,01;0,00877116
29/07/2010;1,3069;0,765169485;113,64;0,008799718
30/07/2010;1,3028;0,767577525;112,62;0,008879418
02/08/2010;1,3073;0,764935363;113,27;0,008828463
03/08/2010;1,3221;0,756372438;113,51;0,008809796
04/08/2010;1,3206;0,757231561;112,92;0,008855827
05/08/2010;1,3184;0,758495146;113,66;0,00879817
06/08/2010;1,3176;0,758955677;113,14;0,008838607
09/08/2010;1,3253;0,75454614;113,48;0,008812125
10/08/2010;1,3133;0,761440646;113,23;0,008831582
11/08/2010;1,3016;0,768285187;110,56;0,009044863
12/08/2010;1,279;0,781860829;109,5;0,00913242
13/08/2010;1,2799;0,78131104;109,78;0,009109127
16/08/2010;1,282;0,780031201;109,49;0,009133254
17/08/2010;1,286;0,777604977;109,66;0,009119095
18/08/2010;1,288;0,776397516;109,93;0,009096698
19/08/2010;1,2836;0,779058897;109,82;0,00910581
20/08/2010;1,2711;0,786720164;108,54;0,009213193
23/08/2010;1,2704;0,787153652;108,23;0,009239582
24/08/2010;1,2611;0,792958528;106,19;0,009417083
25/08/2010;1,2613;0,792832792;106,49;0,009390553
26/08/2010;1,2693;0,787835815;107,15;0,009332711
27/08/2010;1,2713;0,786596397;107,74;0,009281604
30/08/2010;1,27;0,787401575;107,54;0,009298866
31/08/2010;1,268;0,788643533;107,07;0,009339684
01/09/2010;1,28;0,78125;107,54;0,009298866
02/09/2010;1,2818;0,78015291;107,81;0,009275577
03/09/2010;1,2834;0,779180302;108,38;0,009226795
06/09/2010;1,2874;0,77675936;108,42;0,009223391
07/09/2010;1,2744;0,784682988;106,86;0,009358039
08/09/2010;1,2697;0,787587619;106,41;0,009397613
09/09/2010;1,2715;0,78647267;106,46;0,009393199
10/09/2010;1,2725;0,785854617;106,84;0,00935979
13/09/2010;1,2801;0,78118897;107,69;0,009285913
14/09/2010;1,285;0,778210117;107,04;0,009342302
15/09/2010;1,2989;0,769882208;111,04;0,009005764
16/09/2010;1,3078;0,764642912;111,93;0,008934155
17/09/2010;1,306;0,765696784;111,98;0,008930166
20/09/2010;1,3074;0,764876855;112,07;0,008922995
21/09/2010;1,312;0,762195122;112,05;0,008924587
22/09/2010;1,3364;0,748278958;113,14;0,008838607
23/09/2010;1,3323;0,750581701;112,49;0,008889679
24/09/2010;1,3412;0,745600954;113,2;0,008833922
27/09/2010;1,3477;0,742004897;113,52;0,00880902
28/09/2010;1,346;0,742942051;113,22;0,008832362
29/09/2010;1,3611;0,734699875;113,85;0,008783487
30/09/2010;1,3648;0,732708089;113,68;0,008796622
01/10/2010;1,3726;0,728544368;114,26;0,008751969
04/10/2010;1,3705;0,729660708;114,1;0,008764242
05/10/2010;1,378;0,725689405;114,8;0,008710801
06/10/2010;1,3856;0,721709007;114,98;0,008697165
07/10/2010;1,397;0,715819613;115,1;0,008688097
08/10/2010;1,3874;0,720772668;114,21;0,008755801
11/10/2010;1,3936;0,717566016;114,24;0,008753501
12/10/2010;1,3833;0,722908986;113,35;0,008822232
13/10/2010;1,3958;0,716435019;114,23;0,008754268
14/10/2010;1,4101;0,709169562;114,43;0,008738967
15/10/2010;1,4089;0,709773582;114,28;0,008750438
18/10/2010;1,3896;0,719631549;113;0,008849558
19/10/2010;1,3859;0,721552782;113,16;0,008837045
20/10/2010;1,3861;0,721448669;112,59;0,008881783
21/10/2010;1,4016;0,71347032;113,65;0,008798944
22/10/2010;1,3934;0,717669011;113,18;0,008835483
25/10/2010;1,4031;0,712707576;113,21;0,008833142
26/10/2010;1,3912;0,71880391;113,11;0,008840951
27/10/2010;1,3803;0,724480185;112,78;0,00886682
28/10/2010;1,3857;0,721656924;112,57;0,008883361
29/10/2010;1,3857;0,721656924;111,87;0,008938947
01/11/2010;1,3926;0,718081287;111,94;0,008933357
02/11/2010;1,4018;0,713368526;113,18;0,008835483
03/11/2010;1,4014;0,713572142;113,67;0,008797396
04/11/2010;1,4244;0,702049986;115,15;0,008684325
05/11/2010;1,4084;0,710025561;114,41;0,008740495
08/11/2010;1,3917;0,718545664;112,88;0,008858965
09/11/2010;1,3945;0,717102904;112,44;0,008893632
10/11/2010;1,377;0,726216412;113,48;0,008812125
11/11/2010;1,37;0,729927007;112,78;0,00886682
12/11/2010;1,3711;0,729341405;112,59;0,008881783
15/11/2010;1,3626;0,733891091;113,31;0,008825346
16/11/2010;1,3612;0,734645901;113,21;0,008833142
17/11/2010;1,3481;0,741784734;112,5;0,008888889
18/11/2010;1,3647;0,732761779;113,72;0,008793528
19/11/2010;1,3674;0,731314904;114,09;0,00876501
22/11/2010;1,3647;0,732761779;113,97;0,008774239
23/11/2010;1,3496;0,740960285;112,5;0,008888889
24/11/2010;1,3339;0,749681385;111,28;0,008986341
25/11/2010;1,3321;0,750694392;111,35;0,008980692
26/11/2010;1,3225;0,756143667;110,92;0,009015507
29/11/2010;1,3146;0,760687662;110,73;0,009030976
30/11/2010;1,2998;0,769349131;109;0,009174312
01/12/2010;1,3115;0,762485703;110,37;0,009060433
02/12/2010;1,3155;0,760167237;110,97;0,009011445
03/12/2010;1,3246;0,754944889;110,86;0,009020386
06/12/2010;1,328;0,753012048;110,06;0,009085953
07/12/2010;1,3363;0,748334955;110,43;0,00905551
08/12/2010;1,32;0,757575758;111,08;0,009002521
09/12/2010;1,3214;0,756773119;111,02;0,009007386
10/12/2010;1,3244;0,755058895;110,8;0,009025271
13/12/2010;1,3267;0,753749906;111,55;0,00896459
14/12/2010;1,3435;0,744324525;111,63;0,008958165
15/12/2010;1,336;0,748502994;111,88;0,008938148
16/12/2010;1,3238;0,755401118;111,28;0,008986341
17/12/2010;1,326;0,754147813;111,26;0,008987956
20/12/2010;1,3147;0,760629801;110,1;0,009082652
21/12/2010;1,3155;0,760167237;110;0,009090909
22/12/2010;1,3112;0,762660159;109,68;0,009117433
23/12/2010;1,3064;0,765462339;108,95;0,009178522
24/12/2010;1,3099;0,763417055;108,63;0,00920556
27/12/2010;1,3136;0,761266748;108,89;0,00918358
28/12/2010;1,3195;0,757862827;108,2;0,009242144
29/12/2010;1,3136;0,761266748;107,99;0,009260117
30/12/2010;1,328;0,753012048;108,24;0,009238729
31/12/2010;1,3362;0,748390959;108,65;0,009203866
03/01/2011;1,3348;0,749175907;108,7;0,009199632
04/01/2011;1,3421;0,745100961;110,2;0,00907441
05/01/2011;1,3213;0,756830394;108,72;0,00919794
06/01/2011;1,3091;0,763883584;108,92;0,00918105
07/01/2011;1,2961;0,771545405;108,29;0,009234463
10/01/2011;1,2903;0,775013563;107,17;0,009330969
11/01/2011;1,2948;0,772320049;107,61;0,009292817
12/01/2011;1,2973;0,770831727;108,17;0,009244707
13/01/2011;1,3199;0,757633154;109,5;0,00913242
14/01/2011;1,3349;0,749119784;110,71;0,009032608
17/01/2011;1,3311;0,751258358;109,91;0,009098353
18/01/2011;1,3371;0,747887219;110,29;0,009067005
19/01/2011;1,3506;0,740411669;110,85;0,0090212
20/01/2011;1,3472;0,742280285;110,93;0,009014694
21/01/2011;1,3521;0,739590267;111,87;0,008938947
24/01/2011;1,3571;0,736865375;112,46;0,008892051
25/01/2011;1,3596;0,735510444;112,08;0,008922198
26/01/2011;1,3681;0,730940721;112,47;0,00889126
27/01/2011;1,3716;0,729075532;113,9;0,008779631
28/01/2011;1,371;0,729394602;112,76;0,008868393
31/01/2011;1,3692;0,730353491;112,49;0,008889679
01/02/2011;1,3755;0,727008361;112,19;0,00891345
02/02/2011;1,3803;0,724480185;112,35;0,008900757
03/02/2011;1,3745;0,727537286;112,46;0,008892051
04/02/2011;1,3631;0,733621891;111,42;0,008975049
07/02/2011;1,3553;0,73784402;111,52;0,008967001
08/02/2011;1,3635;0,733406674;112,09;0,008921402
09/02/2011;1,3647;0,732761779;112,65;0,008877053
10/02/2011;1,3604;0,735077918;112,71;0,008872327
11/02/2011;1,3524;0,739426205;113,01;0,008848774
14/02/2011;1,344;0,744047619;112,15;0,00891663
15/02/2011;1,351;0,74019245;113,21;0,008833142
16/02/2011;1,351;0,74019245;113,12;0,00884017
17/02/2011;1,356;0,737463127;113,39;0,00881912
18/02/2011;1,3627;0,733837235;113,62;0,008801267
21/02/2011;1,3668;0,731635938;113,68;0,008796622
22/02/2011;1,3667;0,731689471;113,63;0,008800493
23/02/2011;1,3731;0,728279077;113,69;0,008795848
24/02/2011;1,3773;0,72605823;112,69;0,008873902
25/02/2011;1,3762;0,72663857;112,52;0,008887309
28/02/2011;1,3834;0,72285673;113,26;0,008829242
01/03/2011;1,3825;0,723327306;113,39;0,00881912
02/03/2011;1,3809;0,724165399;113,33;0,008823789
03/03/2011;1,385;0,722021661;113,43;0,00881601
04/03/2011;1,3957;0,716486351;115,63;0,008648275
07/03/2011;1,4028;0,712859994;115,15;0,008684325
08/03/2011;1,3898;0,71952799;114,64;0,008722959
09/03/2011;1,3928;0,717978173;115,14;0,008685079
10/03/2011;1,3817;0,72374611;114,78;0,008712319
11/03/2011;1,3773;0,72605823;113,24;0,008830802
14/03/2011;1,3948;0,716948666;114,16;0,008759636
15/03/2011;1,3884;0,720253529;112,39;0,008897589
16/03/2011;1,3951;0,716794495;112,43;0,008894423
17/03/2011;1,4004;0,714081691;110,42;0,00905633
18/03/2011;1,413;0,707714084;114,68;0,008719916
21/03/2011;1,4194;0,704523038;115,04;0,008692629
22/03/2011;1,4211;0,703680248;115,15;0,008684325
23/03/2011;1,4136;0,707413696;114,42;0,008739731
24/03/2011;1,4128;0,70781427;114,34;0,008745846
25/03/2011;1,4115;0,708466171;114,57;0,008728288
28/03/2011;1,4032;0,712656784;114,59;0,008726765
29/03/2011;1,4066;0,710934167;115,6;0,008650519
30/03/2011;1,409;0,709723208;117,01;0,008546278
31/03/2011;1,4207;0,70387837;117,61;0,008502678
01/04/2011;1,4141;0,707163567;118,56;0,008434548
04/04/2011;1,424;0,702247191;119,56;0,008364001
05/04/2011;1,4166;0,705915572;119,4;0,008375209
06/04/2011;1,43;0,699300699;121,82;0,008208833
07/04/2011;1,4283;0,700133025;121,7;0,008216927
08/04/2011;1,4401;0,694396222;122,8;0,008143322
11/04/2011;1,4434;0,692808646;122,26;0,00817929
12/04/2011;1,447;0,691085003;121,87;0,008205465
13/04/2011;1,4493;0,68998827;121,84;0,008207485
14/04/2011;1,4401;0,694396222;119,85;0,008343763
15/04/2011;1,445;0,692041522;120,37;0,008307718
18/04/2011;1,4275;0,700525394;118,25;0,00845666
19/04/2011;1,4302;0,699202909;118,23;0,00845809
20/04/2011;1,4515;0,688942473;120,13;0,008324315
21/04/2011;1,4584;0,68568294;119,52;0,008366801
22/04/2011;;#DIV/0!;;#DIV/0!
25/04/2011;;#DIV/0!;;#DIV/0!
26/04/2011;1,4617;0,684134911;119,43;0,008373106
27/04/2011;1,4668;0,681756204;120,66;0,008287751
28/04/2011;1,4794;0,675949709;120,97;0,008266512
29/04/2011;1,486;0,67294751;120,67;0,008287064
02/05/2011;1,4837;0,673990699;120,85;0,008274721
03/05/2011;1,478;0,676589986;119,36;0,008378016
04/05/2011;1,4882;0,671952695;120,62;0,008290499
05/05/2011;1,4814;0,675037127;118,2;0,008460237
06/05/2011;1,4501;0,689607613;116,5;0,008583691
09/05/2011;1,4397;0,694589151;116,28;0,008599931
10/05/2011;1,4358;0,696475832;115,72;0,008641549
11/05/2011;1,4357;0,696524344;116,47;0,008585902
12/05/2011;1,4153;0,706563979;114,54;0,008730574
13/05/2011;1,428;0,700280112;115,32;0,008671523
16/05/2011;1,4143;0,707063565;114,35;0,008745081
17/05/2011;1,4171;0,705666502;115,69;0,008643789
18/05/2011;1,4227;0,702888873;115,45;0,008661758
19/05/2011;1,4265;0,701016474;116,83;0,008559445
20/05/2011;1,4237;0,702395168;116,27;0,008600671
23/05/2011;1,402;0,713266762;114,68;0,008719916
24/05/2011;1,4089;0,709773582;115,45;0,008661758
25/05/2011;1,4069;0,710782572;115,47;0,008660258
26/05/2011;1,4168;0,705815923;115,95;0,008624407
27/05/2011;1,4265;0,701016474;115,7;0,008643042
30/05/2011;1,4272;0,700672646;115,36;0,008668516
31/05/2011;1,4385;0,695168578;117,22;0,008530967
01/06/2011;1,4408;0,694058856;117,11;0,00853898
02/06/2011;1,446;0,691562932;116,6;0,008576329
03/06/2011;1,4488;0,690226394;116,89;0,008555052
06/06/2011;1,4596;0,685119211;117,05;0,008543358
07/06/2011;1,4652;0,682500683;117,55;0,008507018
08/06/2011;1,4608;0,684556407;116,6;0,008576329
09/06/2011;1,4614;0,684275352;116,86;0,008557248
10/06/2011;1,4486;0,69032169;116;0,00862069
13/06/2011;1,4354;0,696669918;115,39;0,008666262
14/06/2011;1,4448;0,69213732;115,91;0,008627383
15/06/2011;1,4292;0,699692135;115,54;0,008655011
16/06/2011;1,4088;0,709823964;113,63;0,008800493
17/06/2011;1,427;0,700770848;114,71;0,008717636
20/06/2011;1,4235;0,702493853;114,24;0,008753501
21/06/2011;1,4373;0,695748974;115,2;0,008680556
22/06/2011;1,4397;0,694589151;115,36;0,008668516
23/06/2011;1,4212;0,703630735;114,58;0,008727527
24/06/2011;1,422;0,70323488;114,06;0,008767315
27/06/2011;1,4205;0,703977473;114,74;0,008715356
28/06/2011;1,4261;0,701213099;115,31;0,008672275
29/06/2011;1,4425;0,693240901;116,93;0,008552125
30/06/2011;1,4453;0,691897876;116,25;0,008602151
01/07/2011;1,4488;0,690226394;116,92;0,008552857
04/07/2011;1,45;0,689655172;117,11;0,00853898
05/07/2011;1,4461;0,69151511;117,23;0,00853024
06/07/2011;1,4318;0,698421567;116,03;0,008618461
07/07/2011;1,4247;0,701902155;115,64;0,008647527
08/07/2011;1,4242;0,702148575;115,98;0,008622176
11/07/2011;1,4056;0,711439954;113,16;0,008837045
12/07/2011;1,3975;0,715563506;111,35;0,008980692
13/07/2011;1,4073;0,710580544;111,65;0,008956561
14/07/2011;1,4202;0,704126179;112,24;0,00890948
15/07/2011;1,4146;0,706913615;111,97;0,008930964
18/07/2011;1,4045;0,711997152;111,1;0,0090009
19/07/2011;1,416;0,706214689;111,77;0,008946945
20/07/2011;1,4207;0,70387837;112,05;0,008924587
21/07/2011;1,4222;0,703135986;112,09;0,008921402
22/07/2011;1,4391;0,694878744;112,83;0,008862891
25/07/2011;1,438;0,695410292;112,46;0,008892051
26/07/2011;1,4471;0,691037247;113,02;0,008847992
27/07/2011;1,4446;0,692233144;112,46;0,008892051
28/07/2011;1,426;0,701262272;110,86;0,009020386
29/07/2011;1,426;0,701262272;110,59;0,009042409
01/08/2011;1,4415;0,693721818;110,84;0,009022014
02/08/2011;1,417;0,705716302;109,61;0,009123255
03/08/2011;1,43;0,699300699;110,18;0,009076057
04/08/2011;1,4229;0,702790077;113,24;0,008830802
05/08/2011;1,4155;0,706464147;111,25;0,008988764
08/08/2011;1,4225;0,702987698;110,79;0,009026085
09/08/2011;1,4267;0,700918203;110,24;0,009071118
10/08/2011;1,4367;0,696039535;109,84;0,009104151
11/08/2011;1,4143;0,707063565;108,29;0,009234463
12/08/2011;1,425;0,701754386;109,07;0,009168424
15/08/2011;1,4309;0,698860857;109,87;0,009101666
16/08/2011;1,436;0,69637883;110,12;0,009081003
17/08/2011;1,4477;0,690750846;110,77;0,009027715
18/08/2011;1,4369;0,695942654;110,08;0,009084302
19/08/2011;1,4385;0,695168578;110;0,009090909
22/08/2011;1,4413;0,693818081;110,65;0,009037506
23/08/2011;1,4462;0,691467294;110,72;0,009031792
24/08/2011;1,4433;0,692856648;110,51;0,009048955
25/08/2011;1,4424;0,693288963;111,31;0,008983919
26/08/2011;1,4402;0,694348007;110,41;0,009057151
29/08/2011;1,4487;0,690274039;111,05;0,009004953
30/08/2011;1,4402;0,694348007;110,55;0,009045681
31/08/2011;1,445;0,692041522;110,55;0,009045681
01/09/2011;1,4285;0,700035002;110,08;0,009084302
02/09/2011;1,4255;0,701508243;109,56;0,009127419
05/09/2011;1,4126;0,707914484;108,56;0,009211496
06/09/2011;1,4099;0,709270161;109,09;0,009166743
07/09/2011;1,4036;0,712453691;108,38;0,009226795
08/09/2011;1,4044;0,71204785;108,41;0,009224241
09/09/2011;1,3817;0,72374611;107,48;0,009304057
12/09/2011;1,3656;0,732278852;105,32;0,009494873
13/09/2011;1,3645;0,732869183;105,01;0,009522903
14/09/2011;1,3729;0,72838517;105,48;0,00948047
15/09/2011;1,3795;0,724900326;105,67;0,009463424
16/09/2011;1,376;0,726744186;105,6;0,009469697
19/09/2011;1,3641;0,733084085;104,62;0,009558402
20/09/2011;1,371;0,729394602;104,92;0,009531071
21/09/2011;1,3636;0,733352889;104,07;0,009608917
22/09/2011;1,3448;0,743604997;102,59;0,009747539
23/09/2011;1,343;0,744601638;102,32;0,00977326
26/09/2011;1,35;0,740740741;103,05;0,009704027
27/09/2011;1,3579;0,736431254;103,83;0,009631128
28/09/2011;1,3631;0,733621891;104,22;0,009595087
29/09/2011;1,3615;0,734484025;104,46;0,009573042
30/09/2011;1,3503;0,740576168;103,79;0,00963484
03/10/2011;1,3327;0,750356419;102,39;0,009766579
04/10/2011;1,3181;0,758667779;101,08;0,009893154
05/10/2011;1,3337;0,749793807;102,25;0,009779951
06/10/2011;1,3269;0,753636295;101,87;0,009816433
07/10/2011;1,3434;0,744379932;103,02;0,009706853
10/10/2011;1,3593;0,735672773;104,26;0,009591406
11/10/2011;1,3607;0,734915852;104,26;0,009591406
12/10/2011;1,3766;0,72642743;105,77;0,009454477
13/10/2011;1,3727;0,728491295;105,48;0,00948047
14/10/2011;1,3807;0,724270298;106,42;0,00939673
17/10/2011;1,3776;0,725900116;106,43;0,009395847
18/10/2011;1,3676;0,731207956;104,97;0,009526531
19/10/2011;1,3828;0,723170379;106,19;0,009417083
20/10/2011;1,3807;0,724270298;106,07;0,009427736
21/10/2011;1,3798;0,724742716;105,82;0,009450009
24/10/2011;1,3856;0,721709007;105,45;0,009483167
25/10/2011;1,3918;0,718494036;105,98;0,009435743
26/10/2011;1,3927;0,718029726;105,67;0,009463424
27/10/2011;1,4038;0,712352187;106,39;0,00939938
28/10/2011;1,416;0,706214689;107,29;0,009320533
31/10/2011;1,4001;0,714234698;109,22;0,009155832
01/11/2011;1,3627;0,733837235;106,58;0,009382623
02/11/2011;1,3809;0,724165399;107,78;0,009278159
03/11/2011;1,3773;0,72605823;107,33;0,00931706
04/11/2011;1,3773;0,72605823;107,55;0,009298001
07/11/2011;1,3742;0,727696114;107,3;0,009319664
08/11/2011;1,3788;0,725268349;107,51;0,00930146
09/11/2011;1,3633;0,733514267;105,96;0,009437524
10/11/2011;1,3616;0,734430082;105,66;0,00946432
11/11/2011;1,365;0,732600733;105,59;0,009470594
14/11/2011;1,3659;0,732118017;105,18;0,009507511
15/11/2011;1,3532;0,738989063;104,16;0,009600614
16/11/2011;1,3484;0,741619697;103,77;0,009636697
17/11/2011;1,348;0,741839763;103,76;0,009637625
18/11/2011;1,3576;0,736593989;104,06;0,00960984
21/11/2011;1,3458;0,74305246;103,44;0,00966744
22/11/2011;1,3535;0,738825268;104,15;0,009601536
23/11/2011;1,3387;0,746993352;103,37;0,009673987
24/11/2011;1,3373;0,747775368;103,07;0,009702144
25/11/2011;1,3229;0,755915035;102,59;0,009747539
28/11/2011;1,3348;0,749175907;103,82;0,009632055
29/11/2011;1,3336;0,74985003;103,82;0,009632055
30/11/2011;1,3418;0,745267551;104;0,009615385
01/12/2011;1,3492;0,741179958;104,84;0,009538344
02/12/2011;1,3511;0,740137666;105,25;0,009501188
05/12/2011;1,3442;0,743936914;104,81;0,009541074
06/12/2011;1,3394;0,746602957;104,15;0,009601536
07/12/2011;1,3377;0,747551768;103,99;0,009616309
08/12/2011;1,341;0,745712155;103,72;0,009641342
09/12/2011;1,3384;0,747160789;103,95;0,00962001
12/12/2011;1,3251;0,754660026;103,12;0,00969744
13/12/2011;1,3181;0,758667779;102,6;0,009746589
14/12/2011;1,2993;0,769645194;101,44;0,009858044
15/12/2011;1,3019;0,76810815;101,3;0,009871668
16/12/2011;1,3064;0,765462339;101,7;0,009832842
19/12/2011;1,3039;0,766929979;101,52;0,009850276
20/12/2011;1,3074;0,764876855;101,88;0,009815469
21/12/2011;1,3054;0,766048721;101,66;0,009836711
22/12/2011;1,3047;0,766459723;101,93;0,009810654
23/12/2011;1,3057;0,765872712;101,93;0,009810654
26/12/2011;;#DIV/0!;;#DIV/0!
27/12/2011;1,3069;0,765169485;101,75;0,00982801
28/12/2011;1,3074;0,764876855;101,51;0,009851246
29/12/2011;1,2889;0,775855381;100,24;0,009976057
30/12/2011;1,2939;0,772857253;100,2;0,00998004
02/01/2012;1,2935;0,77309625;99,52;0,010048232
03/01/2012;1,3014;0,768403258;99,86;0,01001402
04/01/2012;1,2948;0,772320049;99,43;0,010057327
05/01/2012;1,2832;0,779301746;98,67;0,010134793
06/01/2012;1,2776;0,782717595;98,56;0,010146104
09/01/2012;1,2728;0,78566939;97,87;0,010217636
10/01/2012;1,2808;0,780762024;98,39;0,010163635
11/01/2012;1,2718;0,786287152;97,87;0,010217636
12/01/2012;1,2736;0,785175879;97,92;0,010212418
13/01/2012;1,2771;0,783024039;98,06;0,010197838
16/01/2012;1,2669;0,789328282;97,25;0,010282776
17/01/2012;1,279;0,781860829;98,2;0,010183299
18/01/2012;1,2831;0,779362481;98,53;0,010149193
19/01/2012;1,2911;0,774533344;99,19;0,010081661
20/01/2012;1,2902;0,775073632;99,53;0,010047222
23/01/2012;1,3017;0,768226166;100,1;0,00999001
24/01/2012;1,3003;0,769053295;100,89;0,009911785
25/01/2012;1,2942;0,772678102;101,02;0,00989903
26/01/2012;1,3145;0,760745531;101,98;0,009805844
27/01/2012;1,3145;0,760745531;101,18;0,009883376
30/01/2012;1,311;0,762776506;100,53;0,009947279
31/01/2012;1,3176;0,758955677;100,63;0,009937394
01/02/2012;1,3175;0,759013283;100,29;0,009971084
02/02/2012;1,3094;0,763708569;99,66;0,010034116
03/02/2012;1,316;0,759878419;100,3;0,00997009
06/02/2012;1,3042;0,766753565;99,97;0,010003001
07/02/2012;1,3113;0,762601998;100,67;0,009933446
08/02/2012;1,3274;0,753352418;102,11;0,00979336
09/02/2012;1,3288;0,7525587;102,63;0,00974374
10/02/2012;1,3189;0,758207597;102,43;0,009762765
13/02/2012;1,3254;0,754489211;102,86;0,009721952
14/02/2012;1,3169;0,759359101;102,85;0,009722897
15/02/2012;1,3092;0,763825237;102,73;0,009734255
16/02/2012;1,2982;0,770297335;102,31;0,009774216
17/02/2012;1,3159;0,759936165;104,39;0,009579462
20/02/2012;1,3266;0,753806724;105,47;0,009481369
21/02/2012;1,3222;0,756315232;105,38;0,009489467
22/02/2012;1,323;0,755857899;106,22;0,009414423
23/02/2012;1,33;0,751879699;106,72;0,009370315
24/02/2012;1,3412;0,745600954;107,99;0,009260117
27/02/2012;1,3388;0,746937556;107,81;0,009275577
28/02/2012;1,3454;0,743273376;108,39;0,009225943
29/02/2012;1,3443;0,743881574;107,92;0,009266123
01/03/2012;1,3312;0,751201923;107,95;0,009263548
02/03/2012;1,3217;0,756601347;107,74;0,009281604
05/03/2012;1,322;0,756429652;107,54;0,009298866
06/03/2012;1,3153;0,760282825;106,66;0,009375586
07/03/2012;1,312;0,762195122;105,95;0,009438414
08/03/2012;1,3242;0,755172935;108,18;0,009243853
09/03/2012;1,3191;0,758092639;107,93;0,009265265
12/03/2012;1,3119;0,762253221;107,79;0,009277298
13/03/2012;1,3057;0,765872712;108,03;0,009256688
14/03/2012;1,3062;0,765579544;109,16;0,009160865
15/03/2012;1,3057;0,765872712;108,82;0,009189487
16/03/2012;1,3116;0,762427569;109,81;0,009106639
19/03/2012;1,315;0,760456274;109,73;0,009113278
20/03/2012;1,3198;0,757690559;110,48;0,009051412
21/03/2012;1,3225;0,756143667;111,11;0,00900009
22/03/2012;1,3167;0,759474444;109,4;0,009140768
23/03/2012;1,3242;0,755172935;109,1;0,009165903
26/03/2012;1,3276;0,753238927;109,82;0,00910581
27/03/2012;1,3333;0,75001875;110,57;0,009044044
28/03/2012;1,3337;0,749793807;110,74;0,009030161
29/03/2012;1,3272;0,753465943;109,21;0,009156671
30/03/2012;1,3356;0,748727164;109,56;0,009127419
02/04/2012;1,3319;0,750807118;109,95;0,009095043
03/04/2012;1,3315;0,75103267;109,3;0,009149131
04/04/2012;1,3142;0,76091919;108,22;0,009240436
05/04/2012;1,3068;0,765228038;107,06;0,009340557
06/04/2012;;#DIV/0!;;#DIV/0!
09/04/2012;;#DIV/0!;;#DIV/0!
10/04/2012;1,3114;0,762543846;106,48;0,009391435
11/04/2012;1,3131;0,761556622;106,18;0,009417969
12/04/2012;1,3153;0,760282825;106,54;0,009386146
13/04/2012;1,3148;0,76057195;106,49;0,009390553
16/04/2012;1,3024;0,767813268;105,18;0,009507511
17/04/2012;1,3132;0,761498629;105,96;0,009437524
18/04/2012;1,3093;0,763766898;106,64;0,009377344
19/04/2012;1,3086;0,764175455;106,92;0,009352787
20/04/2012;1,3192;0,758035173;107,81;0,009275577
23/04/2012;1,3131;0,761556622;106,51;0,00938879
24/04/2012;1,3161;0,759820682;106,87;0,009357163
25/04/2012;1,3206;0,757231561;107,35;0,009315324
26/04/2012;1,3215;0,756715853;106,96;0,009349289
27/04/2012;1,3229;0,755915035;106,75;0,009367681
30/04/2012;1,3214;0,756773119;105,85;0,009447331
01/05/2012;;#DIV/0!;;#DIV/0!
02/05/2012;1,3131;0,761556622;105,31;0,009495774
03/05/2012;1,3123;0,762020879;105,49;0,009479572
04/05/2012;1,3132;0,761498629;105,41;0,009486766
07/05/2012;1,3033;0,767283051;104,19;0,00959785
08/05/2012;1,3025;0,767754319;104,01;0,00961446
09/05/2012;1,295;0,772200772;102,99;0,009709681
10/05/2012;1,2961;0,771545405;103,31;0,009679605
11/05/2012;1,2944;0,772558714;103,48;0,009663703
14/05/2012;1,2863;0,777423618;102,64;0,00974279
15/05/2012;1,2843;0,778634275;102,65;0,009741841
16/05/2012;1,2738;0,785052599;102,53;0,009753243
17/05/2012;1,2682;0,788519161;101,77;0,009826078
18/05/2012;1,2721;0,786101722;100,95;0,009905894
21/05/2012;1,275;0,784313725;101,06;0,009895112
22/05/2012;1,2768;0,78320802;101,99;0,009804883
23/05/2012;1,2659;0,789951813;100,59;0,009941346
24/05/2012;1,2557;0,796368559;99,75;0,010025063
25/05/2012;1,2546;0,797066794;99,8;0,01002004
28/05/2012;1,2566;0,795798186;99,75;0,010025063
29/05/2012;1,2523;0,798530704;99,64;0,01003613
30/05/2012;1,2438;0,803987779;98,38;0,010164668
31/05/2012;1,2403;0,806256551;97,66;0,010239607
01/06/2012;1,2322;0,811556565;96,25;0,01038961
04/06/2012;1,2437;0,804052424;97,16;0,010292301
05/06/2012;1,2429;0,804569957;97,25;0,010282776
06/06/2012;1,2485;0,800961153;98,82;0,010119409
07/06/2012;1,2595;0,793965859;100,08;0,009992006
08/06/2012;1,2468;0,802053256;98,9;0,010111223
11/06/2012;1,2544;0,797193878;99,6;0,010040161
12/06/2012;1,2492;0,800512328;99,4;0,010060362
13/06/2012;1,2534;0,797829903;99,8;0,01002004
14/06/2012;1,2551;0,796749263;99,51;0,010049241
15/06/2012;1,2596;0,793902826;99,24;0,010076582
18/06/2012;1,2618;0,792518624;99,75;0,010025063
19/06/2012;1,2619;0,792455821;99,57;0,010043186
20/06/2012;1,2704;0,787153652;100,24;0,009976057
21/06/2012;1,267;0,789265983;101,46;0,009856101
22/06/2012;1,2539;0,797511763;100,68;0,009932459
25/06/2012;1,2488;0,800768738;99,57;0,010043186
26/06/2012;1,2475;0,801603206;98,97;0,010104072
27/06/2012;1,2478;0,801410482;99,49;0,010051261
28/06/2012;1,2418;0,805282654;98,6;0,010141988
29/06/2012;1,259;0,794281176;100,13;0,009987017
02/07/2012;1,2593;0,794091956;100,51;0,009949259
03/07/2012;1,2575;0,795228628;100,26;0,009974067
04/07/2012;1,256;0,796178344;100,28;0,009972078
05/07/2012;1,2426;0,804764204;99,14;0,010086746
06/07/2012;1,2377;0,80795023;98,87;0,010114291
09/07/2012;1,2293;0,813471081;97,81;0,010223903
10/07/2012;1,2285;0,814000814;97,64;0,010241704
11/07/2012;1,226;0,815660685;97,14;0,01029442
12/07/2012;1,2178;0,821152899;96,63;0,010348753
13/07/2012;1,2185;0,820681165;96,6;0,010351967
16/07/2012;1,2177;0,821220333;96,25;0,01038961
17/07/2012;1,2281;0,814265939;97,14;0,01029442
18/07/2012;1,2234;0,817394147;96,63;0,010348753
19/07/2012;1,2287;0,813868316;96,51;0,010361621
20/07/2012;1,22;0,819672131;95,86;0,01043188
23/07/2012;1,2105;0,826104915;94,72;0,010557432
24/07/2012;1,2089;0,827198279;94,63;0,010567473
25/07/2012;1,2134;0,824130542;94,97;0,010529641
26/07/2012;1,226;0,815660685;95,79;0,010439503
27/07/2012;1,2317;0,811886011;96,29;0,010385294
30/07/2012;1,2246;0,816593173;95,78;0,010440593
31/07/2012;1,2284;0,814067079;96,03;0,010413412
01/08/2012;1,2298;0,813140348;96,2;0,01039501
02/08/2012;1,2346;0,809978941;96,64;0,010347682
03/08/2012;1,2245;0,816659861;95,85;0,010432968
06/08/2012;1,2379;0,807819695;96,99;0,010310341
07/08/2012;1,2436;0,804117079;97,58;0,010248002
08/08/2012;1,2336;0,810635538;96,68;0,010343401
09/08/2012;1,2301;0,812942037;96,53;0,010359474
10/08/2012;1,2262;0,815527646;96,12;0,010403662
13/08/2012;1,2339;0,810438447;96,61;0,010350895
14/08/2012;1,2352;0,809585492;97,14;0,01029442
15/08/2012;1,2276;0,814597589;96,98;0,010311404
16/08/2012;1,2279;0,814398567;97,38;0,010269049
17/08/2012;1,2337;0,810569831;97,97;0,010207206
20/08/2012;1,23;0,81300813;97,82;0,010222858
21/08/2012;1,2428;0,804634696;98,81;0,010120433
22/08/2012;1,2448;0,803341902;98,65;0,010136847
23/08/2012;1,2552;0,796685787;98,68;0,010133766
24/08/2012;1,2507;0,799552251;98,16;0,010187449
27/08/2012;1,253;0,798084597;98,71;0,010130686
28/08/2012;1,2548;0,796939751;98,59;0,010143017
29/08/2012;1,2545;0,797130331;98,63;0,010138903
30/08/2012;1,2544;0,797193878;98,63;0,010138903
31/08/2012;1,2611;0,792958528;98,96;0,010105093
03/09/2012;1,2568;0,795671547;98,43;0,010159504
04/09/2012;1,2579;0,794975753;98,58;0,010144045
05/09/2012;1,2578;0,795038957;98,67;0,010134793
06/09/2012;1,2638;0,791264441;99,36;0,010064412
07/09/2012;1,2706;0,78702975;100,26;0,009974067
10/09/2012;1,2776;0,782717595;99,98;0,010002
11/09/2012;1,2787;0,782044264;99,7;0,01003009
12/09/2012;1,2896;0,775434243;100,45;0,009955202
13/09/2012;1,291;0,774593338;100,24;0,009976057
14/09/2012;1,3095;0,763650248;102,24;0,009780908
17/09/2012;1,3086;0,764175455;102,61;0,009745639
18/09/2012;1,3054;0,766048721;102,64;0,00974279
19/09/2012;1,3002;0,769112444;102,38;0,009767533
20/09/2012;1,2954;0,771962328;101,21;0,009880447
21/09/2012;1,2988;0,769941484;101,58;0,009844458
24/09/2012;1,2916;0,774233509;100,79;0,009921619
25/09/2012;1,2932;0,773275595;100,57;0,009943323
26/09/2012;1,2845;0,77851304;99,82;0,010018032
27/09/2012;1,2874;0,77675936;99,98;0,010002
28/09/2012;1,293;0,773395205;100,37;0,009963136
01/10/2012;1,2877;0,776578396;100,42;0,009958176
02/10/2012;1,293;0,773395205;101,02;0,00989903
03/10/2012;1,2904;0,774953503;101,1;0,009891197
04/10/2012;1,2951;0,772141147;101,88;0,009815469
05/10/2012;1,3002;0,769112444;102,02;0,009802
08/10/2012;1,2958;0,771724031;101,45;0,009857072
09/10/2012;1,2953;0,772021925;101,35;0,009866798
10/10/2012;1,2889;0,775855381;100,94;0,009906875
11/10/2012;1,2918;0,77411364;101,26;0,009875568
12/10/2012;1,297;0,771010023;101,7;0,009832842
15/10/2012;1,2971;0,770950582;102,1;0,009794319
16/10/2012;1,3046;0,766518473;102,94;0,009714397
17/10/2012;1,312;0,762195122;103,23;0,009687106
18/10/2012;1,3118;0,762311328;104,01;0,00961446
19/10/2012;1,3035;0,767165324;103,27;0,009683354
22/10/2012;1,3063;0,765520937;104,27;0,009590486
23/10/2012;1,3005;0,768935025;103,84;0,0096302
24/10/2012;1,2942;0,772678102;103,33;0,009677732
25/10/2012;1,2993;0,769645194;104,15;0,009601536
26/10/2012;1,2908;0,774713356;103,15;0,009694619
29/10/2012;1,2898;0,775314002;102,69;0,009738047
30/10/2012;1,2962;0,771485882;103;0,009708738
31/10/2012;1,2993;0,769645194;103,78;0,009635768
01/11/2012;1,2975;0,770712909;103,82;0,009632055
02/11/2012;1,285;0,778210117;103,55;0,00965717
05/11/2012;1,2777;0,782656336;102,6;0,009746589
06/11/2012;1,28;0,78125;102,6;0,009746589
07/11/2012;1,2746;0,784559862;102,11;0,00979336
08/11/2012;1,2736;0,785175879;101,74;0,009828976
09/11/2012;1,2694;0,787773751;100,44;0,009956193
12/11/2012;1,2735;0,785237534;101,13;0,009888263
13/11/2012;1,2696;0,787649653;100,93;0,009907857
14/11/2012;1,2726;0,785792865;102;0,009803922
15/11/2012;1,2756;0,78394481;103,66;0,009646923
16/11/2012;1,2745;0,78462142;103,44;0,00966744
19/11/2012;1,2762;0,783576242;103,6;0,00965251
20/11/2012;1,2809;0,78070107;104,39;0,009579462
21/11/2012;1,2805;0,780944943;105,49;0,009479572
22/11/2012;1,2893;0,775614675;106,42;0,00939673
23/11/2012;1,2909;0,774653343;106,19;0,009417083
26/11/2012;1,2964;0,771366862;106,47;0,009392317
27/11/2012;1,2961;0,771545405;106,46;0,009393199
28/11/2012;1,2891;0,775735009;105,44;0,009484067
29/11/2012;1,2994;0,769585963;106,72;0,009370315
30/11/2012;1,2986;0,770060065;107,37;0,009313589
03/12/2012;1,3057;0,765872712;107,36;0,009314456
04/12/2012;1,3092;0,763825237;107,28;0,009321402
05/12/2012;1,3065;0,76540375;107,31;0,009318796
06/12/2012;1,3072;0,76499388;107,66;0,009288501
07/12/2012;1,2905;0,774893452;106,19;0,009417083
10/12/2012;1,293;0,773395205;106,23;0,009413537
11/12/2012;1,2993;0,769645194;107,11;0,009336196
12/12/2012;1,304;0,766871166;108,12;0,009248983
13/12/2012;1,3077;0,764701384;109,18;0,009159187
14/12/2012;1,3081;0,764467548;109,55;0,009128252
17/12/2012;1,316;0,759878419;110,39;0,009058792
18/12/2012;1,3178;0,758840492;110,53;0,009047317
19/12/2012;1,3302;0,751766652;112,36;0,008899964
20/12/2012;1,3246;0,754944889;111,52;0,008967001
21/12/2012;1,3209;0,757059581;110,99;0,009009821
24/12/2012;1,3218;0,756544107;111,64;0,008957363
27/12/2012;1,3266;0,753806724;113,87;0,008781944
28/12/2012;1,3183;0,758552681;113,5;0,008810573
31/12/2012;1,3194;0,757920267;113,61;0,008802042
02/01/2013;1,3262;0,754034082;115,38;0,008667013
03/01/2013;1,3102;0,763242253;113,93;0,008777319
04/01/2013;1,3012;0,768521365;114,96;0,008698678
07/01/2013;1,3039;0,766929979;114,48;0,00873515
08/01/2013;1,3086;0,764175455;114,56;0,00872905
09/01/2013;1,3056;0,765931373;114,34;0,008745846
10/01/2013;1,3113;0,762601998;115,76;0,008638563
11/01/2013;1,3274;0,753352418;118,18;0,008461669
14/01/2013;1,3341;0,749568998;119,1;0,008396306
15/01/2013;1,3327;0,750356419;118,04;0,008471705
16/01/2013;1,3277;0,753182195;117,06;0,008542628
17/01/2013;1,3368;0,748055057;119,32;0,008380825
18/01/2013;1,3324;0,750525368;119,87;0,008342371
21/01/2013;1,3323;0,750581701;119,37;0,008377314
22/01/2013;1,3317;0,750919877;118,18;0,008461669
23/01/2013;1,333;0,750187547;117,98;0,008476013
24/01/2013;1,3349;0,749119784;119,73;0,008352126
25/01/2013;1,3469;0,742445616;122,71;0,008149295
28/01/2013;1,3444;0,743826242;122,21;0,008182636
29/01/2013;1,3433;0,744435346;121,52;0,008229098
30/01/2013;1,3541;0,738497895;123,55;0,008093889
31/01/2013;1,355;0,73800738;123,32;0,008108985
01/02/2013;1,3644;0,732922897;125,78;0,00795039
04/02/2013;1,3552;0,737898465;125,63;0,007959882
05/02/2013;1,3537;0,738716111;126,33;0,007915776
06/02/2013;1,3517;0,739809129;126,48;0,007906388
07/02/2013;1,3546;0,738225306;126,88;0,007881463
08/02/2013;1,3374;0,747719456;123,52;0,008095855
11/02/2013;1,3391;0,746770219;125,12;0,007992327
12/02/2013;1,3438;0,744158357;126,6;0,007898894
13/02/2013;1,348;0,741839763;125,95;0,007939659
14/02/2013;1,3327;0,750356419;124,39;0,008039231
15/02/2013;1,3325;0,750469043;124,03;0,008062566
18/02/2013;1,3352;0,748951468;125,24;0,007984669
19/02/2013;1,3349;0,749119784;124,81;0,008012179
20/02/2013;1,337;0,747943156;125,09;0,007994244
21/02/2013;1,3186;0,7583801;122,85;0,008140008
22/02/2013;1,3186;0,7583801;122,98;0,008131403
25/02/2013;1,3304;0,751653638;125;0,008
26/02/2013;1,3077;0,764701384;120,2;0,008319468
27/02/2013;1,3097;0,763533634;120,06;0,008329169
28/02/2013;1,3129;0,761672633;121,07;0,008259684
01/03/2013;1,3;0,769230769;120,53;0,00829669
04/03/2013;1,3007;0,768816791;121,67;0,008218953
05/03/2013;1,3034;0,767224183;121,45;0,008233841
06/03/2013;1,3035;0,767165324;121,85;0,008206812
07/03/2013;1,301;0,768639508;122,8;0,008143322
08/03/2013;1,309;0,76394194;125,5;0,007968127
11/03/2013;1,2994;0,769585963;124,91;0,008005764
12/03/2013;1,3053;0,766107408;125,25;0,007984032
13/03/2013;1,2981;0,770356675;124,59;0,008026326
14/03/2013;1,2937;0,772976733;124,79;0,008013463
15/03/2013;1,3086;0,764175455;125,56;0,00796432
18/03/2013;1,2929;0,773455024;122,88;0,008138021
19/03/2013;1,2944;0,772558714;123,49;0,008097822
20/03/2013;1,2945;0,772499034;123,69;0,008084728
21/03/2013;1,291;0,774593338;122,95;0,008133388
22/03/2013;1,2948;0,772320049;122,85;0,008140008
25/03/2013;1,2935;0,77309625;122,55;0,008159935
26/03/2013;1,2861;0,777544514;121,25;0,008247423
27/03/2013;1,2768;0,78320802;120,3;0,008312552
28/03/2013;1,2805;0,780944943;120,87;0,008273352
02/04/2013;1,284;0,778816199;119,79;0,008347942
03/04/2013;1,2828;0,779544746;119,96;0,008336112
04/04/2013;1,2818;0,78015291;122,31;0,008175946
05/04/2013;1,2944;0,772558714;124,49;0,008032774
08/04/2013;1,3023;0,767872226;128,46;0,007784524
09/04/2013;1,304;0,766871166;128,92;0,007756748
10/04/2013;1,3086;0,764175455;129,69;0,007710695
11/04/2013;1,3119;0,762253221;130,39;0,0076693
12/04/2013;1,3052;0,766166105;129,54;0,007719623
15/04/2013;1,3081;0,764467548;127,83;0,00782289
16/04/2013;1,3129;0,761672633;128,37;0,007789982
17/04/2013;1,3129;0,761672633;128,61;0,007775445
18/04/2013;1,3045;0,766577233;128,4;0,007788162
19/04/2013;1,3115;0,762485703;130,21;0,007679902
22/04/2013;1,3037;0,767047634;130;0,007692308
23/04/2013;1,299;0,769822941;128,56;0,007778469
24/04/2013;1,3006;0,768875903;129,46;0,007724394
25/04/2013;1,308;0,764525994;129,67;0,007711884
26/04/2013;1,2999;0,769289945;128,13;0,007804573
29/04/2013;1,3113;0,762601998;128,27;0,007796055
30/04/2013;1,3072;0,76499388;127,35;0,007852375
02/05/2013;1,3191;0,758092639;129,04;0,007749535
03/05/2013;1,3114;0,762543846;128,6;0,00777605
06/05/2013;1,3107;0,762951095;130,18;0,007681672
07/05/2013;1,3107;0,762951095;129,98;0,007693491
08/05/2013;1,3135;0,761324705;129,89;0,007698822
09/05/2013;1,3142;0,76091919;129,8;0,00770416
10/05/2013;1,2988;0,769941484;131,94;0,007579203
13/05/2013;1,2973;0,770831727;132,01;0,007575184
14/05/2013;1,2977;0,770594128;131,88;0,007582651
15/05/2013;1,2864;0,777363184;132,04;0,007573463
16/05/2013;1,289;0,77579519;132,15;0,007567159
17/05/2013;1,2869;0,777061155;131,87;0,007583226
20/05/2013;1,2853;0,778028476;131,86;0,007583801
21/05/2013;1,2866;0,777242344;132,33;0,007556865
22/05/2013;1,2923;0,77381413;133,26;0,007504127
23/05/2013;1,2888;0,77591558;131,07;0,007629511
24/05/2013;1,2939;0,772857253;131,25;0,007619048
27/05/2013;1,2939;0,772857253;130,59;0,007657554
28/05/2013;1,2938;0,772916989;131,98;0,007576906
29/05/2013;1,2952;0,772081532;130,9;0,007639419
30/05/2013;1,2944;0,772558714;131,7;0,007593014
31/05/2013;1,3006;0,768875903;130,47;0,007664597
03/06/2013;1,3008;0,768757688;130,37;0,007670476
04/06/2013;1,3092;0,763825237;131,28;0,007617307
05/06/2013;1,3067;0,7652866;130,13;0,007684623
06/06/2013;1,3118;0,762311328;129,96;0,007694675
07/06/2013;1,326;0,754147813;126,81;0,007885813
10/06/2013;1,3209;0,757059581;130,47;0,007664597
11/06/2013;1,3273;0,753409177;128,6;0,00777605
12/06/2013;1,3277;0,753182195;128,3;0,007794232
13/06/2013;1,3315;0,75103267;125,36;0,007977026
14/06/2013;1,3303;0,751710141;126,37;0,007913271
17/06/2013;1,3337;0,749793807;126,36;0,007913897
18/06/2013;1,3374;0,747719456;127,55;0,007840063
19/06/2013;1,3406;0,745934656;127,44;0,00784683
20/06/2013;1,32;0,757575758;129,26;0,007736345
21/06/2013;1,318;0,758725341;128,66;0,007772423
24/06/2013;1,3086;0,764175455;128,54;0,007779679
25/06/2013;1,3134;0,761382671;127,79;0,007825338
26/06/2013;1,3024;0,767813268;127,33;0,007853609
27/06/2013;1,3032;0,767341928;127,93;0,007816775
28/06/2013;1,308;0,764525994;129,39;0,007728573
01/07/2013;1,3037;0,767047634;129,99;0,007692899
02/07/2013;1,3017;0,768226166;130,08;0,007687577
03/07/2013;1,2959;0,77166448;128,85;0,007760962
04/07/2013;1,2984;0,770178681;129,64;0,007713669
05/07/2013;1,2883;0,77621672;128,97;0,007753741
08/07/2013;1,285;0,778210117;130,04;0,007689942
09/07/2013;1,2857;0,77778642;130,07;0,007688168
10/07/2013;1,2813;0,780457348;128,44;0,007785737
11/07/2013;1,3044;0,766636001;129,63;0,007714264
12/07/2013;1,3034;0,767224183;129,75;0,007707129
15/07/2013;1,3012;0,768521365;130,68;0,00765228
16/07/2013;1,3118;0,762311328;130,35;0,007671653
17/07/2013;1,3136;0,761266748;131,15;0,007624857
18/07/2013;1,3093;0,763766898;131,22;0,00762079
19/07/2013;1,3123;0,762020879;131,67;0,007594744
22/07/2013;1,3166;0,759532128;131,47;0,007606298
23/07/2013;1,318;0,758725341;131,91;0,007580926
24/07/2013;1,3246;0,754944889;132,6;0,007541478
25/07/2013;1,3202;0,757460991;131,81;0,007586678
26/07/2013;1,326;0,754147813;130,84;0,007642923
29/07/2013;1,327;0,753579503;129,91;0,007697637
30/07/2013;1,3284;0,752785306;129,99;0,007692899
31/07/2013;1,3275;0,753295669;130;0,007692308
01/08/2013;1,3236;0,755515261;130,69;0,007651695
02/08/2013;1,3203;0,75740362;131,78;0,007588405
05/08/2013;1,3257;0,754318473;130,62;0,007655795
06/08/2013;1,328;0,753012048;130,27;0,007676364
07/08/2013;1,3305;0,751597144;129,21;0,007739339
08/08/2013;1,336;0,748502994;128,68;0,007771215
09/08/2013;1,3373;0,747775368;128,96;0,007754342
12/08/2013;1,328;0,753012048;128,66;0,007772423
13/08/2013;1,329;0,752445448;130,27;0,007676364
14/08/2013;1,3243;0,75511591;130,17;0,007682262
15/08/2013;1,3297;0,752049334;130,48;0,00766401
16/08/2013;1,334;0,749625187;130,03;0,007690533
19/08/2013;1,3344;0,74940048;130,72;0,007649939
20/08/2013;1,3392;0,746714456;130,33;0,007672831
21/08/2013;1,3384;0,747160789;130,52;0,007661661
22/08/2013;1,3323;0,750581701;131,45;0,007607455
23/08/2013;1,3355;0,748783227;132,35;0,007555723
26/08/2013;1,3361;0,748446973;131,74;0,007590709
27/08/2013;1,3338;0,749737592;130,07;0,007688168
28/08/2013;1,3347;0,749232037;130,1;0,007686395
29/08/2013;1,3266;0,753806724;130,34;0,007672242
30/08/2013;1,3235;0,755572346;130,01;0,007691716
02/09/2013;1,3207;0,757174226;131,09;0,007628347
03/09/2013;1,3172;0,759186152;130,98;0,007634753
04/09/2013;1,3171;0,759243793;131,06;0,007630093
05/09/2013;1,3202;0,757460991;131,64;0,007596475
06/09/2013;1,3117;0,762369444;130,71;0,007650524
09/09/2013;1,3194;0,757920267;131,3;0,007616146
10/09/2013;1,324;0,755287009;132,8;0,00753012
11/09/2013;1,3268;0,753693096;132,96;0,007521059
12/09/2013;1,329;0,752445448;132,18;0,007565441
13/09/2013;1,3295;0,752162467;132,43;0,007551159
16/09/2013;1,3357;0,748671109;132,05;0,007572889
17/09/2013;1,3356;0,748727164;132,44;0,007550589
18/09/2013;1,3352;0,748951468;132,18;0,007565441
19/09/2013;1,3545;0,738279808;134,09;0,007457678
20/09/2013;1,3514;0,739973361;134,57;0,007431077
23/09/2013;1,3508;0,740302043;133,59;0,00748559
24/09/2013;1,3473;0,742225191;132,92;0,007523322
25/09/2013;1,3504;0,740521327;133,14;0,007510891
26/09/2013;1,3499;0,740795614;133,41;0,00749569
27/09/2013;1,3537;0,738716111;133,28;0,007503001
30/09/2013;1,3505;0,740466494;131,78;0,007588405
01/10/2013;1,3554;0,737789582;132,6;0,007541478
02/10/2013;1,3515;0,739918609;131,76;0,007589557
03/10/2013;1,3594;0,735618655;132,81;0,007529553
04/10/2013;1,3593;0,735672773;132,03;0,007574036
07/10/2013;1,3572;0,736811082;131,46;0,007606877
08/10/2013;1,3576;0,736593989;131,94;0,007579203
09/10/2013;1,3515;0,739918609;131,55;0,007601672
10/10/2013;1,3532;0,738989063;132,37;0,007554582
11/10/2013;1,3566;0,73713696;133,38;0,007497376
14/10/2013;1,3564;0,73724565;133,19;0,007508071
15/10/2013;1,3493;0,741125028;132,89;0,007525021
16/10/2013;1,3561;0,737408746;133,38;0,007497376
17/10/2013;1,3662;0,731957254;133,64;0,00748279
18/10/2013;1,3684;0,730780474;133,73;0,007477754
21/10/2013;1,3667;0,731689471;134,17;0,007453231
22/10/2013;1,3674;0,731314904;134,52;0,007433839
23/10/2013;1,3752;0,727166958;133,95;0,007465472
24/10/2013;1,3805;0,724375226;134,32;0,007444908
25/10/2013;1,3777;0,725847427;134,15;0,007454342
28/10/2013;1,3784;0,725478816;134,65;0,007426662
29/10/2013;1,3768;0,726321906;134,88;0,007413998
30/10/2013;1,3755;0,727008361;135,11;0,007401377
31/10/2013;1,3641;0,733084085;133,99;0,007463244
01/11/2013;1,3505;0,740466494;132,9;0,007524454
04/11/2013;1,3506;0,740411669;133,28;0,007503001
05/11/2013;1,3494;0,741070105;132,59;0,007542047
06/11/2013;1,3517;0,739809129;133,33;0,007500188
07/11/2013;1,3365;0,74822297;132;0,007575758
08/11/2013;1,3431;0,744546199;131,58;0,007599939
11/11/2013;1,3394;0,746602957;132,86;0,00752672
12/11/2013;1,3432;0,744490768;133,87;0,007469934
13/11/2013;1,3415;0,745434215;133,27;0,007503564
14/11/2013;1,3436;0,744269128;134,26;0,007448235
15/11/2013;1,346;0,742942051;134,99;0,007407956
18/11/2013;1,3517;0,739809129;135,23;0,007394809
19/11/2013;1,3502;0,740631018;134,89;0,007413448
20/11/2013;1,3527;0,739262216;135,2;0,00739645
21/11/2013;1,3472;0,742280285;135,83;0,007362144
22/11/2013;1,3518;0,739754402;136,74;0,007313149
25/11/2013;1,3514;0,739973361;137,57;0,007269027
26/11/2013;1,3547;0,738170813;137,34;0,0072812
27/11/2013;1,3596;0,735510444;138,43;0,007223868
28/11/2013;1,3592;0,735726898;139,06;0,007191141
29/11/2013;1,3611;0,734699875;139,21;0,007183392
02/12/2013;1,3536;0,738770686;139,16;0,007185973
03/12/2013;1,3578;0,736485491;139,31;0,007178236
04/12/2013;1,3592;0,735726898;139,31;0,007178236
05/12/2013;1,3594;0,735618655;138,73;0,007208246
06/12/2013;1,3661;0,732010834;139,63;0,007161785
09/12/2013;1,3722;0,728756741;141,33;0,007075639
10/12/2013;1,375;0,727272727;141,35;0,007074637
11/12/2013;1,3767;0,726374664;141,22;0,00708115
12/12/2013;1,3775;0,725952813;141,51;0,007066638
13/12/2013;1,3727;0,728491295;141,93;0,007045727
16/12/2013;1,3776;0,725900116;141,87;0,007048707
17/12/2013;1,3749;0,727325624;141,61;0,007061648
18/12/2013;1,3749;0,727325624;141,61;0,007061648
19/12/2013;1,3667;0,731689471;142,55;0,007015082
20/12/2013;1,3655;0,732332479;142,66;0,007009673
23/12/2013;1,3702;0,729820464;142,38;0,007023458
24/12/2013;1,3684;0,730780474;142,66;0,007009673
27/12/2013;1,3814;0,723903287;145,02;0,006895601
30/12/2013;1,3783;0,725531452;145,02;0,006895601
31/12/2013;1,3791;0,725110579;144,72;0,006909895
02/01/2014;1,3658;0,732171621;143,82;0,006953136
03/01/2014;1,3634;0,733460466;142,46;0,007019514
06/01/2014;1,3602;0,735186002;142,28;0,007028395
07/01/2014;1,3641;0,733084085;142,43;0,007020993
08/01/2014;1,3594;0,735618655;142,33;0,007025926
09/01/2014;1,3612;0,734645901;142,92;0,006996921
10/01/2014;1,3587;0,735997645;142,67;0,007009182
13/01/2014;1,3654;0,732386114;141,37;0,007073637
14/01/2014;1,3667;0,731689471;141,62;0,00706115
15/01/2014;1,3606;0,734969866;141,86;0,007049203
16/01/2014;1,3597;0,735456351;142,21;0,007031854
17/01/2014;1,3584;0,736160188;141,8;0,007052186
20/01/2014;1,3566;0,73713696;141,05;0,007089685
21/01/2014;1,3526;0,739316871;141,58;0,007063145
22/01/2014;1,3566;0,73713696;141,57;0,007063643
23/01/2014;1,3639;0,733191583;141,99;0,007042749
24/01/2014;1,3687;0,730620297;140,18;0,007133685
27/01/2014;1,3658;0,732171621;140,39;0,007123014
28/01/2014;1,3649;0,732654407;140,61;0,00711187
29/01/2014;1,3608;0,734861846;139,73;0,007156659
30/01/2014;1,3574;0,73670252;139,28;0,007179782
31/01/2014;1,3516;0,739863865;138,13;0,007239557
03/02/2014;1,3498;0,740850496;137,82;0,007255841
04/02/2014;1,3519;0,739699682;137,05;0,007296607
05/02/2014;1,3543;0,738388836;136,78;0,00731101
06/02/2014;1,3495;0,741015191;136,93;0,007303002
07/02/2014;1,3574;0,73670252;138,79;0,00720513
10/02/2014;1,3638;0,733245344;139,26;0,007180813
11/02/2014;1,3676;0,731207956;140;0,007142857
12/02/2014;1,3573;0,736756797;138,89;0,007199942
13/02/2014;1,3675;0,731261426;139,42;0,007172572
14/02/2014;1,3707;0,729554242;139,48;0,007169487
17/02/2014;1,3699;0,729980291;139,6;0,007163324
18/02/2014;1,3731;0,728279077;140,77;0,007103786
19/02/2014;1,3745;0,727537286;140,08;0,007138778
20/02/2014;1,3706;0,729607471;139,91;0,007147452
21/02/2014;1,3707;0,729554242;140,5;0,007117438
24/02/2014;1,3735;0,728066982;140,69;0,007107826
25/02/2014;1,3754;0,727061219;140,65;0,007109847
26/02/2014;1,3726;0,728544368;140,5;0,007117438
27/02/2014;1,3656;0,732278852;139,15;0,007186489
28/02/2014;1,3813;0,723955694;140,63;0,007110858
03/03/2014;1,3768;0,726321906;139,51;0,007167945
04/03/2014;1,3768;0,726321906;140,2;0,007132668
05/03/2014;1,3732;0,728226041;140,71;0,007106815
06/03/2014;1,3745;0,727537286;141,22;0,00708115
07/03/2014;1,3894;0,719735137;143,02;0,006992029
10/03/2014;1,3881;0,720409192;143,39;0,006973987
11/03/2014;1,385;0,722021661;143,05;0,006990563
12/03/2014;1,3887;0,720097933;142,68;0,007008691
13/03/2014;1,3942;0,717257208;143,3;0,006978367
14/03/2014;1,3884;0,720253529;140,63;0,007110858
17/03/2014;1,3906;0,719114051;141,45;0,007069636
18/03/2014;1,3902;0,719320961;141,1;0,007087172
19/03/2014;1,3913;0,718752246;141,31;0,00707664
20/03/2014;1,3762;0,72663857;140,85;0,007099752
21/03/2014;1,378;0,725689405;141,07;0,007088679
24/03/2014;1,3774;0,726005518;141,05;0,007089685
25/03/2014;1,3789;0,725215752;141,22;0,00708115
26/03/2014;1,3791;0,725110579;141,25;0,007079646
27/03/2014;1,3758;0,726849833;140,75;0,007104796
28/03/2014;1,3759;0,726797006;140,9;0,007097232
31/03/2014;1,3788;0,725268349;142,42;0,007021486
01/04/2014;1,379;0,725163162;142,53;0,007016067
02/04/2014;1,3795;0,724900326;143,03;0,00699154
03/04/2014;1,3771;0,726163677;143,12;0,006987144
04/04/2014;1,37;0,729927007;142,33;0,007025926
07/04/2014;1,3723;0,728703636;141,65;0,007059654
08/04/2014;1,3774;0,726005518;140,9;0,007097232
09/04/2014;1,3794;0,724952878;140,73;0,007105805
10/04/2014;1,3867;0,721136511;141;0,007092199
11/04/2014;1,3872;0,720876586;140,69;0,007107826
14/04/2014;1,3827;0,72322268;140,87;0,007098744
15/04/2014;1,3803;0,724480185;140,62;0,007111364
16/04/2014;1,384;0,722543353;141,55;0,007064641
17/04/2014;1,3855;0,721761097;141,57;0,007063643
22/04/2014;1,3817;0,72374611;141,69;0,007057661
23/04/2014;1,3834;0,72285673;141,46;0,007069136
24/04/2014;1,382;0,723589001;141,63;0,007060651
25/04/2014;1,3831;0,72301352;141,05;0,007089685
28/04/2014;1,3861;0,721448669;141,85;0,0070497
29/04/2014;1,3826;0,723274989;142,03;0,007040766
30/04/2014;1,385;0,722021661;142,07;0,007038784
02/05/2014;1,3862;0,721396624;142,06;0,007039279
05/05/2014;1,3874;0,720772668;141,44;0,007070136
06/05/2014;1,3945;0,717102904;141,89;0,007047713
07/05/2014;1,3927;0,718029726;141,68;0,007058159
08/05/2014;1,3953;0,716691751;141,95;0,007044734
09/05/2014;1,3781;0,725636746;140,14;0,007135721
12/05/2014;1,3765;0,726480203;140,31;0,007127076
13/05/2014;1,3703;0,729767204;140,25;0,007130125
14/05/2014;1,3719;0,728916102;139,65;0,007160759
15/05/2014;1,3659;0,732118017;139,17;0,007185457
16/05/2014;1,3696;0,730140187;138,95;0,007196833
19/05/2014;1,3715;0,729128691;138,79;0,00720513
20/05/2014;1,3702;0,729820464;138,88;0,007200461
21/05/2014;1,3676;0,731207956;138,18;0,007236937
22/05/2014;1,3668;0,731635938;138,96;0,007196315
23/05/2014;1,363;0,733675715;138,92;0,007198388
26/05/2014;1,3635;0,733406674;138,97;0,007195798
27/05/2014;1,3638;0,733245344;139,01;0,007193727
28/05/2014;1,3608;0,734861846;138,73;0,007208246
29/05/2014;1,3612;0,734645901;138,34;0,007228567
30/05/2014;1,3607;0,734915852;138,36;0,007227522
02/06/2014;1,3611;0,734699875;138,94;0,007197351
03/06/2014;1,3645;0,732869183;139,64;0,007161272
04/06/2014;1,3627;0,733837235;139,78;0,007154099
05/06/2014;1,3567;0,737082627;139,24;0,007181844
06/06/2014;1,3642;0,733030347;139,71;0,007157684
09/06/2014;1,3608;0,734861846;139,39;0,007174116
10/06/2014;1,3547;0,738170813;138,63;0,007213446
11/06/2014;1,3547;0,738170813;138,19;0,007236414
12/06/2014;1,3528;0,739207569;138,12;0,007240081
13/06/2014;1,3534;0,738879858;138,08;0,007242178
16/06/2014;1,3532;0,738989063;137,81;0,007256367
17/06/2014;1,3568;0,737028302;138,4;0,007225434
18/06/2014;1,3563;0,737300007;138,65;0,007212405
19/06/2014;1,362;0,734214391;138,82;0,007203573
20/06/2014;1,3588;0,73594348;138,68;0,007210845
23/06/2014;1,3596;0,735510444;138,46;0,007222302
24/06/2014;1,3618;0,734322221;138,8;0,007204611
25/06/2014;1,3615;0,734484025;138,73;0,007208246
26/06/2014;1,3606;0,734969866;138,49;0,007220738
27/06/2014;1,362;0,734214391;138,09;0,007241654
30/06/2014;1,3658;0,732171621;138,44;0,007223346
01/07/2014;1,3688;0,73056692;138,98;0,00719528
02/07/2014;1,3656;0,732278852;138,65;0,007212405
03/07/2014;1,3646;0,732815477;139,06;0,007191141
04/07/2014;1,3588;0,73594348;138,67;0,007211365
07/07/2014;1,3592;0,735726898;138,53;0,007218653
08/07/2014;1,3589;0,735889322;138,26;0,00723275
09/07/2014;1,3603;0,735131956;138,38;0,007226478
10/07/2014;1,3604;0,735077918;137,87;0,00725321
11/07/2014;1,3595;0,735564546;137,75;0,007259528
14/07/2014;1,3627;0,733837235;138,29;0,007231181
15/07/2014;1,3613;0,734591934;138,28;0,007231704
16/07/2014;1,3532;0,738989063;137,73;0,007260582
17/07/2014;1,3525;0,739371534;137,27;0,007284913
18/07/2014;1,3525;0,739371534;137,07;0,007295542
21/07/2014;1,3518;0,739754402;136,97;0,007300869
22/07/2014;1,3481;0,741784734;136,93;0,007303002
23/07/2014;1,3465;0,742666172;136,51;0,007325471
24/07/2014;1,3472;0,742280285;136,97;0,007300869
25/07/2014;1,344;0,744047619;136,97;0,007300869
28/07/2014;1,3433;0,744435346;136,74;0,007313149
29/07/2014;1,3429;0,744657085;137,04;0,00729714
30/07/2014;1,3401;0,746212969;137,05;0,007296607
31/07/2014;1,3379;0,747440018;137,66;0,007264274
01/08/2014;1,3395;0,746547219;137,92;0,00725058
04/08/2014;1,3422;0,745045448;137,72;0,007261109
05/08/2014;1,3382;0,747272456;137,46;0,007274844
06/08/2014;1,3345;0,749344324;136,58;0,007321716
07/08/2014;1,3368;0,748055057;136,76;0,00731208
08/08/2014;1,3388;0,746937556;136,45;0,007328692
11/08/2014;1,3386;0,747049156;136,72;0,007314219
12/08/2014;1,3346;0,749288176;136,49;0,007326544
13/08/2014;1,336;0,748502994;136,89;0,007305136
14/08/2014;1,3373;0,747775368;136,99;0,007299803
15/08/2014;1,3388;0,746937556;137,33;0,00728173
18/08/2014;1,3383;0,747216618;137,22;0,007287567
19/08/2014;1,3354;0,748839299;137,12;0,007292882
20/08/2014;1,3284;0,752785306;137,23;0,007287036
21/08/2014;1,3262;0,754034082;137,71;0,007261637
22/08/2014;1,3267;0,753749906;137,7;0,007262164
25/08/2014;1,32;0,757575758;137,13;0,00729235
26/08/2014;1,3192;0,758035173;137,15;0,007291287
27/08/2014;1,3177;0,75889808;136,88;0,007305669
28/08/2014;1,3178;0,758840492;136,68;0,007316359
29/08/2014;1,3188;0,758265089;137,11;0,007293414
01/09/2014;1,3133;0,761440646;136,97;0,007300869
02/09/2014;1,3115;0,762485703;137,63;0,007265858
03/09/2014;1,3151;0,760398449;138,11;0,007240605
04/09/2014;1,3015;0,768344218;136,89;0,007305136
05/09/2014;1,2948;0,772320049;136,27;0,007338372
08/09/2014;1,2947;0,772379702;136,32;0,007335681
09/09/2014;1,2902;0,775073632;136,9;0,007304602
10/09/2014;1,2929;0,773455024;137,9;0,007251632
11/09/2014;1,2928;0,773514851;138,38;0,007226478
12/09/2014;1,2931;0,773335396;138,72;0,007208766
15/09/2014;1,2911;0,774533344;138,48;0,007221259
16/09/2014;1,2949;0,772260406;138,67;0,007211365
17/09/2014;1,2956;0,771843161;139,05;0,007191658
18/09/2014;1,2872;0,77688005;140,11;0,007137249
19/09/2014;1,2852;0,778089013;139,84;0,00715103
22/09/2014;1,2845;0,77851304;140,09;0,007138268
23/09/2014;1,2892;0,775674837;139,87;0,007149496
24/09/2014;1,2826;0,779666303;139,5;0,007168459
25/09/2014;1,2712;0,786658276;138,88;0,007200461
26/09/2014;1,2732;0,785422557;138,93;0,007197869
29/09/2014;1,2701;0,78733958;138,97;0,007195798
30/09/2014;1,2583;0,794723039;138,11;0,007240605
01/10/2014;1,2603;0,793461874;138,53;0,007218653
02/10/2014;1,2631;0,791702953;137,47;0,007274314
03/10/2014;1,2616;0,792644261;137,46;0,007274844
06/10/2014;1,2565;0,79586152;137,25;0,007285974
07/10/2014;1,2607;0,793210121;136,9;0,007304602
08/10/2014;1,2645;0,790826414;136,97;0,007300869
09/10/2014;1,2763;0,783514848;137,37;0,00727961
10/10/2014;1,2638;0,791264441;136,27;0,007338372
13/10/2014;1,2679;0,788705734;135,95;0,007355645
14/10/2014;1,2646;0,790763878;135,29;0,007391529
15/10/2014;1,2666;0,789515238;135,5;0,007380074
16/10/2014;1,2749;0,784375245;134,95;0,007410152
17/10/2014;1,2823;0,779848709;136,45;0,007328692
20/10/2014;1,2773;0,782901433;136,62;0,007319573
21/10/2014;1,2762;0,783576242;136,2;0,007342144
22/10/2014;1,2693;0,787835815;135,79;0,007364313
23/10/2014;1,2669;0,789328282;136,42;0,007330303
24/10/2014;1,2659;0,789951813;136,64;0,007318501
27/10/2014;1,2679;0,788705734;136,76;0,00731208
28/10/2014;1,2748;0,784436774;137,45;0,007275373
29/10/2014;1,2737;0,785114234;137,75;0,007259528
30/10/2014;1,2598;0,79377679;137,27;0,007284913
31/10/2014;1,2524;0,798466943;140,18;0,007133685
03/11/2014;1,2493;0,800448251;142,19;0,007032843
04/11/2014;1,2514;0,799105002;141,96;0,007044238
05/11/2014;1,248;0,801282051;143,21;0,006982753
06/11/2014;1,2517;0,798913478;143,33;0,006976906
07/11/2014;1,2393;0,806907125;142,89;0,00699839
10/11/2014;1,2486;0,800897005;142,56;0,00701459
11/11/2014;1,2424;0,804893754;143,88;0,006950236
12/11/2014;1,2467;0,80211759;143,63;0,006962334
13/11/2014;1,2456;0,802825947;143,87;0,006950719
14/11/2014;1,2436;0,804117079;144,94;0,006899407
17/11/2014;1,2496;0,800256082;145,3;0,006882312
18/11/2014;1,2514;0,799105002;145,91;0,00685354
19/11/2014;1,2535;0,797766254;147,45;0,00678196
20/11/2014;1,2539;0,797511763;148,25;0,006745363
21/11/2014;1,2422;0,805023346;146,46;0,006827803
24/11/2014;1,241;0,805801773;146,82;0,006811061
25/11/2014;1,2424;0,804893754;146,66;0,006818492
26/11/2014;1,2475;0,801603206;146,91;0,006806889
27/11/2014;1,248;0,801282051;146,67;0,006818027
28/11/2014;1,2483;0,801089482;147,69;0,006770939
01/12/2014;1,2469;0,801988933;147,62;0,00677415
02/12/2014;1,2424;0,804893754;148,08;0,006753106
03/12/2014;1,2331;0,810964236;147,2;0,006793478
04/12/2014;1,2311;0,812281699;147,64;0,006773232
05/12/2014;1,2362;0,808930594;149,03;0,006710058
08/12/2014;1,2258;0,815793767;148,45;0,006736275
09/12/2014;1,2369;0,808472795;148,02;0,006755844
10/12/2014;1,2392;0,80697224;147,33;0,006787484
11/12/2014;1,2428;0,804634696;147,2;0,006793478
12/12/2014;1,245;0,803212851;147,41;0,0067838
15/12/2014;1,2426;0,804764204;147,67;0,006771856
16/12/2014;1,2537;0,797638989;145,79;0,006859181
17/12/2014;1,2448;0,803341902;145,89;0,006854479
18/12/2014;1,2285;0,814000814;145,96;0,006851192
19/12/2014;1,2279;0,814398567;146,41;0,006830135
22/12/2014;1,2259;0,815727221;147,06;0,006799946
23/12/2014;1,2213;0,81879964;146,8;0,006811989
24/12/2014;1,2219;0,818397578;147,07;0,006799483
29/12/2014;1,2197;0,819873739;146,96;0,006804573
30/12/2014;1,216;0,822368421;145,41;0,006877106
31/12/2014;1,2141;0,823655383;145,23;0,00688563
02/01/2015;1,2043;0,830357884;145,21;0,006886578
05/01/2015;1,1915;0,839278221;143;0,006993007
06/01/2015;1,1914;0,839348665;141,69;0,007057661
07/01/2015;1,1831;0,845237089;141,17;0,007083658
08/01/2015;1,1768;0,849762067;141;0,007092199
09/01/2015;1,1813;0,846525015;140,81;0,007101768
12/01/2015;1,1804;0,847170451;140,56;0,0071144
13/01/2015;1,1782;0,848752334;139,56;0,007165377
14/01/2015;1,1775;0,8492569;137,48;0,007273785
15/01/2015;1,1708;0,854116843;136,48;0,007327081
16/01/2015;1,1588;0,862961685;135,06;0,007404117
19/01/2015;1,1605;0,861697544;136,27;0,007338372
20/01/2015;1,1579;0,863632438;137,37;0,00727961
21/01/2015;1,1593;0,862589494;136,07;0,007349159
22/01/2015;1,1618;0,860733345;136,7;0,007315289
23/01/2015;1,1198;0,89301661;132,12;0,007568877
26/01/2015;1,1244;0,889363216;133,03;0,007517101
27/01/2015;1,1306;0,884486114;133,08;0,007514277
28/01/2015;1,1344;0,881523272;133,7;0,007479432
29/01/2015;1,1315;0,883782589;133,43;0,007494566
30/01/2015;1,1305;0,884564352;133,08;0,007514277
02/02/2015;1,131;0,884173298;133,06;0,007515407
03/02/2015;1,1376;0,879043601;133,48;0,007491759
04/02/2015;1,1446;0,873667657;134,49;0,007435497
05/02/2015;1,141;0,876424189;133,98;0,007463801
06/02/2015;1,1447;0,873591334;134,28;0,007447125
09/02/2015;1,1275;0,88691796;133,72;0,007478313
10/02/2015;1,1297;0,885190759;134,67;0,007425559
11/02/2015;1,1314;0,883860704;135,5;0,007380074
12/02/2015;1,1328;0,882768362;135,72;0,007368111
13/02/2015;1,1381;0,878657411;135,46;0,007382253
16/02/2015;1,1408;0,87657784;135,26;0,007393169
17/02/2015;1,1415;0,876040298;135,61;0,007374087
18/02/2015;1,1372;0,879352796;135,69;0,00736974
19/02/2015;1,1387;0,878194432;135,52;0,007378985
20/02/2015;1,1298;0,885112409;133,91;0,007467702
23/02/2015;1,1298;0,885112409;134,5;0,007434944
24/02/2015;1,1328;0,882768362;135,36;0,007387707
25/02/2015;1,1346;0,881367883;134,92;0,0074118
26/02/2015;1,1317;0,883626403;134,54;0,007432734
27/02/2015;1,124;0,889679715;134,05;0,007459903
02/03/2015;1,1227;0,890709896;134,47;0,007436603
03/03/2015;1,1168;0,895415473;133,74;0,007477195
04/03/2015;1,1124;0,89895721;133,15;0,007510327
05/03/2015;1,1069;0,903423977;133,1;0,007513148
06/03/2015;1,0963;0,912159081;131,48;0,00760572
09/03/2015;1,086;0,920810313;131,31;0,007615566
10/03/2015;1,0738;0,931272118;130,29;0,007675186
11/03/2015;1,0578;0,945358291;128,33;0,00779241
12/03/2015;1,0613;0,942240648;128,29;0,00779484
13/03/2015;1,0572;0,945894816;128,41;0,007787555
16/03/2015;1,0557;0,947238799;127,96;0,007814942
17/03/2015;1,0635;0,94029149;128,9;0,007757952
18/03/2015;1,0592;0,944108761;128,35;0,007791196
19/03/2015;1,0677;0,936592676;129,12;0,007744734
20/03/2015;1,0776;0,927988122;130,26;0,007676954
23/03/2015;1,0912;0,916422287;130,8;0,00764526
24/03/2015;1,095;0,913242009;130,89;0,007640003
25/03/2015;1,0985;0,910332271;131,13;0,00762602
26/03/2015;1,0973;0,911327805;130,67;0,007652866
27/03/2015;1,0856;0,921149595;129,39;0,007728573
30/03/2015;1,0845;0,92208391;130,02;0,007691124
31/03/2015;1,0759;0,92945441;128,95;0,007754944
01/04/2015;1,0755;0,929800093;129,29;0,00773455
02/04/2015;1,083;0,923361034;129,59;0,007716645
07/04/2015;1,0847;0,921913893;130,33;0,007672831
08/04/2015;1,0862;0,920640766;130,09;0,007686986
09/04/2015;1,0774;0,928160386;129,22;0,00773874
10/04/2015;1,057;0,946073794;127,32;0,007854226
13/04/2015;1,0552;0,947687642;127,2;0,007861635
14/04/2015;1,0564;0,946611132;126,67;0,007894529
15/04/2015;1,0579;0,945268929;126,52;0,007903889
16/04/2015;1,0711;0,933619643;127,64;0,007834535
17/04/2015;1,0814;0,924727205;128,45;0,00778513
20/04/2015;1,0723;0,932574839;127,68;0,00783208
21/04/2015;1,07;0,934579439;127,75;0,007827789
22/04/2015;1,0743;0,930838686;128,45;0,00778513
23/04/2015;1,0772;0,928332714;129,36;0,007730365
24/04/2015;1,0824;0,923872875;129,36;0,007730365
27/04/2015;1,0822;0,924043615;129,23;0,007738141
28/04/2015;1,0927;0,915164272;130,09;0,007686986
29/04/2015;1,1002;0,90892565;131,2;0,007621951
30/04/2015;1,1215;0,891662951;133,26;0,007504127
04/05/2015;1,1152;0,896700143;134,07;0,00745879
05/05/2015;1,1117;0,899523253;133,92;0,007467145
06/05/2015;1,123;0,89047195;134,59;0,007429973
07/05/2015;1,1305;0,884564352;134,72;0,007422803
08/05/2015;1,1221;0,891186169;134,9;0,007412898
11/05/2015;1,1142;0,897504936;133,64;0,00748279
12/05/2015;1,1239;0,889758875;134,85;0,007415647
13/05/2015;1,1221;0,891186169;134,31;0,007445462
14/05/2015;1,1419;0,875733427;136,12;0,007346459
15/05/2015;1,1328;0,882768362;135,78;0,007364855
18/05/2015;1,1389;0,878040214;136,33;0,007335143
19/05/2015;1,118;0,894454383;134,36;0,007442691
20/05/2015;1,1118;0,899442346;134,43;0,007438816
21/05/2015;1,1133;0,898230486;134,79;0,007418948
22/05/2015;1,1164;0,895736295;135,01;0,007406859
25/05/2015;1,0978;0,910912735;133,39;0,007496814
26/05/2015;1,0926;0,915248032;134,07;0,00745879
27/05/2015;1,0863;0,920556016;134,37;0,007442137
28/05/2015;1,0896;0,917767988;135,36;0,007387707
29/05/2015;1,097;0,911577028;135,95;0,007355645
01/06/2015;1,0944;0,91374269;135,79;0,007364313
02/06/2015;1,1029;0,906700517;137,52;0,00727167
03/06/2015;1,1134;0,898149811;138,46;0,007222302
04/06/2015;1,1317;0,883626403;140,47;0,007118958
05/06/2015;1,1218;0,891424496;139,97;0,007144388
08/06/2015;1,1162;0,895896793;139,84;0,00715103
09/06/2015;1,1249;0,888967908;139,56;0,007165377
10/06/2015;1,1279;0,886603422;138,69;0,007210325
11/06/2015;1,1232;0,89031339;138,95;0,007196833
12/06/2015;1,122;0,891265597;138,78;0,007205649
15/06/2015;1,1218;0,891424496;138,54;0,007218132
16/06/2015;1,1215;0,891662951;138,42;0,00722439
17/06/2015;1,1279;0,886603422;139,78;0,007154099
18/06/2015;1,1404;0,876885303;139,94;0,00714592
19/06/2015;1,1299;0,885034074;139,19;0,007184424
22/06/2015;1,1345;0,881445571;139,8;0,007153076
23/06/2015;1,1204;0,892538379;138,72;0,007208766
24/06/2015;1,1213;0,891821992;138,93;0,007197869
25/06/2015;1,1206;0,892379083;138,52;0,007219174
26/06/2015;1,1202;0,892697733;138,58;0,007216048
29/06/2015;1,1133;0,898230486;136,81;0,007309407
30/06/2015;1,1189;0,893734918;137,01;0,007298737
01/07/2015;1,11;0,900900901;136,63;0,007319037
02/07/2015;1,1066;0,903668896;136,82;0,007308873
03/07/2015;1,1096;0,901225667;136,38;0,007332453
06/07/2015;1,1008;0,908430233;135,11;0,007401377
07/07/2015;1,0931;0,914829384;133,88;0,007469376
08/07/2015;1,1024;0,907111756;133,88;0,007469376
09/07/2015;1,1054;0,9046499;134,3;0,007446016
10/07/2015;1,1185;0,894054537;136,88;0,007305669
13/07/2015;1,1049;0,905059281;136,3;0,007336757
14/07/2015;1,1031;0,906536125;136,02;0,00735186
15/07/2015;1,1009;0,908347716;135,95;0,007355645
16/07/2015;1,0867;0,920217171;134,9;0,007412898
17/07/2015;1,0889;0,918357976;135,01;0,007406859
20/07/2015;1,0852;0,921489126;134,83;0,007416747
21/07/2015;1,0867;0,920217171;135,17;0,007398091
22/07/2015;1,0902;0,917262888;134,98;0,007408505
23/07/2015;1,0999;0,909173561;136,15;0,00734484
24/07/2015;1,0939;0,914160344;135,7;0,007369197
27/07/2015;1,1058;0,904322662;136,23;0,007340527
28/07/2015;1,1025;0,907029478;136,46;0,007328155
29/07/2015;1,103;0,906618314;136,5;0,007326007
30/07/2015;1,0955;0,912825194;136,25;0,00733945
31/07/2015;1,0967;0,911826388;136,34;0,007334605
03/08/2015;1,0951;0,913158616;136,07;0,007349159
04/08/2015;1,0973;0,911327805;136,07;0,007349159
05/08/2015;1,0883;0,918864284;135,23;0,007394809
06/08/2015;1,0885;0,918695452;135,94;0,007356187
07/08/2015;1,0941;0,913993236;136,43;0,007329766
10/08/2015;1,096;0,912408759;136,67;0,007316895
11/08/2015;1,1055;0,904568069;137,99;0,007246902
12/08/2015;1,1155;0,896458987;138,45;0,007222824
13/08/2015;1,1109;0,900171032;138,23;0,00723432
14/08/2015;1,1171;0,895175007;138,7;0,007209805
17/08/2015;1,11;0,900900901;138,22;0,007234843
18/08/2015;1,106;0,904159132;137,44;0,007275902
19/08/2015;1,1041;0,905715062;137,31;0,007282791
20/08/2015;1,1183;0,894214433;138,5;0,007220217
21/08/2015;1,1281;0,886446237;138,4;0,007225434
24/08/2015;1,1497;0,86979212;137,8;0,007256894
25/08/2015;1,1506;0,869111768;137,84;0,007254788
26/08/2015;1,1402;0,877039116;136,46;0,007328155
27/08/2015;1,1284;0,886210564;135,62;0,007373544
28/08/2015;1,1268;0,887468939;136,16;0,007344301
31/08/2015;1,1215;0,891662951;136,07;0,007349159
01/09/2015;1,1236;0,88999644;134,87;0,007414547
02/09/2015;1,1255;0,888494003;135,21;0,007395903
03/09/2015;1,1229;0,890551251;134,98;0,007408505
04/09/2015;1,1138;0,897827258;132,82;0,007528987
07/09/2015;1,1146;0,897182846;133,09;0,007513713
08/09/2015;1,1162;0,895896793;133,82;0,007472725
09/09/2015;1,1139;0,897746656;134,65;0,007426662
10/09/2015;1,1185;0,894054537;135,38;0,007386615
11/09/2015;1,1268;0,887468939;136,02;0,00735186
14/09/2015;1,1305;0,884564352;136,04;0,007350779
15/09/2015;1,132;0,883392226;135,44;0,007383343
16/09/2015;1,1228;0,890630566;135,45;0,007382798
17/09/2015;1,1312;0,884016973;136,76;0,00731208
18/09/2015;1,1419;0,875733427;136,31;0,007336219
21/09/2015;1,125;0,888888889;135,5;0,007380074
22/09/2015;1,1155;0,896458987;133,75;0,007476636
23/09/2015;1,115;0,896860987;134,03;0,007461016
24/09/2015;1,1241;0,889600569;134,48;0,00743605
25/09/2015;1,1151;0,896780558;134,92;0,0074118
28/09/2015;1,117;0,895255148;134,13;0,007455454
29/09/2015;1,1204;0,892538379;134,38;0,007441584
30/09/2015;1,1203;0,892618049;134,69;0,007424456
01/10/2015;1,1153;0,896619744;133,56;0,007487272
02/10/2015;1,116;0,896057348;134,24;0,007449344
05/10/2015;1,1236;0,88999644;135,07;0,007403569
06/10/2015;1,1224;0,890947969;135,07;0,007403569
07/10/2015;1,1266;0,887626487;135,3;0,007390983
08/10/2015;1,1254;0,888572952;134,92;0,0074118
09/10/2015;1,1362;0,880126738;136,65;0,007317966
12/10/2015;1,1373;0,879275477;136,61;0,007320108
13/10/2015;1,1374;0,879198171;136,16;0,007344301
14/10/2015;1,141;0,876424189;136,48;0,007327081
15/10/2015;1,1439;0,87420229;135,23;0,007394809
16/10/2015;1,136;0,88028169;135,25;0,007393715
19/10/2015;1,1333;0,882378893;135,29;0,007391529
20/10/2015;1,1373;0,879275477;136,16;0,007344301
21/10/2015;1,1354;0,880746873;136,3;0,007336757
22/10/2015;1,1313;0,883938831;135,49;0,007380618
23/10/2015;1,1084;0,902201371;133,8;0,007473842
26/10/2015;1,1011;0,908182726;133,26;0,007504127
27/10/2015;1,1061;0,904077389;133,06;0,007515407
28/10/2015;1,1085;0,902119982;133,38;0,007497376
29/10/2015;1,093;0,914913083;132,3;0,007558579
30/10/2015;1,1017;0,907688118;132,88;0,007525587
02/11/2015;1,1032;0,906453952;133,02;0,007517667
03/11/2015;1,0976;0,911078717;132,65;0,007538636
04/11/2015;1,0935;0,914494742;132,45;0,007550019
05/11/2015;1,0883;0,918864284;132,65;0,007538636
06/11/2015;1,0864;0,920471281;132,41;0,0075523
09/11/2015;1,0776;0,927988122;133,08;0,007514277
10/11/2015;1,0711;0,933619643;131,98;0,007576906
11/11/2015;1,0716;0,933184024;131,9;0,007581501
12/11/2015;1,0726;0,932314003;131,92;0,007580352
13/11/2015;1,0764;0,929022668;132,04;0,007573463
16/11/2015;1,0723;0,932574839;132,01;0,007575184
17/11/2015;1,067;0,937207123;131,49;0,007605141
18/11/2015;1,0666;0,937558597;131,65;0,007595898
19/11/2015;1,0687;0,935716291;131,6;0,007598784
20/11/2015;1,0688;0,935628743;131,28;0,007617307
23/11/2015;1,0631;0,940645283;130,92;0,007638252
24/11/2015;1,0651;0,938878978;130,52;0,007661661
25/11/2015;1,0586;0,944643869;129,94;0,00769586
26/11/2015;1,0612;0,942329438;130,06;0,007688759
27/11/2015;1,058;0,945179584;129,75;0,007707129
30/11/2015;1,0579;0,945268929;130,22;0,007679312
01/12/2015;1,06;0,943396226;130,57;0,007658727
02/12/2015;1,0612;0,942329438;130,7;0,007651109
03/12/2015;1,0671;0,937119295;131,58;0,007599939
04/12/2015;1,0902;0,917262888;134,08;0,007458234
07/12/2015;1,0809;0,925154963;133,4;0,007496252
08/12/2015;1,0875;0,91954023;133,64;0,00748279
09/12/2015;1,0941;0,913993236;134,04;0,00746046
10/12/2015;1,0943;0,91382619;132,97;0,007520493
11/12/2015;1,095;0,913242009;133,02;0,007517667
14/12/2015;1,0983;0,910498042;132,54;0,007544892
15/12/2015;1,099;0,909918107;132,97;0,007520493
16/12/2015;1,0933;0,914662032;133,18;0,007508635
17/12/2015;1,0841;0,922424131;132,82;0,007528987
18/12/2015;1,0836;0,92284976;131,6;0,007598784
21/12/2015;1,087;0,919963201;131,93;0,007579777
22/12/2015;1,0952;0,913075237;132,42;0,007551729
23/12/2015;1,0916;0,916086479;131,92;0,007580352
24/12/2015;1,0947;0,913492281;131,83;0,007585527
28/12/2015;1,0962;0,912242292;132,05;0,007572889
29/12/2015;1,0952;0,913075237;131,88;0,007582651
30/12/2015;1,0926;0,915248032;131,66;0,007595321
31/12/2015;1,0887;0,918526683;131,07;0,007629511
04/01/2016;1,0898;0,91759956;129,78;0,007705348
05/01/2016;1,0746;0,93057882;127,88;0,007819831
06/01/2016;1,0742;0,93092534;127,19;0,007862253
07/01/2016;1,0868;0,920132499;127,74;0,007828401
08/01/2016;1,0861;0,920725532;128,51;0,007781496
11/01/2016;1,0888;0,918442322;128,33;0,00779241
12/01/2016;1,0836;0,92284976;127,79;0,007825338
13/01/2016;1,0816;0,924556213;127,74;0,007828401
14/01/2016;1,0893;0,918020747;128,26;0,007796663
15/01/2016;1,0914;0,916254352;127,8;0,007824726
18/01/2016;1,0892;0,918105031;127,78;0,007825951
19/01/2016;1,0868;0,920132499;128,12;0,007805183
20/01/2016;1,0907;0,916842395;127,28;0,007856694
21/01/2016;1,0893;0,918020747;127,43;0,007847446
22/01/2016;1,0808;0,925240563;127,77;0,007826563
25/01/2016;1,0815;0,924641701;128,07;0,00780823
26/01/2016;1,0837;0,922764603;128,22;0,007799095
27/01/2016;1,0888;0,918442322;128,91;0,00775735
28/01/2016;1,0903;0,917178758;129,62;0,007714859
29/01/2016;1,092;0,915750916;132,25;0,007561437
01/02/2016;1,0884;0,91877986;131,99;0,007576332
02/02/2016;1,0919;0,915834783;131,84;0,007584951
03/02/2016;1,0933;0,914662032;130,58;0,007658141
04/02/2016;1,1206;0,892379083;131,49;0,007605141
05/02/2016;1,1202;0,892697733;130,71;0,007650524
08/02/2016;1,1101;0,900819746;129,11;0,007745333
09/02/2016;1,1236;0,88999644;129,07;0,007747734
10/02/2016;1,1257;0,888336146;129,42;0,007726781
11/02/2016;1,1347;0,881290209;127,3;0,00785546
12/02/2016;1,1275;0,88691796;127,07;0,007869678
15/02/2016;1,118;0,894454383;127,6;0,007836991
16/02/2016;1,1166;0,895575855;127,02;0,007872776
17/02/2016;1,1136;0,897988506;127,1;0,007867821
18/02/2016;1,1084;0,902201371;126,17;0,007925814
19/02/2016;1,1096;0,901225667;125,4;0,007974482
22/02/2016;1,1026;0,906947216;124,85;0,008009612
23/02/2016;1,1002;0,90892565;123,12;0,008122157
24/02/2016;1,0981;0,910663874;122,86;0,008139346
25/02/2016;1,1027;0,906864968;124,01;0,008063866
26/02/2016;1,1006;0,908595312;124,42;0,008037293
29/02/2016;1,0888;0,918442322;123,14;0,008120838
01/03/2016;1,0872;0,919793966;122,94;0,008134049
02/03/2016;1,0856;0,921149595;124,07;0,008059966
03/03/2016;1,0901;0,917347032;124,23;0,008049585
04/03/2016;1,097;0,911577028;124,77;0,008014747
07/03/2016;1,0953;0,912991874;124,45;0,008035356
08/03/2016;1,1028;0,906782735;124,6;0,008025682
09/03/2016;1,0973;0,911327805;123,63;0,008088652
10/03/2016;1,0857;0,921064751;123,87;0,00807298
11/03/2016;1,109;0,901713255;126,17;0,007925814
14/03/2016;1,1119;0,899361453;126,36;0,007913897
15/03/2016;1,1109;0,900171032;125,36;0,007977026
16/03/2016;1,1064;0,903832249;125,68;0,007956715
17/03/2016;1,1311;0,884095129;126,28;0,00791891
18/03/2016;1,1279;0,886603422;125,79;0,007949758
21/03/2016;1,1271;0,887232721;125,94;0,007940289
22/03/2016;1,1212;0,891901534;125,13;0,007991689
23/03/2016;1,1171;0,895175007;126,01;0,007935878
24/03/2016;1,1154;0,896539358;125,41;0,007973846
29/03/2016;1,1194;0,893335716;127,13;0,007865964
30/03/2016;1,1324;0,883080184;127,37;0,007851142
31/03/2016;1,1385;0,878348704;127,9;0,007818608
01/04/2016;1,1432;0,874737579;128,07;0,00780823
04/04/2016;1,138;0,878734622;126,97;0,007875876
05/04/2016;1,1367;0,879739597;125,81;0,007948494
06/04/2016;1,1336;0,882145378;125,13;0,007991689
07/04/2016;1,1364;0,879971841;123,15;0,008120179
08/04/2016;1,1363;0,880049283;123,36;0,008106355
11/04/2016;1,139;0,877963126;123,28;0,008111616
12/04/2016;1,1396;0,877500878;123,44;0,008101102
13/04/2016;1,1298;0,885112409;123,47;0,008099133
14/04/2016;1,1252;0,888730892;123,09;0,008124137
15/04/2016;1,1284;0,886210564;122,91;0,008136034
18/04/2016;1,1306;0,884486114;122,32;0,008175278
19/04/2016;1,1343;0,881600987;124,1;0,008058018
20/04/2016;1,1379;0,878811846;124,2;0,00805153
21/04/2016;1,1355;0,880669309;124,5;0,008032129
22/04/2016;1,1263;0,887862914;124,86;0,00800897
25/04/2016;1,1264;0,887784091;124,95;0,008003201
26/04/2016;1,1287;0,885975016;125,45;0,007971303
27/04/2016;1,1303;0,884720871;125,79;0,007949758
28/04/2016;1,1358;0,880436697;122,84;0,008140671
29/04/2016;1,1403;0,876962203;122,34;0,008173941
02/05/2016;1,1493;0,87009484;122,47;0,008165265
03/05/2016;1,1569;0,864378944;122,53;0,008161267
04/05/2016;1,1505;0,86918731;122,62;0,008155276
05/05/2016;1,1439;0,87420229;122,51;0,008162599
06/05/2016;1,1427;0,875120329;122,23;0,008181298
09/05/2016;1,1395;0,877577885;123,39;0,008104384
10/05/2016;1,1375;0,879120879;124,12;0,008056719
11/05/2016;1,1409;0,876501008;124,09;0,008058667
12/05/2016;1,1389;0,878040214;124,5;0,008032129
13/05/2016;1,1348;0,881212548;123,56;0,008093234
16/05/2016;1,1324;0,883080184;123,27;0,008112274
17/05/2016;1,1318;0,88354833;123,93;0,008069071
18/05/2016;1,1279;0,886603422;123,38;0,008105041
19/05/2016;1,1197;0,893096365;123,17;0,00811886
20/05/2016;1,1219;0,89134504;123,81;0,008076892
23/05/2016;1,1215;0,891662951;122,7;0,008149959
24/05/2016;1,1168;0,895415473;122,56;0,008159269
25/05/2016;1,1146;0,897182846;122,79;0,008143986
26/05/2016;1,1168;0,895415473;122,93;0,008134711
27/05/2016;1,1168;0,895415473;122,46;0,008165932
30/05/2016;1,1139;0,897746656;123,85;0,008074283
31/05/2016;1,1154;0,896539358;123,83;0,008075587
01/06/2016;1,1174;0,89493467;122,07;0,008192021
02/06/2016;1,1188;0,893814802;121,96;0,00819941
03/06/2016;1,1154;0,896539358;121,47;0,008232485
06/06/2016;1,1349;0,881134902;121,58;0,008225037
07/06/2016;1,1348;0,881212548;122,16;0,008185986
08/06/2016;1,1378;0,878889084;121,77;0,008212203
09/06/2016;1,1343;0,881600987;120,72;0,008283632
10/06/2016;1,1304;0,884642604;120,79;0,008278831
13/06/2016;1,1268;0,887468939;119,51;0,008367501
14/06/2016;1,1225;0,890868597;118,98;0,008404774
15/06/2016;1,123;0,89047195;119,29;0,008382932
16/06/2016;1,1174;0,89493467;116,65;0,008572653
17/06/2016;1,1254;0,888572952;117,34;0,008522243
20/06/2016;1,1332;0,88245676;118,57;0,008433837
21/06/2016;1,1314;0,883860704;118,39;0,008446659
22/06/2016;1,1283;0,886289108;118,01;0,008473858
23/06/2016;1,1389;0,878040214;120,38;0,008307028
24/06/2016;1,1066;0,903668896;113,23;0,008831582
27/06/2016;1,0998;0,909256228;111,8;0,008944544
28/06/2016;1,1073;0,903097625;113,4;0,008818342
29/06/2016;1,109;0,901713255;113,85;0,008783487
30/06/2016;1,1102;0,900738606;114,05;0,008768084
01/07/2016;1,1135;0,898069151;114,29;0,008749672
04/07/2016;1,1138;0,897827258;114,29;0,008749672
05/07/2016;1,1146;0,897182846;113,5;0,008810573
06/07/2016;1,1069;0,903423977;111,48;0,008970219
07/07/2016;1,108;0,902527076;111,9;0,00893655
08/07/2016;1,107;0,903342367;111,17;0,008995233
11/07/2016;1,1049;0,905059281;113,23;0,008831582
12/07/2016;1,1092;0,901550667;115,29;0,008673779
13/07/2016;1,1072;0,903179191;115,82;0,008634087
14/07/2016;1,1157;0,896298288;117,88;0,008483203
15/07/2016;1,1128;0,898634076;117,63;0,008501233
18/07/2016;1,1053;0,904731747;116,82;0,008560178
19/07/2016;1,1035;0,906207522;117,2;0,008532423
20/07/2016;1,1013;0,908017797;117,33;0,008522969
21/07/2016;1,1015;0,907852928;117,05;0,008543358
22/07/2016;1,1014;0,907935355;116,86;0,008557248
25/07/2016;1,0982;0,910580951;116,64;0,008573388
26/07/2016;1,0997;0,909338911;114,67;0,008720677
27/07/2016;1,0991;0,90983532;116,23;0,008603631
28/07/2016;1,109;0,901713255;116,14;0,008610298
29/07/2016;1,1113;0,899847026;114,83;0,008708526
01/08/2016;1,1164;0,895736295;114,28;0,008750438
02/08/2016;1,1193;0,893415528;113,72;0,008793528
03/08/2016;1,12;0,892857143;113,22;0,008832362
04/08/2016;1,1136;0,897988506;112,66;0,008876265
05/08/2016;1,1156;0,89637863;112,73;0,008870753
08/08/2016;1,1087;0,901957247;113,59;0,008803592
09/08/2016;1,1078;0,902690016;113,27;0,008828463
10/08/2016;1,1184;0,894134478;113,09;0,008842515
11/08/2016;1,1153;0,896619744;113,05;0,008845644
12/08/2016;1,1158;0,89621796;113,77;0,008789663
15/08/2016;1,118;0,894454383;112,97;0,008851908
16/08/2016;1,1295;0,885347499;112,74;0,008869966
17/08/2016;1,1276;0,886839305;113,53;0,008808245
18/08/2016;1,1321;0,883314195;113,6;0,008802817
19/08/2016;1,1326;0,882924245;113,53;0,008808245
22/08/2016;1,1306;0,884486114;113,73;0,008792755
23/08/2016;1,1339;0,881911985;113,48;0,008812125
24/08/2016;1,1268;0,887468939;112,95;0,008853475
25/08/2016;1,129;0,885739593;113,45;0,008814456
26/08/2016;1,129;0,885739593;113,33;0,008823789
29/08/2016;1,117;0,895255148;114,24;0,008753501
30/08/2016;1,1168;0,895415473;114,27;0,008751203
31/08/2016;1,1132;0,898311175;115,01;0,008694896
01/09/2016;1,1146;0,897182846;115,59;0,008651267
02/09/2016;1,1193;0,893415528;115,83;0,008633342
05/09/2016;1,1156;0,89637863;115,24;0,008677543
06/09/2016;1,1159;0,896137647;115,39;0,008666262
07/09/2016;1,1237;0,889917238;114,23;0,008754268
08/09/2016;1,1296;0,885269122;114,8;0,008710801
09/09/2016;1,1268;0,887468939;115,85;0,008631852
12/09/2016;1,1226;0,890789239;114,38;0,008742787
13/09/2016;1,1247;0,889125989;114,98;0,008697165
14/09/2016;1,1218;0,891424496;115,37;0,008667765
15/09/2016;1,1254;0,888572952;114,98;0,008697165
16/09/2016;1,1226;0,890789239;114,35;0,008745081
19/09/2016;1,1165;0,895656068;113,65;0,008798944
20/09/2016;1,1184;0,894134478;113,93;0,008777319
21/09/2016;1,115;0,896860987;112,49;0,008889679
22/09/2016;1,1238;0,889838049;113,19;0,008834703
23/09/2016;1,1214;0,891742465;113,02;0,008847992
26/09/2016;1,1262;0,887941751;113,11;0,008840951
27/09/2016;1,122;0,891265597;112,52;0,008887309
28/09/2016;1,1225;0,890868597;112,93;0,008855043
29/09/2016;1,1221;0,891186169;113,88;0,008781173
30/09/2016;1,1161;0,895977063;113,09;0,008842515
03/10/2016;1,1236;0,88999644;113,9;0,008779631
04/10/2016;1,1161;0,895977063;114,5;0,008733624
05/10/2016;1,1211;0,89198109;115,65;0,008646779
06/10/2016;1,1185;0,894054537;116;0,00862069
07/10/2016;1,114;0,897666068;115,44;0,008662509
10/10/2016;1,116;0,896057348;115,39;0,008666262
11/10/2016;1,1079;0,902608539;114,9;0,00870322
12/10/2016;1,102;0,907441016;114,5;0,008733624
13/10/2016;1,1038;0,905961225;114,49;0,008734387
14/10/2016;1,1002;0,90892565;114,76;0,008713838
17/10/2016;1,0994;0,909587047;114,46;0,008736677
18/10/2016;1,0993;0,90966979;114,37;0,008743552
19/10/2016;1,0979;0,910829766;113,49;0,008811349
20/10/2016;1,098;0,910746812;113,76;0,008790436
21/10/2016;1,0886;0,91861106;112,96;0,008852691
24/10/2016;1,0891;0,918189331;113,29;0,008826904
25/10/2016;1,0872;0,919793966;113,65;0,008798944
26/10/2016;1,0925;0,915331808;113,97;0,008774239
27/10/2016;1,0927;0,915164272;114,39;0,008742023
28/10/2016;1,0922;0,915583227;115,1;0,008688097
31/10/2016;1,0946;0,913575735;114,97;0,008697921
01/11/2016;1,1025;0,907029478;115,57;0,008652765
02/11/2016;1,1095;0,901306895;114,62;0,008724481
03/11/2016;1,1064;0,903832249;114,25;0,008752735
04/11/2016;1,1093;0,901469395;114,24;0,008753501
07/11/2016;1,1062;0,903995661;115,4;0,008665511
08/11/2016;1,1038;0,905961225;115,66;0,008646031
09/11/2016;1,1022;0,907276356;114,54;0,008730574
10/11/2016;1,0895;0,917852226;116,4;0,008591065
11/11/2016;1,0904;0,917094644;115,96;0,008623663
14/11/2016;1,0777;0,927902014;116,27;0,008600671
15/11/2016;1,0765;0,928936368;116,55;0,008580009
16/11/2016;1,0702;0,934404784;117,25;0,008528785
17/11/2016;1,0717;0,933096949;117,12;0,008538251
18/11/2016;1,0629;0,940822279;116,95;0,008550663
21/11/2016;1,0631;0,940645283;117,59;0,008504125
22/11/2016;1,0617;0,941885655;117,74;0,00849329
23/11/2016;1,0602;0,943218261;118,04;0,008471705
24/11/2016;1,0548;0,948047023;119,43;0,008373106
25/11/2016;1,0592;0,944108761;119,73;0,008352126
28/11/2016;1,0588;0,944465433;119,25;0,008385744
29/11/2016;1,0576;0,945537065;119,48;0,008369602
30/11/2016;1,0635;0,94029149;120,48;0,008300133
01/12/2016;1,0627;0,940999341;121,39;0,008237911
02/12/2016;1,0642;0,939672994;121,2;0,008250825
05/12/2016;1,0702;0,934404784;122,32;0,008175278
06/12/2016;1,0734;0,931619154;122,28;0,008177952
07/12/2016;1,073;0,931966449;122,42;0,0081686
08/12/2016;1,0762;0,929195317;122,61;0,008155942
09/12/2016;1,0559;0,947059381;121,48;0,008231808
12/12/2016;1,0596;0,943752359;122,69;0,008150624
13/12/2016;1,061;0,942507069;122,27;0,008178621
14/12/2016;1,0644;0,93949643;122,39;0,008170602
15/12/2016;1,0419;0,959785008;123,03;0,008128099
16/12/2016;1,0439;0,957946163;123,38;0,008105041
19/12/2016;1,0422;0,959508732;122,19;0,008183976
20/12/2016;1,0364;0,964878425;122,43;0,008167933
21/12/2016;1,0421;0,959600806;122,31;0,008175946
22/12/2016;1,0444;0,957487553;122,86;0,008139346
23/12/2016;1,0446;0,957304231;122,6;0,008156607
27/12/2016;1,0445;0,957395883;122,61;0,008155942
28/12/2016;1,0401;0,961446015;122,39;0,008170602
29/12/2016;1,0453;0,956663159;122,04;0,008194035
30/12/2016;1,0541;0,948676596;123,4;0,008103728
02/01/2017;1,0465;0,955566173;122,92;0,008135373
03/01/2017;1,0385;0,962927299;122,75;0,00814664
04/01/2017;1,0437;0,958129731;122,64;0,008153947
05/01/2017;1,0501;0,952290258;122,38;0,00817127
06/01/2017;1,0589;0,944376239;122,83;0,008141334
09/01/2017;1,0516;0,950931913;122,66;0,008152617
10/01/2017;1,0567;0,946342387;122,84;0,008140671
11/01/2017;1,0503;0,952108921;122,14;0,008187326
12/01/2017;1,0679;0,936417268;121,69;0,008217602
13/01/2017;1,0661;0,937998312;121,91;0,008202773
16/01/2017;1,0594;0,943930527;120,91;0,008270615
17/01/2017;1,0684;0,935979034;121,1;0,008257638
18/01/2017;1,0664;0,937734434;121,05;0,008261049
19/01/2017;1,0668;0,937382827;122,23;0,008181298
20/01/2017;1,0632;0,94055681;122,47;0,008165265
23/01/2017;1,0715;0,933271115;121,72;0,008215577
24/01/2017;1,0748;0,930405657;121,85;0,008206812
25/01/2017;1,0743;0,930838686;121,79;0,008210855
26/01/2017;1,07;0,934579439;122,4;0,008169935
27/01/2017;1,0681;0,936241925;123,01;0,00812942
30/01/2017;1,063;0,940733772;121,76;0,008212878
31/01/2017;1,0755;0,929800093;121,94;0,008200754
01/02/2017;1,079;0,926784059;122,25;0,008179959
02/02/2017;1,0808;0,925240563;121,4;0,008237232
03/02/2017;1,0741;0,93101201;121,49;0,00823113
06/02/2017;1,0712;0,933532487;120,28;0,008313934
07/02/2017;1,0675;0,93676815;119,94;0,008337502
08/02/2017;1,0665;0,937646507;119,39;0,008375911
09/02/2017;1,0692;0,935278713;120,04;0,008330556
10/02/2017;1,0629;0,940822279;120,65;0,008288438
13/02/2017;1,0629;0,940822279;120,9;0,008271299
14/02/2017;1,0623;0,941353667;120,43;0,008303579
15/02/2017;1,0555;0,947418285;120,85;0,008274721
16/02/2017;1,0652;0,938790837;120,95;0,008267879
17/02/2017;1,065;0,938967136;120,08;0,008327781
20/02/2017;1,0616;0,941974378;120,11;0,008325701
21/02/2017;1,0537;0,949036728;119,77;0,008349336
22/02/2017;1,0513;0,951203272;118,79;0,008418217
23/02/2017;1,0573;0,945805353;119,3;0,00838223
24/02/2017;1,0609;0,942595909;119,04;0,008400538
27/02/2017;1,0587;0,944554642;118,87;0,008412552
28/02/2017;1,0597;0,943663301;118,83;0,008415383
01/03/2017;1,0533;0,949397133;119,84;0,008344459
02/03/2017;1,0514;0,951112802;120,24;0,0083167
03/03/2017;1,0565;0,946521533;120,83;0,00827609
06/03/2017;1,0592;0,944108761;120,55;0,008295313
07/03/2017;1,0576;0,945537065;120,61;0,008291186
08/03/2017;1,0556;0,947328534;120,65;0,008288438
09/03/2017;1,0551;0,947777462;120,95;0,008267879
10/03/2017;1,0606;0,942862531;122,42;0,0081686
13/03/2017;1,0663;0,937822376;122,35;0,008173273
14/03/2017;1,0631;0,940645283;122,13;0,008187996
15/03/2017;1,0622;0,94144229;121,77;0,008212203
16/03/2017;1,0726;0,932314003;121,55;0,008227067
17/03/2017;1,0737;0,931358853;121,49;0,00823113
20/03/2017;1,0752;0,930059524;121,19;0,008251506
21/03/2017;1,0802;0,92575449;121,58;0,008225037
22/03/2017;1,0807;0,925326177;120,07;0,008328475
23/03/2017;1,0786;0,927127758;119,36;0,008378016
24/03/2017;1,0805;0,925497455;120,09;0,008327088
27/03/2017;1,0889;0,918357976;119,93;0,008338197
28/03/2017;1,0859;0,92089511;119,84;0,008344459
29/03/2017;1,0748;0,930405657;119,17;0,008391374
30/03/2017;1,0737;0,931358853;119,39;0,008375911
31/03/2017;1,0691;0,935366196;119,55;0,008364701
03/04/2017;1,0661;0,937998312;118,64;0,00842886
04/04/2017;1,0651;0,938878978;117,55;0,008507018
05/04/2017;1,0678;0,936504963;118,49;0,008439531
06/04/2017;1,0666;0,937558597;118,23;0,00845809
07/04/2017;1,063;0,940733772;117,64;0,00850051
10/04/2017;1,0578;0,945358291;117,72;0,008494733
11/04/2017;1,0616;0,941974378;117,36;0,008520791
12/04/2017;1,0605;0,942951438;116,22;0,008604371
13/04/2017;1,063;0,940733772;116,01;0,008619947
18/04/2017;1,0682;0,936154278;116,26;0,008601411
19/04/2017;1,0725;0,932400932;116,91;0,008553588
20/04/2017;1,0745;0,930665426;117,16;0,008535336
21/04/2017;1,0698;0,93475416;116,72;0,008567512
24/04/2017;1,0848;0,921828909;119,67;0,008356313
25/04/2017;1,0891;0,918189331;120,34;0,008309789
26/04/2017;1,0893;0,918020747;121,35;0,008240626
27/04/2017;1,0881;0,919033177;121,27;0,008246063
28/04/2017;1,093;0,914913083;121,76;0,008212878
02/05/2017;1,0915;0,916170408;122,55;0,008159935
03/05/2017;1,0919;0,915834783;122,47;0,008165265
04/05/2017;1,0927;0,915164272;123,31;0,008109642
05/05/2017;1,0961;0,912325518;123,29;0,008110958
08/05/2017;1,0938;0,91424392;123,1;0,008123477
09/05/2017;1,0888;0,918442322;124,04;0,008061916
10/05/2017;1,0882;0,918948723;123,84;0,008074935
11/05/2017;1,086;0,920810313;123,69;0,008084728
12/05/2017;1,0876;0,919455682;123,82;0,00807624
15/05/2017;1,0972;0,911410864;124,45;0,008035356
16/05/2017;1,1059;0,90424089;125,67;0,007957349
17/05/2017;1,1117;0,899523253;124,82;0,008011537
18/05/2017;1,1129;0,898553329;123,05;0,008126778
19/05/2017;1,1179;0,894534395;124,35;0,008041817
22/05/2017;1,1243;0,88944232;125,18;0,007988497
23/05/2017;1,1215;0,891662951;124,62;0,008024394
24/05/2017;1,1193;0,893415528;125,15;0,007990412
25/05/2017;1,1214;0,891742465;125,33;0,007978936
26/05/2017;1,1196;0,893176134;124,38;0,008039878
29/05/2017;1,1188;0,893814802;124,57;0,008027615
30/05/2017;1,1173;0,895014768;123,97;0,008066468
31/05/2017;1,1221;0,891186169;124,4;0,008038585
01/06/2017;1,1219;0,89134504;124,53;0,008030194
02/06/2017;1,1217;0,891503967;125,02;0,00799872
05/06/2017;1,1249;0,888967908;124,3;0,008045052
06/06/2017;1,1258;0,888257239;123,12;0,008122157
07/06/2017;1,1217;0,891503967;122,78;0,008144649
08/06/2017;1,1229;0,890551251;123,77;0,008079502
09/06/2017;1,1176;0,894774517;123,44;0,008101102
12/06/2017;1,1221;0,891186169;123,3;0,0081103
13/06/2017;1,1217;0,891503967;123,43;0,008101758
14/06/2017;1,1203;0,892618049;123,58;0,008091924
15/06/2017;1,1166;0,895575855;122,95;0,008133388
16/06/2017;1,1167;0,895495657;124,33;0,008043111
19/06/2017;1,1199;0,892936869;124,26;0,008047642
20/06/2017;1,1156;0,89637863;124,25;0,00804829
21/06/2017;1,1147;0,897102359;124,21;0,008050882
22/06/2017;1,1169;0,895335303;124,27;0,008046994
23/06/2017;1,1173;0,895014768;124,36;0,008041171
26/06/2017;1,1187;0,893894699;124,93;0,008004483
27/06/2017;1,1278;0,886682036;126,16;0,007926443
28/06/2017;1,1375;0,879120879;127,53;0,007841292
29/06/2017;1,1413;0,876193814;128,59;0,007776654
30/06/2017;1,1412;0,876270592;127,75;0,007827789
03/07/2017;1,1369;0,879584836;128,46;0,007784524
04/07/2017;1,1353;0,880824452;128,57;0,007777864
05/07/2017;1,1329;0,88269044;128,64;0,007773632
06/07/2017;1,1385;0,878348704;129,01;0,007751337
07/07/2017;1,1412;0,876270592;129,8;0,00770416
10/07/2017;1,1387;0,878194432;129,98;0,007693491
11/07/2017;1,1405;0,876808417;130,36;0,007671065
12/07/2017;1,1449;0,873438728;130,02;0,007691124
13/07/2017;1,1417;0,875886835;129,17;0,007741736
14/07/2017;1,1415;0,876040298;129,1;0,007745933
17/07/2017;1,1462;0,872448089;128,86;0,00776036
18/07/2017;1,1555;0,865426222;129,46;0,007724394
19/07/2017;1,1533;0,867077083;129,03;0,007750136
20/07/2017;1,1485;0,870700914;128,92;0,007756748
21/07/2017;1,1642;0,858958942;129,72;0,007708912
24/07/2017;1,1648;0,858516484;129,09;0,007746533
25/07/2017;1,1694;0,855139388;130,28;0,007675775
26/07/2017;1,1644;0,858811405;130,26;0,007676954
27/07/2017;1,1694;0,855139388;130,32;0,007673419
28/07/2017;1,1729;0,852587603;130,37;0,007670476
31/07/2017;1,1727;0,852733009;129,7;0,0077101
01/08/2017;1,1812;0,846596681;130,53;0,007661074
02/08/2017;1,1829;0,845379998;130,98;0,007634753
03/08/2017;1,186;0,84317032;130,91;0,007638836
04/08/2017;1,1868;0,842601955;130,67;0,007652866
07/08/2017;1,1797;0,847673137;130,78;0,007646429
08/08/2017;1,1814;0,84645336;130,31;0,007674008
09/08/2017;1,1731;0,852442247;128,74;0,007767594
10/08/2017;1,1732;0,852369587;128,76;0,007766387
11/08/2017;1,1765;0,849978751;128,41;0,007787555
14/08/2017;1,1797;0,847673137;129,28;0,007735149
15/08/2017;1,1744;0,851498638;129,67;0,007711884
16/08/2017;1,171;0,853970965;129,79;0,007704754
17/08/2017;1,1697;0,854920065;128,81;0,007763372
18/08/2017;1,174;0,851788756;128,02;0,007811279
21/08/2017;1,1761;0,850267834;128,17;0,007802138
22/08/2017;1,1771;0,849545493;128,73;0,007768197
23/08/2017;1,1799;0,847529452;128,71;0,007769404
24/08/2017;1,1806;0,847026935;129,06;0,007748334
25/08/2017;1,1808;0,846883469;129,59;0,007716645
28/08/2017;1,1925;0,838574423;130,34;0,007672242
29/08/2017;1,2048;0,83001328;130,86;0,007641755
30/08/2017;1,1916;0,839207788;131,25;0,007619048
31/08/2017;1,1825;0,845665962;130,81;0,007644675
01/09/2017;1,192;0,838926174;131,29;0,007616726
04/09/2017;1,1905;0,8399832;130,6;0,007656968
05/09/2017;1,189;0,841042893;129,99;0,007692899
06/09/2017;1,1931;0,838152711;129,92;0,007697044
07/09/2017;1,1971;0,835352101;130,34;0,007672242
08/09/2017;1,206;0,829187396;129,5;0,007722008
11/09/2017;1,1997;0,833541719;130,38;0,007669888
12/09/2017;1,1933;0,838012235;130,93;0,007637669
13/09/2017;1,1979;0,834794223;131,79;0,007587829
14/09/2017;1,1885;0,841396719;131,55;0,007601672
15/09/2017;1,1963;0,835910725;132,92;0,007523322
18/09/2017;1,1948;0,836960161;133,09;0,007513713
19/09/2017;1,1972;0,835282325;133,44;0,007494005
20/09/2017;1,2007;0,832847506;133,63;0,00748335
21/09/2017;1,1905;0,8399832;133,86;0,007470492
22/09/2017;1,1961;0,836050497;134,01;0,00746213
25/09/2017;1,1867;0,842672959;133,19;0,007508071
26/09/2017;1,1787;0,848392297;131,99;0,007576332
27/09/2017;1,1741;0,851716208;132,6;0,007541478
28/09/2017;1,1778;0,849040584;132,56;0,007543754
29/09/2017;1,1806;0,847026935;132,82;0,007528987
02/10/2017;1,1744;0,851498638;132,5;0,00754717
03/10/2017;1,1753;0,850846592;132,77;0,007531822
04/10/2017;1,1787;0,848392297;132,47;0,007548879
05/10/2017;1,1742;0,851643672;132,05;0,007572889
06/10/2017;1,1707;0,854189801;132,23;0,00756258
09/10/2017;1,1746;0,851353652;132,36;0,007555153
10/10/2017;1,1797;0,847673137;132,55;0,007544323
11/10/2017;1,183;0,845308538;132,72;0,007534659
12/10/2017;1,1856;0,843454791;133,12;0,007512019
13/10/2017;1,181;0,846740051;132,49;0,007547739
16/10/2017;1,1803;0,847242227;131,99;0,007576332
17/10/2017;1,1759;0,85041245;131,94;0,007579203
18/10/2017;1,1749;0,851136267;132,62;0,007540341
19/10/2017;1,1834;0,845022816;133,18;0,007508635
20/10/2017;1,1818;0,846166864;133,75;0,007476636
23/10/2017;1,174;0,851788756;133,59;0,00748559
24/10/2017;1,1761;0,850267834;133,95;0,007465472
25/10/2017;1,1785;0,848536275;134,41;0,007439923
26/10/2017;1,1753;0,850846592;133,75;0,007476636
27/10/2017;1,1605;0,861697544;132,52;0,007546031
30/10/2017;1,1612;0,861178092;131,83;0,007585527
31/10/2017;1,1638;0,859254167;132;0,007575758
01/11/2017;1,1612;0,861178092;132,6;0,007541478
02/11/2017;1,1645;0,858737656;132,9;0,007524454
03/11/2017;1,1657;0,85785365;132,82;0,007528987
06/11/2017;1,159;0,86281277;132,29;0,00755915
07/11/2017;1,1562;0,864902266;132,03;0,007574036
08/11/2017;1,159;0,86281277;131,54;0,00760225
09/11/2017;1,163;0,859845228;131,75;0,007590133
10/11/2017;1,1654;0,858074481;132,08;0,007571169
13/11/2017;1,1656;0,857927248;132,07;0,007571742
14/11/2017;1,1745;0,851426139;133,29;0,007502438
15/11/2017;1,184;0,844594595;133,45;0,007493443
16/11/2017;1,1771;0,849545493;133,12;0,007512019
17/11/2017;1,1795;0,847816872;132,82;0,007528987
20/11/2017;1,1781;0,848824378;132,1;0,007570023
21/11/2017;1,1718;0,85338795;131,87;0,007583226
22/11/2017;1,1749;0,851136267;131,61;0,007598207
23/11/2017;1,1848;0,844024308;131,79;0,007587829
24/11/2017;1,1877;0,841963459;132,24;0,007562008
27/11/2017;1,1952;0,836680054;132,69;0,007536363
28/11/2017;1,1888;0,841184388;132,24;0,007562008
29/11/2017;1,1827;0,845522956;132,24;0,007562008
30/11/2017;1,1849;0,843953076;133,08;0,007514277
01/12/2017;1,1885;0,841396719;133,7;0,007479432
04/12/2017;1,1865;0,842815002;133,91;0,007467702
05/12/2017;1,1847;0,844095552;133,37;0,007497938
06/12/2017;1,1817;0,84623847;132,52;0,007546031
07/12/2017;1,1786;0,84846428;132,88;0,007525587
08/12/2017;1,1742;0,851643672;133,26;0,007504127
11/12/2017;1,1796;0,847744998;133,66;0,00748167
12/12/2017;1,1766;0,84990651;133,54;0,007488393
13/12/2017;1,1736;0,852079073;132,99;0,007519362
14/12/2017;1,1845;0,844238075;133,39;0,007496814
15/12/2017;1,1806;0,847026935;132,45;0,007550019
18/12/2017;1,1795;0,847816872;132,66;0,007538067
19/12/2017;1,1823;0,845809016;133,23;0,007505817
20/12/2017;1,1845;0,844238075;134,16;0,007453787
21/12/2017;1,1859;0,84324142;134,59;0,007429973
22/12/2017;1,1853;0,84366827;134,37;0,007442137
27/12/2017;1,1895;0,840689365;134,7;0,007423905
28/12/2017;1,1934;0,837942014;134,74;0,007421701
29/12/2017;1,1993;0,833819728;135,01;0,007406859
02/01/2018;1,2065;0,828843763;135,35;0,007388253
03/01/2018;1,2023;0,831739167;134,97;0,007409054
04/01/2018;1,2065;0,828843763;135,92;0,007357269
05/01/2018;1,2045;0,830220008;136,45;0,007328692
08/01/2018;1,1973;0,835212562;135,34;0,007388799
09/01/2018;1,1932;0,838082467;134,31;0,007445462
10/01/2018;1,1992;0,83388926;133,62;0,00748391
11/01/2018;1,2017;0,832154448;134,19;0,00745212
12/01/2018;1,2137;0,823926835;134,88;0,007413998
15/01/2018;1,2277;0,814531237;135,81;0,007363228
16/01/2018;1,223;0,817661488;135,4;0,007385524
17/01/2018;1,2203;0,819470622;135,21;0,007395903
18/01/2018;1,2235;0,81732734;136,07;0,007349159
19/01/2018;1,2255;0,815993472;135,54;0,007377896
22/01/2018;1,2239;0,817060217;135,66;0,00737137
23/01/2018;1,2249;0,816393175;135,35;0,007388253
24/01/2018;1,2352;0,809585492;135,13;0,007400281
25/01/2018;1,2407;0,805996615;135,12;0,007400829
26/01/2018;1,2436;0,804117079;135,95;0,007355645
29/01/2018;1,2379;0,807819695;134,75;0,00742115
30/01/2018;1,2421;0,805088157;134,98;0,007408505
31/01/2018;1,2457;0,8027615;135,6;0,007374631
01/02/2018;1,2459;0,802632635;136,62;0,007319573
02/02/2018;1,2492;0,800512328;137,22;0,007287567
05/02/2018;1,244;0,803858521;136,67;0,007316895
06/02/2018;1,2329;0,81109579;134,97;0,007409054
07/02/2018;1,2338;0,810504134;134,84;0,007416197
08/02/2018;1,2252;0,816193275;134,31;0,007445462
09/02/2018;1,2273;0,814796708;133,59;0,00748559
12/02/2018;1,2263;0,815461143;133,23;0,007505817
13/02/2018;1,2333;0,810832725;132,82;0,007528987
14/02/2018;1,2348;0,809847749;132,4;0,00755287
15/02/2018;1,2493;0,800448251;133,11;0,007512584
16/02/2018;1,2464;0,802310655;132,34;0,007556294
19/02/2018;1,241;0,805801773;132,24;0,007562008
20/02/2018;1,234;0,810372771;132,25;0,007561437
21/02/2018;1,2312;0,812215724;132,41;0,0075523
22/02/2018;1,2276;0,814597589;131,47;0,007606298
23/02/2018;1,2299;0,813074234;131,28;0,007617307
26/02/2018;1,232;0,811688312;131,6;0,007598784
27/02/2018;1,2301;0,812942037;131,77;0,007588981
28/02/2018;1,2214;0,818732602;130,72;0,007649939
01/03/2018;1,2171;0,821625175;129,98;0,007693491
02/03/2018;1,2312;0,812215724;129,77;0,007705941
05/03/2018;1,2307;0,812545706;130,02;0,007691124
06/03/2018;1,2411;0,805736846;131,84;0,007584951
07/03/2018;1,2417;0,805347507;131,41;0,007609771
08/03/2018;1,2421;0,805088157;131,83;0,007585527
09/03/2018;1,2291;0,81360345;131,31;0,007615566
12/03/2018;1,2302;0,812875955;131,04;0,007631258
13/03/2018;1,2378;0,807884957;132,31;0,007558008
14/03/2018;1,2369;0,808472795;131,77;0,007588981
15/03/2018;1,2341;0,810307106;130,9;0,007639419
16/03/2018;1,2301;0,812942037;130,21;0,007679902
19/03/2018;1,2309;0,812413681;130,65;0,007654038
20/03/2018;1,2276;0,814597589;130,72;0,007649939
21/03/2018;1,2286;0,81393456;130,5;0,007662835
22/03/2018;1,2316;0,811951932;129,75;0,007707129
23/03/2018;1,2346;0,809978941;129,74;0,007707723
26/03/2018;1,2411;0,805736846;130,47;0,007664597
27/03/2018;1,2376;0,808015514;131,04;0,007631258
28/03/2018;1,2398;0,806581707;131,6;0,007598784
29/03/2018;1,2321;0,811622433;131,15;0,007624857
03/04/2018;1,2308;0,812479688;130,76;0,007647599
04/04/2018;1,2276;0,814597589;130,43;0,007666948
05/04/2018;1,226;0,815660685;131,26;0,007618467
06/04/2018;1,2234;0,817394147;131,32;0,007614986
09/04/2018;1,2304;0,812743823;131,66;0,007595321
10/04/2018;1,2361;0,808996036;132,28;0,007559722
11/04/2018;1,2384;0,80749354;132,26;0,007560865
12/04/2018;1,2323;0,811490708;132,04;0,007573463
13/04/2018;1,2317;0,811886011;132,64;0,007539204
16/04/2018;1,237;0,808407437;132,77;0,007531822
17/04/2018;1,2357;0,80925791;132,35;0,007555723
18/04/2018;1,2388;0,807232806;132,82;0,007528987
19/04/2018;1,2382;0,80762397;132,88;0,007525587
20/04/2018;1,2309;0,812413681;132,41;0,0075523
23/04/2018;1,2238;0,817126982;132,38;0,007554011
24/04/2018;1,2213;0,81879964;132,92;0,007523322
25/04/2018;1,2185;0,820681165;133,03;0,007517101
26/04/2018;1,2168;0,821827745;132,87;0,007526153
27/04/2018;1,207;0,828500414;131,95;0,007578628
30/04/2018;1,2079;0,827883103;132,12;0,007568877
02/05/2018;1,2007;0,832847506;131,84;0,007584951
03/05/2018;1,1992;0,83388926;131,03;0,00763184
04/05/2018;1,1969;0,835491687;130,37;0,007670476
07/05/2018;1,1902;0,840194925;130,15;0,007683442
08/05/2018;1,187;0,842459983;129,45;0,00772499
09/05/2018;1,1879;0,841821702;130,24;0,007678133
10/05/2018;1,1878;0,841892575;130,22;0,007679312
11/05/2018;1,1934;0,837942014;130,44;0,00766636
14/05/2018;1,1988;0,834167501;131,27;0,007617887
15/05/2018;1,1883;0,841538332;130,77;0,007647014
16/05/2018;1,1784;0,848608282;129,83;0,00770238
17/05/2018;1,1805;0,847098687;130,66;0,007653452
18/05/2018;1,1781;0,848824378;130,69;0,007651695
21/05/2018;1,1759;0,85041245;130,84;0,007642923
22/05/2018;1,1794;0,847888757;130,7;0,007651109
23/05/2018;1,1708;0,854116843;128,61;0,007775445
24/05/2018;1,1728;0,8526603;128,46;0,007784524
25/05/2018;1,1675;0,856531049;127,72;0,007829627
28/05/2018;1,1644;0,858811405;127,33;0,007853609
29/05/2018;1,1558;0,865201592;125,88;0,007944074
30/05/2018;1,1632;0,859697387;126,76;0,007888924
31/05/2018;1,1699;0,854773912;127,33;0,007853609
01/06/2018;1,1669;0,856971463;127,74;0,007828401
04/06/2018;1,1737;0,852006475;128,44;0,007785737
05/06/2018;1,1675;0,856531049;128,08;0,00780762
06/06/2018;1,1765;0,849978751;129,57;0,007717836
07/06/2018;1,1836;0,844880027;130,26;0,007676954
08/06/2018;1,1754;0,850774205;128,64;0,007773632
11/06/2018;1,179;0,848176421;129,62;0,007714859
12/06/2018;1,1788;0,848320326;130,03;0,007690533
13/06/2018;1,1764;0,850051003;130,03;0,007690533
14/06/2018;1,173;0,852514919;129,15;0,007742935
15/06/2018;1,1596;0,862366333;128,31;0,007793625
18/06/2018;1,1613;0,861103935;128,27;0,007796055
19/06/2018;1,1534;0,867001907;126,78;0,007887679
20/06/2018;1,1578;0,863707031;127,39;0,00784991
21/06/2018;1,1538;0,866701335;127,59;0,007837605
22/06/2018;1,1648;0,858516484;128,3;0,007794232
25/06/2018;1,17;0,854700855;128,21;0,007799704
26/06/2018;1,1672;0,856751199;127,95;0,007815553
27/06/2018;1,1616;0,860881543;128,08;0,00780762
28/06/2018;1,1583;0,863334197;127,63;0,007835148
29/06/2018;1,1658;0,857780065;129,04;0,007749535
02/07/2018;1,1639;0,859180342;128,86;0,00776036
03/07/2018;1,1665;0,857265324;129,09;0,007746533
04/07/2018;1,1642;0,858958942;128,64;0,007773632
05/07/2018;1,1709;0,854043898;129,53;0,007720219
06/07/2018;1,1724;0,852951211;129,65;0,007713074
09/07/2018;1,1789;0,848248367;130,21;0,007679902
10/07/2018;1,1713;0,853752241;130,3;0,007674597
11/07/2018;1,1735;0,852151683;130,53;0,007661074
12/07/2018;1,1658;0,857780065;131,13;0,00762602
13/07/2018;1,1643;0,858885167;131,04;0,007631258
16/07/2018;1,172;0,853242321;131,65;0,007595898
17/07/2018;1,1707;0,854189801;131,81;0,007586678
18/07/2018;1,1611;0,861252261;130,92;0,007638252
19/07/2018;1,1588;0,862961685;130,98;0,007634753
20/07/2018;1,167;0,856898029;130,94;0,007637086
23/07/2018;1,1716;0,853533629;130,18;0,007681672
24/07/2018;1,1706;0,854262771;130,06;0,007688759
25/07/2018;1,169;0,855431993;129,8;0,00770416
26/07/2018;1,1716;0,853533629;129,91;0,007697637
27/07/2018;1,1625;0,860215054;129,25;0,007736944
30/07/2018;1,1684;0,855871277;129,79;0,007704754
31/07/2018;1,1736;0,852079073;130,84;0,007642923
01/08/2018;1,1696;0,85499316;130,81;0,007644675
02/08/2018;1,1617;0,860807437;129,43;0,007726184
03/08/2018;1,1588;0,862961685;129,3;0,007733952
06/08/2018;1,1543;0,866325912;128,68;0,007771215
07/08/2018;1,1602;0,861920359;128,88;0,007759156
08/08/2018;1,1589;0,862887221;128,72;0,0077688
09/08/2018;1,1593;0,862589494;128,84;0,007761565
10/08/2018;1,1456;0,872905028;127,07;0,007869678
13/08/2018;1,1403;0,876962203;126,11;0,007929585
14/08/2018;1,1406;0,876731545;126,42;0,007910141
15/08/2018;1,1321;0,883314195;125,67;0,007957349
16/08/2018;1,137;0,879507476;126,02;0,007935248
17/08/2018;1,1391;0,87788605;125,75;0,007952286
20/08/2018;1,142;0,875656743;126,25;0,007920792
21/08/2018;1,1502;0,869414015;127,01;0,007873396
22/08/2018;1,1616;0,860881543;128,08;0,00780762
23/08/2018;1,1579;0,863632438;128,31;0,007793625
24/08/2018;1,1588;0,862961685;128,97;0,007753741
27/08/2018;1,1633;0,859623485;129,16;0,007742335
28/08/2018;1,171;0,853970965;130,03;0,007690533
29/08/2018;1,166;0,857632933;129,73;0,007708317
30/08/2018;1,1692;0,855285665;130,32;0,007673419
31/08/2018;1,1651;0,858295425;129,05;0,007748935
03/09/2018;1,1609;0,861400637;129,03;0,007750136
04/09/2018;1,1562;0,864902266;128,6;0,00777605
05/09/2018;1,1582;0,863408738;129,17;0,007741736
06/09/2018;1,1634;0,859549596;129,55;0,007719027
07/09/2018;1,1615;0,860955661;128,74;0,007767594
10/09/2018;1,1571;0,864229539;128,54;0,007779679
11/09/2018;1,1574;0,86400553;128,82;0,00776277
12/09/2018;1,1585;0,863185153;129,13;0,007744134
13/09/2018;1,162;0,860585198;129,68;0,007711289
14/09/2018;1,1689;0,855505176;130,75;0,007648184
17/09/2018;1,1671;0,856824608;130,79;0,007645844
18/09/2018;1,1697;0,854920065;131,21;0,00762137
19/09/2018;1,1667;0,857118368;130,94;0,007637086
20/09/2018;1,1769;0,849689863;131,98;0,007576906
21/09/2018;1,1759;0,85041245;132,44;0,007550589
24/09/2018;1,1773;0,849401172;132,56;0,007543754
25/09/2018;1,1777;0,849112677;132,78;0,007531255
26/09/2018;1,1737;0,852006475;132,61;0,007540909
27/09/2018;1,1707;0,854189801;132,15;0,007567159
28/09/2018;1,1576;0,863856254;131,23;0,007620209
01/10/2018;1,1606;0,861623298;132,25;0,007561437
02/10/2018;1,1543;0,866325912;131,46;0,007606877
03/10/2018;1,1548;0,865950814;131,47;0,007606298
04/10/2018;1,1502;0,869414015;131,31;0,007615566
05/10/2018;1,1506;0,869111768;131,03;0,00763184
08/10/2018;1,1478;0,871231922;130,11;0,007685804
09/10/2018;1,1435;0,874508089;129,45;0,00772499
10/10/2018;1,15;0,869565217;130,23;0,007678722
11/10/2018;1,1575;0,863930886;130;0,007692308
12/10/2018;1,1574;0,86400553;129,99;0,007692899
15/10/2018;1,1581;0,863483292;129,53;0,007720219
16/10/2018;1,1587;0,863036161;129,92;0,007697044
17/10/2018;1,153;0,867302689;129,43;0,007726184
18/10/2018;1,1505;0,86918731;129,44;0,007725587
19/10/2018;1,147;0,871839582;129,05;0,007748935
22/10/2018;1,1494;0,87001914;129,63;0,007714264
23/10/2018;1,1478;0,871231922;128,76;0,007766387
24/10/2018;1,1389;0,878040214;128,37;0,007789982
25/10/2018;1,1416;0,87596356;128,27;0,007796055
26/10/2018;1,1345;0,881445571;127,13;0,007865964
29/10/2018;1,1381;0,878657411;127,92;0,007817386
30/10/2018;1,1372;0,879352796;128,28;0,007795447
31/10/2018;1,1318;0,88354833;128,15;0,007803355
01/11/2018;1,1393;0,877731941;128,52;0,00778089
02/11/2018;1,1417;0,875886835;128,89;0,007758554
05/11/2018;1,137;0,879507476;128,81;0,007763372
06/11/2018;1,1428;0,875043752;129,31;0,007733354
07/11/2018;1,1487;0,870549317;130,02;0,007691124
08/11/2018;1,1424;0,87535014;129,9;0,007698229
09/11/2018;1,1346;0,881367883;129,26;0,007736345
12/11/2018;1,1265;0,887705282;128,2;0,007800312
13/11/2018;1,1261;0,888020602;128,32;0,007793017
14/11/2018;1,1296;0,885269122;128,64;0,007773632
15/11/2018;1,1305;0,884564352;128,16;0,007802747
16/11/2018;1,1346;0,881367883;128,37;0,007789982
19/11/2018;1,1427;0,875120329;128,89;0,007758554
20/11/2018;1,1421;0,875580072;128,34;0,007791803
21/11/2018;1,1409;0,876501008;129,04;0,007749535
22/11/2018;1,1403;0,876962203;128,8;0,007763975
23/11/2018;1,1352;0,880902044;128,07;0,00780823
26/11/2018;1,1363;0,880049283;128,7;0,007770008
27/11/2018;1,1328;0,882768362;128,66;0,007772423
28/11/2018;1,1284;0,886210564;128,47;0,007783918
29/11/2018;1,1387;0,878194432;128,99;0,007752539
30/11/2018;1,1359;0,880359187;128,99;0,007752539
03/12/2018;1,1332;0,88245676;128,7;0,007770008
04/12/2018;1,1409;0,876501008;128,68;0,007771215
05/12/2018;1,1354;0,880746873;128,31;0,007793625
06/12/2018;1,1351;0,880979649;128,04;0,007810059
07/12/2018;1,1371;0,879430129;128,36;0,007790589
10/12/2018;1,1425;0,875273523;128,79;0,007764578
11/12/2018;1,1379;0,878811846;128,75;0,00776699
12/12/2018;1,1346;0,881367883;128,67;0,007771819
13/12/2018;1,1371;0,879430129;129,06;0,007748334
14/12/2018;1,1285;0,886132034;128,13;0,007804573
17/12/2018;1,1341;0,881756459;128,44;0,007785737
18/12/2018;1,1377;0,878966336;127,86;0,007821054
19/12/2018;1,1405;0,876808417;128,11;0,007805792
20/12/2018;1,1451;0,873286176;127,94;0,007816164
21/12/2018;1,1414;0,876117049;126,98;0,007875256
24/12/2018;1,1408;0,87657784;126,47;0,007907014
27/12/2018;1,1377;0,878966336;126,14;0,007927699
28/12/2018;1,1454;0,873057447;126,4;0,007911392
31/12/2018;1,145;0,873362445;125,85;0,007945967
02/01/2019;1,1397;0,877423883;124,28;0,008046347
03/01/2019;1,1348;0,881212548;122,21;0,008182636
04/01/2019;1,1403;0,876962203;123,2;0,008116883
07/01/2019;1,1445;0,873743993;123,9;0,008071025
08/01/2019;1,144;0,874125874;124,46;0,00803471
09/01/2019;1,1455;0,872981231;124,7;0,008019246
10/01/2019;1,1535;0,866926745;124,7;0,008019246
11/01/2019;1,1533;0,867077083;124,91;0,008005764
14/01/2019;1,1467;0,872067672;123,93;0,008069071
15/01/2019;1,1424;0,87535014;124,02;0,008063216
16/01/2019;1,1389;0,878040214;123,91;0,008070374
17/01/2019;1,1396;0,877500878;123,95;0,008067769
18/01/2019;1,1402;0,877039116;124,78;0,008014105
21/01/2019;1,1362;0,880126738;124,6;0,008025682
22/01/2019;1,1354;0,880746873;124,25;0,00804829
23/01/2019;1,1367;0,879739597;124,7;0,008019246
24/01/2019;1,1341;0,881756459;124,43;0,008036647
25/01/2019;1,1346;0,881367883;124,72;0,00801796
28/01/2019;1,1418;0,875810124;124,94;0,008003842
29/01/2019;1,1422;0,875503414;125,03;0,00799808
30/01/2019;1,1429;0,874967189;125,08;0,007994883
31/01/2019;1,1488;0,870473538;124,81;0,008012179
01/02/2019;1,1471;0,871763578;124,91;0,008005764
04/02/2019;1,1445;0,873743993;125,77;0,007951022
05/02/2019;1,1423;0,875426771;125,59;0,007962417
06/02/2019;1,1394;0,877654906;125,05;0,007996801
07/02/2019;1,1345;0,881445571;124,41;0,008037939
08/02/2019;1,1346;0,881367883;124,57;0,008027615
11/02/2019;1,1309;0,884251481;124,63;0,00802375
12/02/2019;1,1296;0,885269122;124,7;0,008019246
13/02/2019;1,1305;0,884564352;125,19;0,007987858
14/02/2019;1,1268;0,887468939;125,12;0,007992327
15/02/2019;1,126;0,888099467;124,45;0,008035356
18/02/2019;1,1328;0,882768362;125,23;0,007985307
19/02/2019;1,1294;0,88542589;125,09;0,007994244
20/02/2019;1,1342;0,881678716;125,61;0,00796115
21/02/2019;1,1354;0,880746873;125,7;0,007955449
22/02/2019;1,1325;0,883002208;125,56;0,00796432
25/02/2019;1,1355;0,880669309;125,75;0,007952286
26/02/2019;1,1361;0,880204207;125,93;0,00794092
27/02/2019;1,1386;0,878271562;125,9;0,007942812
28/02/2019;1,1416;0,87596356;126,44;0,00790889
01/03/2019;1,1383;0,878503031;127,35;0,007852375
04/03/2019;1,1337;0,882067566;126,91;0,0078796
05/03/2019;1,1329;0,88269044;126,8;0,007886435
06/03/2019;1,1305;0,884564352;126,4;0,007911392
07/03/2019;1,1271;0,887232721;125,97;0,007938398
08/03/2019;1,1222;0,891106755;124,72;0,00801796
11/03/2019;1,1244;0,889363216;124,91;0,008005764
12/03/2019;1,1275;0,88691796;125,27;0,007982757
13/03/2019;1,1303;0,884720871;125,89;0,007943443
14/03/2019;1,1295;0,885347499;126,09;0,007930843
15/03/2019;1,1308;0,884329678;126,16;0,007926443
18/03/2019;1,1349;0,881134902;126,54;0,007902639
19/03/2019;1,1358;0,880436697;126,59;0,007899518
20/03/2019;1,1354;0,880746873;126,63;0,007897023
21/03/2019;1,1387;0,878194432;125,92;0,00794155
22/03/2019;1,1302;0,884799151;124,6;0,008025682
25/03/2019;1,1325;0,883002208;124,65;0,008022463
26/03/2019;1,1291;0,885661146;124,72;0,00801796
27/03/2019;1,1261;0,888020602;124,42;0,008037293
28/03/2019;1,1218;0,891424496;124,16;0,008054124
29/03/2019;1,1235;0,890075656;124,45;0,008035356
01/04/2019;1,1236;0,88999644;124,68;0,008020533
02/04/2019;1,12;0,892857143;124,73;0,008017317
03/04/2019;1,1243;0,88944232;125,3;0,007980846
04/04/2019;1,1219;0,89134504;125,01;0,00799936
05/04/2019;1,1233;0,890234132;125,44;0,007971939
08/04/2019;1,1246;0,889205051;125,36;0,007977026
09/04/2019;1,1277;0,886760663;125,51;0,007967493
10/04/2019;1,1279;0,886603422;125,38;0,007975754
11/04/2019;1,1264;0,887784091;125,3;0,007980846
12/04/2019;1,1321;0,883314195;126,76;0,007888924
15/04/2019;1,1313;0,883938831;126,66;0,007895152
16/04/2019;1,1305;0,884564352;126,59;0,007899518
17/04/2019;1,1301;0,884877444;126,51;0,007904513
18/04/2019;1,125;0,888888889;125,86;0,007945336
23/04/2019;1,1245;0,889284126;125,82;0,007947862
24/04/2019;1,1209;0,892140244;125,34;0,007978299
25/04/2019;1,1123;0,899038029;124,45;0,008035356
26/04/2019;1,1133;0,898230486;124,45;0,008035356
29/04/2019;1,115;0,896860987;124,64;0,008023107
30/04/2019;1,1218;0,891424496;124,93;0,008004483
02/05/2019;1,1212;0,891901534;125,01;0,00799936
03/05/2019;1,1155;0,896458987;124,4;0,008038585
06/05/2019;1,1199;0,892936869;124,13;0,00805607
07/05/2019;1,1185;0,894054537;123,73;0,008082114
08/05/2019;1,1202;0,892697733;123,31;0,008109642
09/05/2019;1,1193;0,893415528;122,91;0,008136034
10/05/2019;1,123;0,89047195;123,25;0,00811359
13/05/2019;1,1245;0,889284126;123,06;0,008126117
14/05/2019;1,1226;0,890789239;123;0,008130081
15/05/2019;1,1183;0,894214433;122,24;0,008180628
16/05/2019;1,1203;0,892618049;122,81;0,008142659
17/05/2019;1,1172;0,89509488;122,34;0,008173941
20/05/2019;1,1167;0,895495657;122,67;0,008151952
21/05/2019;1,1161;0,895977063;123,27;0,008112274
22/05/2019;1,1171;0,895175007;123,27;0,008112274
23/05/2019;1,1139;0,897746656;122,56;0,008159269
24/05/2019;1,1187;0,893894699;122,61;0,008155942
27/05/2019;1,1198;0,89301661;122,56;0,008159269
28/05/2019;1,1192;0,893495354;122,45;0,008166599
29/05/2019;1,1156;0,89637863;121,91;0,008202773
30/05/2019;1,1134;0,898149811;122,1;0,008190008
31/05/2019;1,1151;0,896780558;121,27;0,008246063
03/06/2019;1,1185;0,894054537;121,17;0,008252868
04/06/2019;1,1244;0,889363216;121,62;0,008222332
05/06/2019;1,1257;0,888336146;121,96;0,00819941
06/06/2019;1,1266;0,887626487;121,82;0,008208833
07/06/2019;1,1273;0,887075313;122,27;0,008178621
10/06/2019;1,1301;0,884877444;122,78;0,008144649
11/06/2019;1,132;0,883392226;123,09;0,008124137
12/06/2019;1,1323;0,883158174;122,72;0,008148631
13/06/2019;1,1289;0,885818053;122,44;0,008167266
14/06/2019;1,1265;0,887705282;121,9;0,008203445
17/06/2019;1,1234;0,890154887;122,06;0,008192692
18/06/2019;1,1187;0,893894699;121,08;0,008259002
19/06/2019;1,1207;0,892299456;121,49;0,00823113
20/06/2019;1,1307;0,884407889;121,71;0,008216252
21/06/2019;1,1316;0,883704489;121,64;0,00822098
24/06/2019;1,1394;0,877654906;122,25;0,008179959
25/06/2019;1,1388;0,878117316;121,97;0,008198737
26/06/2019;1,1362;0,880126738;122,4;0,008169935
27/06/2019;1,137;0,879507476;122,64;0,008153947
28/06/2019;1,138;0,878734622;122,6;0,008156607
01/07/2019;1,1349;0,881134902;122,93;0,008134711
02/07/2019;1,1301;0,884877444;122,36;0,008172605
03/07/2019;1,1293;0,885504295;121,61;0,008223008
04/07/2019;1,1288;0,885896527;121,65;0,008220304
05/07/2019;1,126;0,888099467;121,77;0,008212203
08/07/2019;1,1215;0,891662951;121,8;0,008210181
09/07/2019;1,1205;0,892458724;121,93;0,008201427
10/07/2019;1,122;0,891265597;122,2;0,008183306
11/07/2019;1,1285;0,886132034;121,94;0,008200754
12/07/2019;1,1253;0,888651915;121,83;0,008208159
15/07/2019;1,1269;0,887390185;121,62;0,008222332
16/07/2019;1,1223;0,891027355;121,13;0,008255593
17/07/2019;1,1215;0,891662951;121,42;0,008235875
18/07/2019;1,1216;0,891583452;120,89;0,008271983
19/07/2019;1,1226;0,890789239;120,93;0,008269247
22/07/2019;1,1215;0,891662951;121,03;0,008262414
23/07/2019;1,1173;0,895014768;120,82;0,008276775
24/07/2019;1,114;0,897666068;120,41;0,008304958
25/07/2019;1,1115;0,89968511;120,15;0,00832293
26/07/2019;1,1138;0,897827258;121,06;0,008260367
29/07/2019;1,1119;0,899361453;120,81;0,00827746
30/07/2019;1,1154;0,896539358;121;0,008264463
31/07/2019;1,1151;0,896780558;121,04;0,008261732
01/08/2019;1,1037;0,906043309;120,18;0,008320852
02/08/2019;1,1106;0,900414191;118,57;0,008433837
05/08/2019;1,1182;0,894294402;118,61;0,008430992
06/08/2019;1,1187;0,893894699;119,1;0,008396306
07/08/2019;1,1202;0,892697733;118,48;0,008440243
08/08/2019;1,1193;0,893415528;118,64;0,00842886
09/08/2019;1,1198;0,89301661;118,51;0,008438106
12/08/2019;1,1194;0,893335716;117,69;0,008496899
13/08/2019;1,1222;0,891106755;118,01;0,008473858
14/08/2019;1,1188;0,893814802;118,48;0,008440243
15/08/2019;1,115;0,896860987;118,37;0,008448087
16/08/2019;1,1076;0,902853016;117,77;0,008491127
19/08/2019;1,1103;0,90065748;118,34;0,008450228
20/08/2019;1,1076;0,902853016;117,79;0,008489685
21/08/2019;1,1104;0,900576369;118,24;0,008457375
22/08/2019;1,1083;0,902282775;118,13;0,00846525
23/08/2019;1,1065;0,903750565;117,79;0,008489685
26/08/2019;1,1116;0,899604174;117,67;0,008498343
27/08/2019;1,1104;0,900576369;117,43;0,008515711
28/08/2019;1,1083;0,902282775;117,18;0,00853388
29/08/2019;1,1072;0,903179191;117,68;0,008497621
30/08/2019;1,1036;0,906125408;117,28;0,008526603
02/09/2019;1,0968;0,911743253;116,66;0,008571918
03/09/2019;1,0937;0,914327512;116,05;0,008616975
04/09/2019;1,1018;0,907605736;117,03;0,008544818
05/09/2019;1,1058;0,904322662;117,97;0,008476731
06/09/2019;1,1027;0,906864968;118,01;0,008473858
09/09/2019;1,1033;0,906371794;118,01;0,008473858
10/09/2019;1,104;0,905797101;118,52;0,008437395
11/09/2019;1,1003;0,908843043;118,51;0,008438106
12/09/2019;1,0963;0,912159081;118,14;0,008464534
13/09/2019;1,1096;0,901225667;119,83;0,008345156
16/09/2019;1,1031;0,906536125;118,96;0,008406187
17/09/2019;1,1026;0,906947216;119,23;0,008387151
18/09/2019;1,1053;0,904731747;119,54;0,008365401
19/09/2019;1,1067;0,903587241;119,46;0,008371003
20/09/2019;1,103;0,906618314;119,11;0,008395601
23/09/2019;1,0985;0,910332271;118,07;0,008469552
24/09/2019;1,1003;0,908843043;118,45;0,008442381
25/09/2019;1,0982;0,910580951;118;0,008474576
26/09/2019;1,0938;0,91424392;117,73;0,008494012
27/09/2019;1,0935;0,914494742;118,21;0,008459521
30/09/2019;1,0889;0,918357976;117,59;0,008504125
01/10/2019;1,0898;0,91759956;118;0,008474576
02/10/2019;1,0925;0,915331808;117,47;0,008512812
03/10/2019;1,0951;0,913158616;117,17;0,008534608
04/10/2019;1,0979;0,910829766;117,23;0,00853024
07/10/2019;1,0993;0,90966979;117,44;0,008514986
08/10/2019;1,0986;0,910249408;117,43;0,008515711
09/10/2019;1,0981;0,910663874;117,91;0,008481045
10/10/2019;1,103;0,906618314;118,52;0,008437395
11/10/2019;1,1043;0,905551028;119,75;0,008350731
14/10/2019;1,1031;0,906536125;119,4;0,008375209
15/10/2019;1,1007;0,908512765;119,23;0,008387151
16/10/2019;1,1025;0,907029478;119,9;0,008340284
17/10/2019;1,1113;0,899847026;120,81;0,00827746
18/10/2019;1,1144;0,897343862;120,97;0,008266512
21/10/2019;1,1173;0,895014768;121,29;0,008244703
22/10/2019;1,113;0,898472597;120,87;0,008273352
23/10/2019;1,1123;0,899038029;120,63;0,008289812
24/10/2019;1,1128;0,898634076;120,86;0,008274036
25/10/2019;1,1107;0,900333123;120,59;0,008292562
28/10/2019;1,1087;0,901957247;120,69;0,008285691
29/10/2019;1,1095;0,901306895;120,88;0,008272667
30/10/2019;1,1106;0,900414191;120,99;0,008265146
31/10/2019;1,1154;0,896539358;120,73;0,008282945
01/11/2019;1,1139;0,897746656;120,43;0,008303579
04/11/2019;1,1158;0,89621796;120,93;0,008269247
05/11/2019;1,1109;0,900171032;120,93;0,008269247
06/11/2019;1,109;0,901713255;120,88;0,008272667
07/11/2019;1,1077;0,902771509;120,9;0,008271299
08/11/2019;1,1034;0,90628965;120,72;0,008283632
11/11/2019;1,1041;0,905715062;120,29;0,008313243
12/11/2019;1,1015;0,907852928;120,24;0,0083167
13/11/2019;1,1006;0,908595312;119,79;0,008347942
14/11/2019;1,0997;0,909338911;119,49;0,008368901
15/11/2019;1,1034;0,90628965;119,95;0,008336807
18/11/2019;1,1061;0,904077389;120,55;0,008295313
19/11/2019;1,1077;0,902771509;120,46;0,008301511
20/11/2019;1,1059;0,90424089;119,96;0,008336112
21/11/2019;1,1091;0,901631954;120,46;0,008301511
22/11/2019;1,1058;0,904322662;120,03;0,008331251
25/11/2019;1,1008;0,908430233;119,88;0,008341675
26/11/2019;1,102;0,907441016;120,09;0,008327088
27/11/2019;1,1009;0,908347716;120,18;0,008320852
28/11/2019;1,1005;0,908677874;120,5;0,008298755
29/11/2019;1,0982;0,910580951;120,43;0,008303579
02/12/2019;1,1023;0,907194049;120,75;0,008281573
03/12/2019;1,1071;0,903260771;120,39;0,008306338
04/12/2019;1,1081;0,902445628;120,45;0,0083022
05/12/2019;1,1094;0,901388138;120,69;0,008285691
06/12/2019;1,1094;0,901388138;120,44;0,008302889
09/12/2019;1,1075;0,902934537;120,15;0,00832293
10/12/2019;1,1077;0,902771509;120,27;0,008314625
11/12/2019;1,1075;0,902934537;120,44;0,008302889
12/12/2019;1,1137;0,897907875;120,95;0,008267879
13/12/2019;1,1174;0,89493467;122,43;0,008167933
16/12/2019;1,1146;0,897182846;121,97;0,008198737
17/12/2019;1,1162;0,895896793;122,31;0,008175946
18/12/2019;1,1115;0,89968511;121,81;0,008209507
19/12/2019;1,1117;0,899523253;121,73;0,008214902
20/12/2019;1,1097;0,901144453;121,31;0,008243344
23/12/2019;1,1075;0,902934537;121,18;0,008252187
24/12/2019;1,108;0,902527076;121,19;0,008251506
27/12/2019;1,1153;0,896619744;122,23;0,008181298
30/12/2019;1,1189;0,893734918;122,19;0,008183976
31/12/2019;1,1234;0,890154887;121,94;0,008200754
02/01/2020;1,1193;0,893415528;121,75;0,008213552
03/01/2020;1,1147;0,897102359;120,54;0,008296001
06/01/2020;1,1194;0,893335716;121,02;0,008263097
07/01/2020;1,1172;0,89509488;121,15;0,00825423
08/01/2020;1,1115;0,89968511;120,86;0,008274036
09/01/2020;1,111;0,900090009;121,54;0,008227744
10/01/2020;1,1091;0,901631954;121,6;0,008223684
13/01/2020;1,1126;0,898795614;122,25;0,008179959
14/01/2020;1,1115;0,89968511;122,32;0,008175278
15/01/2020;1,1142;0,897504936;122,43;0,008167933
16/01/2020;1,1169;0,895335303;122,8;0,008143322
17/01/2020;1,1108;0,900252071;122,31;0,008175946
20/01/2020;1,1085;0,902119982;122,14;0,008187326
21/01/2020;1,1115;0,89968511;122,31;0,008175946
22/01/2020;1,1088;0,901875902;121,93;0,008201427
23/01/2020;1,1091;0,901631954;121,5;0,008230453
24/01/2020;1,1035;0,906207522;120,96;0,008267196
27/01/2020;1,1025;0,907029478;120,11;0,008325701
28/01/2020;1,1005;0,908677874;120,02;0,008331945
29/01/2020;1,1001;0,909008272;120,06;0,008329169
30/01/2020;1,1029;0,906700517;120,03;0,008331251
31/01/2020;1,1052;0,904813608;120,35;0,008309098
03/02/2020;1,1066;0,903668896;120,1;0,008326395
04/02/2020;1,1048;0,905141202;120,52;0,008297378
05/02/2020;1,1023;0,907194049;120,94;0,008268563
06/02/2020;1,1003;0,908843043;120,87;0,008273352
07/02/2020;1,0969;0,911660133;120,51;0,008298067
10/02/2020;1,0951;0,913158616;120,18;0,008320852
11/02/2020;1,0901;0,917347032;119,73;0,008352126
12/02/2020;1,0914;0,916254352;120,03;0,008331251
13/02/2020;1,0867;0,920217171;119,21;0,008388558
14/02/2020;1,0842;0,922339052;119,11;0,008395601
17/02/2020;1,0835;0,922934933;119,05;0,008399832
18/02/2020;1,0816;0,924556213;118,7;0,0084246
19/02/2020;1,08;0,925925926;119,35;0,008378718
20/02/2020;1,079;0,926784059;120,86;0,008274036
21/02/2020;1,0801;0,9258402;120,96;0,008267196
24/02/2020;1,0818;0,924385284;120,52;0,008297378
25/02/2020;1,084;0,922509225;119,92;0,008338893
26/02/2020;1,0875;0,91954023;120,13;0,008324315
27/02/2020;1,0964;0,912075885;120,46;0,008301511
28/02/2020;1,0977;0,910995718;119,36;0,008378016
02/03/2020;1,1122;0,899118864;119,82;0,008345852
03/03/2020;1,1117;0,899523253;119,77;0,008349336
04/03/2020;1,1125;0,898876404;119,58;0,008362602
05/03/2020;1,1187;0,893894699;119,63;0,008359107
06/03/2020;1,1336;0,882145378;119,08;0,008397716
09/03/2020;1,1456;0,872905028;117,12;0,008538251
10/03/2020;1,139;0,877963126;118,65;0,00842815
11/03/2020;1,1336;0,882145378;118,55;0,008435259
12/03/2020;1,124;0,889679715;116,84;0,008558713
13/03/2020;1,1104;0,900576369;119,11;0,008395601
16/03/2020;1,1157;0,896298288;117,76;0,008491848
17/03/2020;1,0982;0,910580951;117,5;0,008510638
18/03/2020;1,0934;0,914578379;117,78;0,008490406
19/03/2020;1,0801;0,9258402;118,63;0,008429571
20/03/2020;1,0707;0,933968432;118,37;0,008448087
23/03/2020;1,0783;0,9273857;119,11;0,008395601
24/03/2020;1,0843;0,922253989;119,99;0,008334028
25/03/2020;1,0827;0,923616884;120,67;0,008287064
26/03/2020;1,0981;0,910663874;120,18;0,008320852
27/03/2020;1,0977;0,910995718;119,36;0,008378016
30/03/2020;1,1034;0,90628965;119,34;0,00837942
31/03/2020;1,0956;0,912741877;118,9;0,008410429
01/04/2020;1,0936;0,914411119;117,55;0,008507018
02/04/2020;1,0906;0,916926462;117,06;0,008542628
03/04/2020;1,0785;0,927213723;117,1;0,00853971
06/04/2020;1,0791;0,926698174;117,54;0,008507742
07/04/2020;1,0885;0,918695452;118,55;0,008435259
08/04/2020;1,0871;0,919878576;118,36;0,0084488
09/04/2020;1,0867;0,920217171;118,33;0,008450942
14/04/2020;1,0963;0,912159081;117,66;0,008499065
15/04/2020;1,0903;0,917178758;117,12;0,008538251
16/04/2020;1,0888;0,918442322;117,12;0,008538251
17/04/2020;1,086;0,920810313;116,86;0,008557248
20/04/2020;1,086;0,920810313;117,11;0,00853898
21/04/2020;1,0837;0,922764603;116,39;0,008591803
22/04/2020;1,0867;0,920217171;117,01;0,008546278
23/04/2020;1,0772;0,928332714;115,75;0,008639309
24/04/2020;1,08;0,925925926;116,22;0,008604371
27/04/2020;1,0852;0,921489126;116,22;0,008604371
28/04/2020;1,0877;0,91937115;116,06;0,008616233
29/04/2020;1,0842;0,922339052;115,52;0,00865651
30/04/2020;1,0876;0,919455682;115,87;0,008630362
04/05/2020;1,0942;0,913909706;116,84;0,008558713
05/05/2020;1,0843;0,922253989;115,71;0,008642295
06/05/2020;1,0807;0,925326177;114,65;0,008722198
07/05/2020;1,0783;0,9273857;114,91;0,008702463
08/05/2020;1,0843;0,922253989;115,34;0,008670019
11/05/2020;1,0824;0,923872875;116,16;0,008608815
12/05/2020;1,0858;0,920979923;116,56;0,008579272
13/05/2020;1,0875;0,91954023;116,28;0,008599931
14/05/2020;1,0792;0,926612305;115,48;0,008659508
15/05/2020;1,0798;0,926097425;115,53;0,00865576
18/05/2020;1,0832;0,923190547;116,31;0,008597713
19/05/2020;1,095;0,913242009;118;0,008474576
20/05/2020;1,0958;0,912575287;117,95;0,008478169
21/05/2020;1,1;0,909090909;118,42;0,00844452
22/05/2020;1,0904;0,917094644;117,26;0,008528057
25/05/2020;1,091;0,916590284;117,47;0,008512812
26/05/2020;1,0975;0,911161731;117,92;0,008480326
27/05/2020;1,0991;0,90983532;118,58;0,008433125
28/05/2020;1,1016;0,907770516;118,68;0,00842602
29/05/2020;1,1136;0,897988506;119,29;0,008382932
01/06/2020;1,1116;0,899604174;119,75;0,008350731
02/06/2020;1,1174;0,89493467;120,83;0,00827609
03/06/2020;1,1194;0,893335716;121,54;0,008227744
04/06/2020;1,125;0,888888889;122,48;0,008164598
05/06/2020;1,133;0,882612533;123,77;0,008079502
08/06/2020;1,1285;0,886132034;123,41;0,008103071
09/06/2020;1,1294;0,88542589;122,14;0,008187326
10/06/2020;1,1375;0,879120879;122,16;0,008185986
11/06/2020;1,1348;0,881212548;121,52;0,008229098
12/06/2020;1,1304;0,884642604;121,26;0,008246743
15/06/2020;1,1253;0,888651915;120,83;0,00827609
16/06/2020;1,1308;0,884329678;121,39;0,008237911
17/06/2020;1,1232;0,89031339;120,65;0,008288438
18/06/2020;1,1222;0,891106755;120;0,008333333
19/06/2020;1,121;0,89206066;119,77;0,008349336
22/06/2020;1,1213;0,891821992;119,89;0,008340979
23/06/2020;1,1318;0,88354833;121,05;0,008261049
24/06/2020;1,128;0,886524823;120,3;0,008312552
25/06/2020;1,12;0,892857143;120,25;0,008316008
26/06/2020;1,1213;0,891821992;119,93;0,008338197
29/06/2020;1,1284;0,886210564;121,07;0,008259684
30/06/2020;1,1198;0,89301661;120,66;0,008287751
01/07/2020;1,12;0,892857143;120,31;0,008311861
02/07/2020;1,1286;0,886053518;121,24;0,008248103
03/07/2020;1,1224;0,890947969;120,68;0,008286377
06/07/2020;1,1325;0,883002208;121,78;0,008211529
07/07/2020;1,129;0,885739593;121,61;0,008223008
08/07/2020;1,1286;0,886053518;121,39;0,008237911
09/07/2020;1,1342;0,881678716;121,67;0,008218953
10/07/2020;1,1276;0,886839305;120,48;0,008300133
13/07/2020;1,1329;0,88269044;121,4;0,008237232
14/07/2020;1,1375;0,879120879;122,17;0,008185316
15/07/2020;1,1444;0,873820343;122,25;0,008179959
16/07/2020;1,1414;0,876117049;122,24;0,008180628
17/07/2020;1,1428;0,875043752;122,53;0,008161267
20/07/2020;1,1448;0,873515024;122,63;0,008154611
21/07/2020;1,1443;0,873896705;122,7;0,008149959
22/07/2020;1,1578;0,863707031;123,94;0,00806842
23/07/2020;1,1569;0,864378944;123,98;0,008065817
24/07/2020;1,1608;0,861474845;123,36;0,008106355
27/07/2020;1,176;0,850340136;123,88;0,008072328
28/07/2020;1,1717;0,853460783;123,34;0,00810767
29/07/2020;1,1725;0,852878465;123,28;0,008111616
30/07/2020;1,1743;0,851571149;123,58;0,008091924
31/07/2020;1,1848;0,844024308;124,31;0,008044405
03/08/2020;1,1726;0,852805731;124,51;0,008031483
04/08/2020;1,1765;0,849978751;124,78;0,008014105
05/08/2020;1,1854;0,843597098;125,37;0,00797639
06/08/2020;1,1843;0,844380647;124,96;0,008002561
07/08/2020;1,1817;0,84623847;124,91;0,008005764
10/08/2020;1,1763;0,850123268;124,74;0,008016675
11/08/2020;1,1783;0,848680302;124,97;0,00800192
12/08/2020;1,1771;0,849545493;125,92;0,00794155
13/08/2020;1,1833;0,845094228;126,58;0,007900142
14/08/2020;1,1813;0,846525015;126,01;0,007935878
17/08/2020;1,1853;0,84366827;125,99;0,007937138
18/08/2020;1,1906;0,839912649;125,54;0,007965589
19/08/2020;1,1933;0,838012235;125,74;0,007952919
20/08/2020;1,185;0,843881857;125,46;0,007970668
21/08/2020;1,1769;0,849689863;124,53;0,008030194
24/08/2020;1,1847;0,844095552;125,26;0,007983395
25/08/2020;1,1814;0,84645336;125,67;0,007957349
26/08/2020;1,1789;0,848248367;125,34;0,007978299
27/08/2020;1,1806;0,847026935;125,34;0,007978299
28/08/2020;1,1915;0,839278221;125,39;0,007975118
31/08/2020;1,194;0,837520938;126,47;0,007907014
01/09/2020;1,1987;0,83423709;126,92;0,007878979
02/09/2020;1,1861;0,843099233;126;0,007936508
03/09/2020;1,1813;0,846525015;125,85;0,007945967
04/09/2020;1,1842;0,844451951;125,79;0,007949758
07/09/2020;1,1824;0,845737483;125,59;0,007962417
08/09/2020;1,1785;0,848536275;125,2;0,00798722
09/09/2020;1,1773;0,849401172;125,05;0,007996801
10/09/2020;1,1849;0,843953076;125,76;0,007951654
11/09/2020;1,1854;0,843597098;125,82;0,007947862
14/09/2020;1,1876;0,842034355;125,82;0,007947862
15/09/2020;1,1892;0,840901446;125,39;0,007975118
16/09/2020;1,1869;0,842530963;124,72;0,00801796
17/09/2020;1,1797;0,847673137;123,38;0,008105041
18/09/2020;1,1833;0,845094228;123,49;0,008097822
21/09/2020;1,1787;0,848392297;122,7;0,008149959
22/09/2020;1,174;0,851788756;122,78;0,008144649
23/09/2020;1,1692;0,855285665;122,91;0,008136034
24/09/2020;1,1645;0,858737656;122,73;0,008147967
25/09/2020;1,1634;0,859549596;122,74;0,008147303
28/09/2020;1,167;0,856898029;123,02;0,00812876
29/09/2020;1,1702;0,854554777;123,61;0,00808996
30/09/2020;1,1708;0,854116843;123,76;0,008080155
01/10/2020;1,1752;0,850918993;123,98;0,008065817
02/10/2020;1,173;0,852514919;123,4;0,008103728
05/10/2020;1,1768;0,849762067;124,25;0,00804829
06/10/2020;1,1795;0,847816872;124,58;0,008026971
07/10/2020;1,177;0,849617672;124,73;0,008017317
08/10/2020;1,1765;0,849978751;124,69;0,008019889
09/10/2020;1,1795;0,847816872;124,95;0,008003201
12/10/2020;1,1799;0,847529452;124,41;0,008037939
13/10/2020;1,1787;0,848392297;124,38;0,008039878
14/10/2020;1,175;0,85106383;123,7;0,008084074
15/10/2020;1,1698;0,854846982;123,15;0,008120179
16/10/2020;1,1741;0,851716208;123,59;0,00809127
19/10/2020;1,1785;0,848536275;124,11;0,008057368
20/10/2020;1,181;0,846740051;124,79;0,008013463
21/10/2020;1,1852;0,843739453;124,27;0,008046994
22/10/2020;1,1821;0,845952119;123,72;0,008082768
23/10/2020;1,1856;0,843454791;124,17;0,008053475
26/10/2020;1,1819;0,84609527;124,14;0,008055421
27/10/2020;1,1832;0,845165652;123,74;0,008081461
28/10/2020;1,1727;0,852733009;122,36;0,008172605
29/10/2020;1,1704;0,854408749;122,09;0,008190679
30/10/2020;1,1698;0,854846982;122,36;0,008172605
02/11/2020;1,1652;0,858221765;121,93;0,008201427
03/11/2020;1,1702;0,854554777;122,56;0,008159269
04/11/2020;1,1721;0,853169525;122,31;0,008175946
05/11/2020;1,1855;0,843525938;122,86;0,008139346
06/11/2020;1,187;0,842459983;122,66;0,008152617
09/11/2020;1,1883;0,841538332;124,67;0,008021176
10/11/2020;1,1808;0,846883469;124,36;0,008041171
11/11/2020;1,1766;0,84990651;124,07;0,008059966
12/11/2020;1,1791;0,848104486;124,25;0,00804829
13/11/2020;1,1815;0,846381718;123,88;0,008072328
16/11/2020;1,183;0,845308538;124,15;0,008054772
17/11/2020;1,1882;0,841609157;123,78;0,00807885
18/11/2020;1,1868;0,842601955;123,28;0,008111616
19/11/2020;1,1832;0,845165652;123,08;0,008124797
20/11/2020;1,1863;0,842957093;123,18;0,008118201
23/11/2020;1,1901;0,840265524;123,47;0,008099133
24/11/2020;1,1865;0,842815002;124,06;0,008060616
25/11/2020;1,189;0,841042893;124,19;0,008052178
26/11/2020;1,19;0,840336134;124,04;0,008061916
27/11/2020;1,1922;0,838785439;124,23;0,008049585
30/11/2020;1,198;0,834724541;124,79;0,008013463
01/12/2020;1,1968;0,835561497;124,92;0,008005123
02/12/2020;1,2066;0,82877507;126,13;0,007928328
03/12/2020;1,2151;0,822977533;126,49;0,007905763
04/12/2020;1,2159;0,822436056;126,44;0,00790889
07/12/2020;1,2128;0,824538259;126,3;0,007917656
08/12/2020;1,2114;0,825491167;126,18;0,007925186
09/12/2020;1,2109;0,825832026;126,05;0,00793336
10/12/2020;1,2115;0,825423029;126,53;0,007903264
11/12/2020;1,2127;0,824606251;126,28;0,00791891
14/12/2020;1,2162;0,822233185;126,11;0,007929585
15/12/2020;1,214;0,823723229;126,08;0,007931472
16/12/2020;1,2189;0,820411847;125,97;0,007938398
17/12/2020;1,2246;0,816593173;126,19;0,007924558
18/12/2020;1,2259;0,815727221;126,69;0,007893283
21/12/2020;1,2173;0,821490183;126,04;0,007933989
22/12/2020;1,2239;0,817060217;126,52;0,007903889
23/12/2020;1,2166;0,821962847;125,99;0,007937138
24/12/2020;1,2193;0,820142705;126,38;0,007912644
28/12/2020;1,2219;0,818397578;126,54;0,007902639
29/12/2020;1,2259;0,815727221;127,23;0,007859781
30/12/2020;1,2281;0,814265939;126,57;0,007900766
31/12/2020;1,2271;0,814929509;126,49;0,007905763
04/01/2021;1,2296;0,813272609;126,62;0,007897647
05/01/2021;1,2271;0,814929509;126,25;0,007920792
06/01/2021;1,2338;0,810504134;127,03;0,007872156
07/01/2021;1,2276;0,814597589;127,13;0,007865964
08/01/2021;1,225;0,816326531;127,26;0,007857929
11/01/2021;1,2163;0,822165584;126,76;0,007888924
12/01/2021;1,2161;0,822300798;126,74;0,007890169
13/01/2021;1,2166;0,821962847;126,44;0,00790889
14/01/2021;1,2124;0,824810294;126,21;0,007923302
15/01/2021;1,2123;0,82487833;125,74;0,007952919
18/01/2021;1,2064;0,828912467;125,18;0,007988497
19/01/2021;1,2132;0,824266403;126,16;0,007926443
20/01/2021;1,2101;0,826377985;125,62;0,007960516
21/01/2021;1,2158;0,822503701;125,72;0,007954184
22/01/2021;1,2158;0,822503701;126,19;0,007924558
25/01/2021;1,2152;0,822909809;126,06;0,00793273
26/01/2021;1,2143;0,823519723;125,93;0,00794092
27/01/2021;1,2114;0,825491167;125,87;0,007944705
28/01/2021;1,2091;0,827061451;126,2;0,00792393
29/01/2021;1,2136;0,823994726;127,05;0,007870917
01/02/2021;1,2084;0,827540549;126,77;0,007888302
02/02/2021;1,2044;0,830288941;126,46;0,007907639
03/02/2021;1,2017;0,832154448;126,25;0,007920792
04/02/2021;1,1996;0,833611204;126,24;0,00792142
05/02/2021;1,1983;0,834515564;126,72;0,007891414
08/02/2021;1,2025;0,831600832;126,97;0,007875876
09/02/2021;1,2104;0,826173166;126,58;0,007900142
10/02/2021;1,2127;0,824606251;127,04;0,007871537
11/02/2021;1,2147;0,823248539;127,12;0,007866583
12/02/2021;1,2108;0,825900231;127,15;0,007864727
15/02/2021;1,2129;0,824470278;127,72;0,007829627
16/02/2021;1,2143;0,823519723;128,16;0,007802747
17/02/2021;1,206;0,829187396;127,94;0,007816164
18/02/2021;1,2084;0,827540549;127,69;0,007831467
19/02/2021;1,2139;0,823791087;127,81;0,007824114
22/02/2021;1,2133;0,824198467;128;0,0078125
23/02/2021;1,2143;0,823519723;127,98;0,007813721
24/02/2021;1,2146;0,823316318;128,69;0,007770612
25/02/2021;1,2225;0,81799591;129,73;0,007708317
26/02/2021;1,2121;0,825014438;128,83;0,007762167
01/03/2021;1,2053;0,829668962;128,63;0,007774236
02/03/2021;1,2028;0,831393415;128,58;0,007777259
03/03/2021;1,2048;0,83001328;128,81;0,007763372
04/03/2021;1,2034;0,830978893;129,23;0,007738141
05/03/2021;1,1938;0,83766125;129,3;0,007733952
08/03/2021;1,1866;0,842743974;128,9;0,007757952
09/03/2021;1,1894;0,840760047;129,5;0,007722008
10/03/2021;1,1892;0,840901446;129,12;0,007744734
11/03/2021;1,1969;0,835491687;129,82;0,007702973
12/03/2021;1,1933;0,838012235;130,14;0,007684033
15/03/2021;1,192;0,838926174;130,17;0,007682262
16/03/2021;1,1926;0,838504109;129,88;0,007699415
17/03/2021;1,1907;0,83984211;130,02;0,007691124
18/03/2021;1,1912;0,83948959;130,08;0,007687577
19/03/2021;1,1891;0,840972164;129,54;0,007719623
22/03/2021;1,1926;0,838504109;129,77;0,007705941
23/03/2021;1,1883;0,841538332;128,99;0,007752539
24/03/2021;1,1825;0,845665962;128,6;0,00777605
25/03/2021;1,1802;0,847314015;128,75;0,00776699
26/03/2021;1,1782;0,848752334;129,34;0,00773156
29/03/2021;1,1784;0,848608282;129,19;0,007740537
30/03/2021;1,1741;0,851716208;129,48;0,0077232
31/03/2021;1,1725;0,852878465;129,91;0,007697637
01/04/2021;1,1746;0,851353652;130,03;0,007690533
06/04/2021;1,1812;0,846596681;130,27;0,007676364
07/04/2021;1,1884;0,841467519;130,56;0,007659314
08/04/2021;1,1873;0,842247115;129,71;0,007709506
09/04/2021;1,1888;0,841184388;130,42;0,007667536
12/04/2021;1,1904;0,840053763;130,2;0,007680492
13/04/2021;1,1896;0,840618695;130,23;0,007678722
14/04/2021;1,1964;0,835840856;130,33;0,007672831
15/04/2021;1,197;0,835421888;130,14;0,007684033
16/04/2021;1,1986;0,834306691;130,37;0,007670476
19/04/2021;1,2035;0,830909846;130,09;0,007686986
20/04/2021;1,2051;0,829806655;130,64;0,007654623
21/04/2021;1,2007;0,832847506;129,8;0,00770416
22/04/2021;1,2046;0,830151087;130,3;0,007674597
23/04/2021;1,2066;0,82877507;129,98;0,007693491
26/04/2021;1,2085;0,827472073;130,54;0,007660487
27/04/2021;1,2088;0,827266711;130,88;0,007640587
28/04/2021;1,207;0,828500414;131,47;0,007606298
29/04/2021;1,2129;0,824470278;132,2;0,007564297
30/04/2021;1,2082;0,827677537;131,62;0,00759763
03/05/2021;1,2044;0,830288941;131,9;0,007581501
04/05/2021;1,2021;0,831877548;131,26;0,007618467
05/05/2021;1,2005;0,832986256;131,2;0,007621951
06/05/2021;1,206;0,829187396;131,69;0,007593591
07/05/2021;1,2059;0,829256157;131,76;0,007589557
10/05/2021;1,2169;0,82176021;132,31;0,007558008
11/05/2021;1,217;0,821692687;132,12;0,007568877
12/05/2021;1,2118;0,825218683;131,82;0,007586102
13/05/2021;1,2081;0,827746048;132,37;0,007554582
14/05/2021;1,2123;0,82487833;132,49;0,007547739
17/05/2021;1,2143;0,823519723;132,6;0,007541478
18/05/2021;1,2222;0,818196694;133,09;0,007513713
19/05/2021;1,2212;0,818866689;133,3;0,007501875
20/05/2021;1,2203;0,819470622;132,95;0,007521625
21/05/2021;1,2188;0,82047916;132,61;0,007540909
24/05/2021;1,2212;0,818866689;132,97;0,007520493
25/05/2021;1,2264;0,815394651;133,49;0,007491198
26/05/2021;1,2229;0,817728351;133,16;0,007509763
27/05/2021;1,2198;0,819806526;133,42;0,007495128
28/05/2021;1,2142;0,823587547;133,65;0,00748223
31/05/2021;1,2201;0,81960495;133,79;0,0074744
01/06/2021;1,2225;0,81799591;134,05;0,007459903
02/06/2021;1,2186;0,820613819;133,72;0,007478313
03/06/2021;1,2187;0,820546484;133,81;0,007473283
04/06/2021;1,2117;0,825286787;133,39;0,007496814
07/06/2021;1,2162;0,822233185;132,98;0,007519928
08/06/2021;1,2182;0,82088327;133,28;0,007503001
09/06/2021;1,2195;0,8200082;133,38;0,007497376
10/06/2021;1,2174;0,821422704;133,35;0,007499063
11/06/2021;1,2125;0,824742268;132,88;0,007525587
14/06/2021;1,2112;0,825627477;132,95;0,007521625
15/06/2021;1,2108;0,825900231;133,28;0,007503001
16/06/2021;1,2124;0,824810294;133,19;0,007508071
17/06/2021;1,1937;0,837731423;132,09;0,007570596
18/06/2021;1,1898;0,840477391;131,12;0,007626602
21/06/2021;1,1891;0,840972164;130,91;0,007638836
22/06/2021;1,1894;0,840760047;131,5;0,007604563
23/06/2021;1,1951;0,836750063;132,44;0,007550589
24/06/2021;1,1936;0,837801609;132,2;0,007564297
25/06/2021;1,195;0,836820084;132,27;0,007560293
28/06/2021;1,191;0,839630563;132,13;0,007568304
29/06/2021;1,1888;0,841184388;131,54;0,00760225
30/06/2021;1,1884;0,841467519;131,43;0,007608613
01/07/2021;1,1884;0,841467519;132,42;0,007551729
02/07/2021;1,1823;0,845809016;131,74;0,007590709
05/07/2021;1,1866;0,842743974;131,58;0,007599939
06/07/2021;1,1838;0,844737287;130,99;0,007634171
07/07/2021;1,1831;0,845237089;130,86;0,007641755
08/07/2021;1,1838;0,844737287;129,91;0,007697637
09/07/2021;1,1858;0,843312532;130,46;0,007665185
12/07/2021;1,1852;0,843739453;130,55;0,0076599
13/07/2021;1,1844;0,844309355;130,55;0,0076599
14/07/2021;1,1812;0,846596681;130,3;0,007674597
15/07/2021;1,1809;0,846811754;129,93;0,007696452
16/07/2021;1,1802;0,847314015;130,03;0,007690533
19/07/2021;1,1766;0,84990651;128,96;0,007754342
20/07/2021;1,1775;0,8492569;129,03;0,007750136
21/07/2021;1,1772;0,849473327;129,63;0,007714264
22/07/2021;1,1775;0,8492569;129,83;0,00770238
23/07/2021;1,1767;0,849834282;130,11;0,007685804
26/07/2021;1,1787;0,848392297;130,05;0,00768935
27/07/2021;1,181;0,846740051;129,98;0,007693491
28/07/2021;1,1807;0,846955196;129,97;0,007694083
29/07/2021;1,1873;0,842247115;130,41;0,007668124
30/07/2021;1,1891;0,840972164;130,39;0,0076693
02/08/2021;1,1886;0,84132593;130,17;0,007682262
03/08/2021;1,1885;0,841396719;129,7;0,0077101
04/08/2021;1,1861;0,843099233;129,31;0,007733354
05/08/2021;1,185;0,843881857;129,79;0,007704754
06/08/2021;1,1807;0,846955196;129,64;0,007713669
09/08/2021;1,1761;0,850267834;129,5;0,007722008
10/08/2021;1,1722;0,853096741;129,48;0,0077232
11/08/2021;1,1718;0,85338795;129,68;0,007711289
12/08/2021;1,1739;0,851861317;129,61;0,007715454
13/08/2021;1,1765;0,849978751;129,64;0,007713669
16/08/2021;1,1772;0,849473327;128,75;0,00776699
17/08/2021;1,1767;0,849834282;128,57;0,007777864
18/08/2021;1,1723;0,85302397;128,67;0,007771819
19/08/2021;1,1696;0,85499316;128,21;0,007799704
20/08/2021;1,1671;0,856824608;127,97;0,007814331
23/08/2021;1,1718;0,85338795;129,02;0,007750736
24/08/2021;1,174;0,851788756;128,74;0,007767594
25/08/2021;1,1736;0,852079073;129;0,007751938
26/08/2021;1,1767;0,849834282;129,6;0,007716049
27/08/2021;1,1761;0,850267834;129,59;0,007716645
30/08/2021;1,1801;0,847385815;129,66;0,007712479
31/08/2021;1,1834;0,845022816;129,95;0,007695267
01/09/2021;1,1817;0,84623847;130,35;0,007671653
02/09/2021;1,1846;0,844166807;130,31;0,007674008
03/09/2021;1,1872;0,842318059;130,54;0,007660487
06/09/2021;1,1864;0,842886042;130,34;0,007672242
07/09/2021;1,186;0,84317032;130,51;0,007662248
08/09/2021;1,1827;0,845522956;130,31;0,007674008
09/09/2021;1,1838;0,844737287;130,1;0,007686395
10/09/2021;1,1841;0,844523267;130,03;0,007690533
13/09/2021;1,178;0,848896435;129,62;0,007714859
14/09/2021;1,1814;0,84645336;130,08;0,007687577
15/09/2021;1,1824;0,845737483;129,11;0,007745333
16/09/2021;1,1763;0,850123268;128,67;0,007771819
17/09/2021;1,178;0,848896435;129,61;0,007715454
20/09/2021;1,1711;0,853898045;128,18;0,007801529
21/09/2021;1,1738;0,85193389;128,34;0,007791803
22/09/2021;1,1729;0,852587603;128,5;0,007782101
23/09/2021;1,1715;0,853606487;128,88;0,007759156
24/09/2021;1,1719;0,853315129;129,49;0,007722604
27/09/2021;1,1698;0,854846982;129,74;0,007707723
28/09/2021;1,1678;0,856311012;130,17;0,007682262
29/09/2021;1,1654;0,858074481;129,89;0,007698822
30/09/2021;1,1579;0,863632438;129,67;0,007711884
01/10/2021;1,16;0,862068966;128,97;0,007753741
04/10/2021;1,1636;0,859401856;129,21;0,007739339
05/10/2021;1,1602;0,861920359;128,99;0,007752539
06/10/2021;1,1542;0,86640097;128,52;0,00778089
07/10/2021;1,1562;0,864902266;128,78;0,007765181
08/10/2021;1,1569;0,864378944;129,32;0,007732756
11/10/2021;1,1574;0,86400553;130,7;0,007651109
12/10/2021;1,1555;0,865426222;131,06;0,007630093
13/10/2021;1,1562;0,864902266;131,3;0,007616146
14/10/2021;1,1602;0,861920359;131,65;0,007595898
15/10/2021;1,1602;0,861920359;132,65;0,007538636
18/10/2021;1,1604;0,861771803;132,46;0,007549449
19/10/2021;1,1655;0,858000858;133,12;0,007512019
20/10/2021;1,1623;0,860363073;132,78;0,007531255
21/10/2021;1,1637;0,859328005;132,85;0,007527286
22/10/2021;1,163;0,859845228;132,43;0,007551159
25/10/2021;1,1603;0,861846074;131,88;0,007582651
26/10/2021;1,1618;0,860733345;132,47;0,007548879
27/10/2021;1,1617;0,860807437;132;0,007575758
28/10/2021;1,1593;0,862589494;131,7;0,007593014
29/10/2021;1,1645;0,858737656;132,62;0,007540341
01/11/2021;1,1578;0,863707031;132,19;0,007564869
02/11/2021;1,1603;0,861846074;132,03;0,007574036
03/11/2021;1,1578;0,863707031;131,9;0,007581501
04/11/2021;1,1569;0,864378944;131,77;0,007588981
05/11/2021;1,1519;0,868130914;130,98;0,007634753
08/11/2021;1,1579;0,863632438;131,29;0,007616726
09/11/2021;1,1577;0,863781636;130,9;0,007639419
10/11/2021;1,1558;0,865201592;130,9;0,007639419
11/11/2021;1,146;0,872600349;130,59;0,007657554
12/11/2021;1,1448;0,873515024;130,5;0,007662835
15/11/2021;1,1444;0,873820343;130,32;0,007673419
16/11/2021;1,1368;0,87966221;129,89;0,007698822
17/11/2021;1,1316;0,883704489;129,78;0,007705348
18/11/2021;1,1345;0,881445571;129,58;0,00771724
19/11/2021;1,1271;0,887232721;128,22;0,007799095
22/11/2021;1,1278;0,886682036;128,69;0,007770612
23/11/2021;1,1259;0,888178346;129,36;0,007730365
24/11/2021;1,1206;0,892379083;129,06;0,007748334
25/11/2021;1,1223;0,891027355;129,41;0,007727378
26/11/2021;1,1291;0,885661146;128,82;0,00776277
29/11/2021;1,1276;0,886839305;128,21;0,007799704
30/11/2021;1,1363;0,880049283;128,2;0,007800312
01/12/2021;1,1314;0,883860704;128,27;0,007796055
02/12/2021;1,1339;0,881911985;127,94;0,007816164
03/12/2021;1,1291;0,885661146;127,97;0,007814331
06/12/2021;1,1287;0,885975016;127,78;0,007825951
07/12/2021;1,1256;0,888415068;127,83;0,00782289
08/12/2021;1,1299;0,885034074;128,57;0,007777864
09/12/2021;1,1311;0,884095129;128,21;0,007799704
10/12/2021;1,1273;0,887075313;128,2;0,007800312
13/12/2021;1,1278;0,886682036;128,19;0,007800921
14/12/2021;1,1309;0,884251481;128,45;0,00778513
15/12/2021;1,1262;0,887941751;128,25;0,007797271
16/12/2021;1,1336;0,882145378;129,37;0,007729767
17/12/2021;1,133;0,882612533;128,28;0,007795447
20/12/2021;1,1273;0,887075313;127,98;0,007813721
21/12/2021;1,1295;0,885347499;128,44;0,007785737
22/12/2021;1,1301;0,884877444;129,08;0,007747134
23/12/2021;1,131;0,884173298;129,39;0,007728573
24/12/2021;1,1317;0,883626403;129,45;0,00772499
27/12/2021;1,1312;0,884016973;129,79;0,007704754
28/12/2021;1,1331;0,882534639;130,16;0,007682852
29/12/2021;1,1303;0,884720871;129,97;0,007694083
30/12/2021;1,1334;0,882301041;130,44;0,00766636
31/12/2021;1,1326;0,882924245;130,38;0,007669888
03/01/2022;1,1355;0,880669309;130,56;0,007659314
04/01/2022;1,1279;0,886603422;131,17;0,007623694
05/01/2022;1,1319;0,883470271;131,03;0,00763184
06/01/2022;1,1315;0,883782589;131,05;0,007630675
07/01/2022;1,1298;0,885112409;130,9;0,007639419
10/01/2022;1,1318;0,88354833;130,45;0,007665772
11/01/2022;1,1336;0,882145378;130,95;0,007636502
12/01/2022;1,137;0,879507476;131,19;0,007622532
13/01/2022;1,1463;0,872371979;130,98;0,007634753
14/01/2022;1,1447;0,873591334;130,17;0,007682262
17/01/2022;1,1403;0,876962203;130,64;0,007654623
18/01/2022;1,1367;0,879739597;130,39;0,0076693
19/01/2022;1,1345;0,881445571;129,86;0,007700601
20/01/2022;1,1338;0,881989769;129,53;0,007720219
21/01/2022;1,1348;0,881212548;129,14;0,007743534
24/01/2022;1,1304;0,884642604;128,62;0,007774841
25/01/2022;1,1268;0,887468939;128,49;0,007782707
26/01/2022;1,1277;0,886760663;128,86;0,00776036
27/01/2022;1,116;0,896057348;128,74;0,007767594
28/01/2022;1,1138;0,897827258;128,68;0,007771215
31/01/2022;1,1156;0,89637863;128,79;0,007764578
01/02/2022;1,126;0,888099467;129,12;0,007744734
02/02/2022;1,1323;0,883158174;129,37;0,007729767
03/02/2022;1,1286;0,886053518;129,63;0,007714264
04/02/2022;1,1464;0,872295883;131,72;0,007591862
07/02/2022;1,1447;0,873591334;131,59;0,007599362
08/02/2022;1,1408;0,87657784;131,68;0,007594168
09/02/2022;1,1435;0,874508089;132,04;0,007573463
10/02/2022;1,1439;0,87420229;132,42;0,007551729
11/02/2022;1,1417;0,875886835;132,24;0,007562008
14/02/2022;1,1316;0,883704489;130,6;0,007656968
15/02/2022;1,1345;0,881445571;131,18;0,007623113
16/02/2022;1,1372;0,879352796;131,56;0,007601095
17/02/2022;1,137;0,879507476;130,84;0,007642923
18/02/2022;1,1354;0,880746873;130,59;0,007657554
21/02/2022;1,1338;0,881989769;130,2;0,007680492
22/02/2022;1,1342;0,881678716;130,54;0,007660487
23/02/2022;1,1344;0,881523272;130,58;0,007658141
24/02/2022;1,1163;0,895816537;128,28;0,007795447
25/02/2022;1,1216;0,891583452;129,64;0,007713669
28/02/2022;1,1199;0,892936869;129,31;0,007733354
01/03/2022;1,1162;0,895896793;128,15;0,007803355
02/03/2022;1,1106;0,900414191;128,08;0,00780762
03/03/2022;1,1076;0,902853016;128,18;0,007801529
04/03/2022;1,0929;0,914996798;126,17;0,007925814
07/03/2022;1,0895;0,917852226;125,55;0,007964954
08/03/2022;1,0892;0,918105031;126,03;0,007934619
09/03/2022;1,0993;0,90966979;127,31;0,007854843
10/03/2022;1,1084;0,902201371;128,54;0,007779679
11/03/2022;1,099;0,909918107;128,46;0,007784524
14/03/2022;1,096;0,912408759;129,3;0,007733952
15/03/2022;1,0991;0,90983532;129,67;0,007711884
16/03/2022;1,0994;0,909587047;130,05;0,00768935
17/03/2022;1,1051;0,904895485;131,27;0,007617887
18/03/2022;1,1008;0,908430233;131,4;0,00761035
21/03/2022;1,1038;0,905961225;131,57;0,007600517
22/03/2022;1,1024;0,907111756;132,96;0,007521059
23/03/2022;1,0985;0,910332271;132,65;0,007538636
24/03/2022;1,0978;0,910912735;133,71;0,007478872
25/03/2022;1,1002;0,90892565;134,07;0,00745879
28/03/2022;1,0966;0,911909539;135,93;0,007356728
29/03/2022;1,1085;0,902119982;136,66;0,00731743
30/03/2022;1,1126;0,898795614;135,47;0,007381708
31/03/2022;1,1101;0,900819746;135,17;0,007398091
01/04/2022;1,1052;0,904813608;135,35;0,007388253
04/04/2022;1,1005;0,908677874;135,08;0,00740302
05/04/2022;1,0969;0,911660133;134,76;0,0074206
06/04/2022;1,0923;0,915499405;135,3;0,007390983
07/04/2022;1,0916;0,916086479;135,32;0,007389891
08/04/2022;1,0861;0,920725532;134,87;0,007414547
11/04/2022;1,09;0,917431193;137,01;0,007298737
12/04/2022;1,0861;0,920725532;136,29;0,007337295
13/04/2022;1,0826;0,923702198;136,26;0,007338911
14/04/2022;1,0878;0,919286634;136,32;0,007335681
19/04/2022;1,0803;0,925668796;138,4;0,007225434
20/04/2022;1,083;0,923361034;138,53;0,007218653
21/04/2022;1,0887;0,918526683;139,61;0,007162811
22/04/2022;1,0817;0,924470741;138,83;0,007203054
25/04/2022;1,0746;0,93057882;137,73;0,007260582
26/04/2022;1,0674;0,936855912;136,15;0,00734484
27/04/2022;1,0583;0,944911651;135,57;0,007376263
28/04/2022;1,0485;0,953743443;137,13;0,00729235
29/04/2022;1,054;0,948766603;137,01;0,007298737
02/05/2022;1,0524;0,950209046;136,63;0,007319037
03/05/2022;1,0556;0,947328534;137,06;0,007296075
04/05/2022;1,0531;0,949577438;136,84;0,007307805
05/05/2022;1,0568;0,946252839;137,18;0,007289692
06/05/2022;1,057;0,946073794;137,9;0,007251632
09/05/2022;1,0559;0,947059381;138,1;0,00724113
10/05/2022;1,0554;0,947508054;137,38;0,00727908
11/05/2022;1,0553;0,947597839;137,07;0,007295542
12/05/2022;1,0408;0,960799385;133,85;0,00747105
13/05/2022;1,0385;0,962927299;133,91;0,007467702
16/05/2022;1,0422;0,959508732;135,01;0,007406859
17/05/2022;1,0541;0,948676596;136,32;0,007335681
18/05/2022;1,0523;0,950299344;135,76;0,00736594
19/05/2022;1,0525;0,950118765;134,46;0,007437156
20/05/2022;1,0577;0,945447669;135,34;0,007388799
23/05/2022;1,0659;0,938174313;136,05;0,007350239
24/05/2022;1,072;0,932835821;136,49;0,007326544
25/05/2022;1,0656;0,938438438;135,34;0,007388799
26/05/2022;1,0697;0,934841544;135,95;0,007355645
27/05/2022;1,0722;0,932661817;136,05;0,007350239
30/05/2022;1,0764;0,929022668;137,25;0,007285974
31/05/2022;1,0713;0,933445347;137,36;0,00728014
01/06/2022;1,0712;0,933532487;138,68;0,007210845
02/06/2022;1,0692;0,935278713;138,72;0,007208766
03/06/2022;1,073;0,931966449;139,59;0,007163837
06/06/2022;1,0726;0,932314003;140,16;0,007134703
07/06/2022;1,0662;0,937910336;141,66;0,007059156
08/06/2022;1,0739;0,931185399;143,92;0,006948305
09/06/2022;1,0743;0,930838686;143,93;0,006947822
10/06/2022;1,0578;0,945358291;141,69;0,007057661
13/06/2022;1,0455;0,956480153;140,51;0,007116931
14/06/2022;1,0452;0,956754688;140,62;0,007111364
15/06/2022;1,0431;0,958680855;140,49;0,007117944
16/06/2022;1,04;0,961538462;138,24;0,007233796
17/06/2022;1,0486;0,953652489;141,21;0,007081651
20/06/2022;1,0517;0,950841495;141,94;0,00704523
21/06/2022;1,055;0,947867299;143,75;0,006956522
22/06/2022;1,0521;0,950479992;143,11;0,006987632
23/06/2022;1,0493;0,953016297;142,11;0,007036802
24/06/2022;1,0524;0,950209046;142,19;0,007032843
27/06/2022;1,0572;0,945894816;143,25;0,006980803
28/06/2022;1,0561;0,94688003;143,67;0,006960395
29/06/2022;1,0517;0,950841495;143,53;0,006967185
30/06/2022;1,0387;0,962741889;141,54;0,007065141
01/07/2022;1,0425;0,959232614;141,05;0,007089685
04/07/2022;1,0455;0,956480153;141,51;0,007066638
05/07/2022;1,029;0,971817298;139,77;0,007154611
06/07/2022;1,0177;0,982607841;137,71;0,007261637
07/07/2022;1,018;0,982318271;138,11;0,007240605
08/07/2022;1,0163;0,983961429;138,05;0,007243752
11/07/2022;1,0098;0,990295108;138,77;0,007206168
12/07/2022;1,0042;0,995817566;137,31;0,007282791
13/07/2022;1,0067;0,993344591;138,02;0,007245327
14/07/2022;1,0005;0,99950025;139,04;0,007192175
15/07/2022;1,0059;0,994134606;139,49;0,007168973
18/07/2022;1,0131;0,987069391;140,16;0,007134703
19/07/2022;1,0245;0,976085896;141,01;0,007091696
20/07/2022;1,0199;0,980488283;140,92;0,007096225
21/07/2022;1,0199;0,980488283;141,46;0,007069136
22/07/2022;1,019;0,981354269;139,51;0,007167945
25/07/2022;1,0236;0,976944119;139,84;0,00715103
26/07/2022;1,0124;0,987751877;138,35;0,007228045
27/07/2022;1,0152;0,985027581;138,89;0,007199942
28/07/2022;1,0122;0,987947046;137,26;0,007285444
29/07/2022;1,0198;0,980584428;136,42;0,007330303
01/08/2022;1,0233;0,977230529;135,38;0,007386615
02/08/2022;1,0224;0,978090767;133,9;0,00746826
03/08/2022;1,0194;0,980969198;136,18;0,007343222
04/08/2022;1,0181;0,982221786;135,81;0,007363228
05/08/2022;1,0233;0,977230529;136,22;0,007341066
08/08/2022;1,0199;0,980488283;137,62;0,007266386
09/08/2022;1,0234;0,97713504;138,26;0,00723275
10/08/2022;1,0252;0,97541943;138,16;0,007237985
11/08/2022;1,0338;0,967305088;136,57;0,007322252
12/08/2022;1,0285;0,972289742;137,47;0,007274314
15/08/2022;1,0195;0,980872977;135,61;0,007374087
16/08/2022;1,0131;0,987069391;136,11;0,007346999
17/08/2022;1,0164;0,98386462;137,36;0,00728014
18/08/2022;1,0178;0,982511299;137,17;0,007290224
19/08/2022;1,0054;0,994629003;137,67;0,007263747
22/08/2022;1,0001;0,99990001;137,08;0,00729501
23/08/2022;0,9927;1,007353682;136,34;0,007334605
24/08/2022;0,9934;1,006643849;135,74;0,007367025
25/08/2022;0,997;1,003009027;136,07;0,007349159
26/08/2022;1,0007;0,99930049;137,02;0,007298205
29/08/2022;0,9986;1,001401963;138,49;0,007220738
30/08/2022;1,0034;0,996611521;138,71;0,007209286
31/08/2022;1;1;138,72;0,007208766
01/09/2022;1,0004;0,99960016;139,34;0,00717669
02/09/2022;0,9993;1,00070049;140,36;0,007124537
05/09/2022;0,992;1,008064516;139,47;0,007170001
06/09/2022;0,9928;1,007252216;140,91;0,007096728
07/09/2022;0,9885;1,011633789;143,2;0,00698324
08/09/2022;1,0009;0,999100809;143,65;0,006961364
09/09/2022;1,0049;0,995123893;143,3;0,006978367
12/09/2022;1,0155;0,984736583;144,49;0,006920894
13/09/2022;1,0175;0,982800983;144,5;0,006920415
14/09/2022;0,999;1,001001001;143,08;0,006989097
15/09/2022;0,9992;1,000800641;143,43;0,006972042
16/09/2022;0,9954;1,004621258;142,53;0,007016067
19/09/2022;0,999;1,001001001;143,42;0,006972528
20/09/2022;0,9986;1,001401963;143,34;0,00697642
21/09/2022;0,9906;1,009489198;142,66;0,007009673
22/09/2022;0,9884;1,011736139;139,18;0,00718494
23/09/2022;0,9754;1,025220422;139,43;0,007172058
26/09/2022;0,9646;1,03669915;139,07;0,007190623
27/09/2022;0,9644;1,036914144;139,28;0,007179782
28/09/2022;0,9565;1,045478306;138,39;0,007225956
29/09/2022;0,9706;1,030290542;140,46;0,007119465
30/09/2022;0,9748;1,025851457;141,01;0,007091696
03/10/2022;0,9764;1,024170422;141,49;0,007067637
04/10/2022;0,9891;1,011020119;143,3;0,006978367
05/10/2022;0,9915;1,008572869;143,18;0,006984216
06/10/2022;0,986;1,014198783;142,68;0,007008691
07/10/2022;0,9797;1,020720629;141,92;0,007046223
10/10/2022;0,9697;1,031246777;141,16;0,00708416
11/10/2022;0,9723;1,028489149;141,54;0,007065141
12/10/2022;0,9706;1,030290542;142,34;0,007025432
13/10/2022;0,9739;1,026799466;142,94;0,006995942
14/10/2022;0,9717;1,029124215;143,63;0,006962334
17/10/2022;0,9739;1,026799466;145;0,006896552
18/10/2022;0,9835;1,016776817;146,65;0,006818957
19/10/2022;0,9778;1,022704029;146,34;0,006833402
20/10/2022;0,9811;1,019264091;146,99;0,006803184
21/10/2022;0,973;1,027749229;147,59;0,006775527
24/10/2022;0,9851;1,015125368;146,76;0,006813846
25/10/2022;0,9861;1,014095933;146,84;0,006810133
26/10/2022;1,0023;0,997705278;147,32;0,006787945
27/10/2022;1,0037;0,99631364;147,37;0,006785642
28/10/2022;0,9951;1,004924128;146,79;0,006812453
31/10/2022;0,9914;1,008674602;147,4;0,006784261
01/11/2022;0,9947;1,00532824;146,35;0,006832935
02/11/2022;0,9908;1,009285426;145,75;0,006861063
03/11/2022;0,9753;1,025325541;144,58;0,006916586
04/11/2022;0,9872;1,012965964;145,19;0,006887527
07/11/2022;0,9993;1,00070049;146,18;0,006840881
08/11/2022;0,9996;1,00040016;146,25;0,006837607
09/11/2022;1,0039;0,996115151;146,82;0,006811061
10/11/2022;0,9954;1,004621258;145,47;0,00687427
11/11/2022;1,0308;0,970120295;143,89;0,006949753
14/11/2022;1,0319;0,969086152;144,86;0,006903217
15/11/2022;1,0404;0,961168781;144,84;0,00690417
16/11/2022;1,0412;0,960430273;145,29;0,006882786
17/11/2022;1,0319;0,969086152;144,8;0,006906077
18/11/2022;1,0366;0,964692263;145,12;0,006890849
21/11/2022;1,0246;0,97599063;145,33;0,006880892
22/11/2022;1,0274;0,973330738;145,2;0,006887052
23/11/2022;1,0325;0,968523002;145,75;0,006861063
24/11/2022;1,0413;0,960338039;143,9;0,00694927
25/11/2022;1,0375;0,963855422;144,62;0,006914673
28/11/2022;1,0463;0,955748829;144,9;0,006901311
29/11/2022;1,0366;0,964692263;143,36;0,006975446
30/11/2022;1,0376;0,963762529;144,28;0,006930968
01/12/2022;1,0454;0,956571647;142,48;0,007018529
02/12/2022;1,0538;0,948946669;141,32;0,007076139
05/12/2022;1,0587;0,944554642;143,07;0,006989586
06/12/2022;1,0516;0,950931913;143,33;0,006976906
07/12/2022;1,0529;0,949757812;144,44;0,00692329
08/12/2022;1,0519;0,950660709;143,75;0,006956522
09/12/2022;1,0559;0,947059381;143,3;0,006978367
12/12/2022;1,0562;0,946790381;144,86;0,006903217
13/12/2022;1,0545;0,948316738;144,85;0,006903693
14/12/2022;1,0649;0,93905531;143,68;0,006959911
15/12/2022;1,0621;0,941530929;145,07;0,006893224
16/12/2022;1,0619;0,941708259;145,53;0,006871435
19/12/2022;1,0598;0,943574259;144,65;0,006913239
20/12/2022;1,0599;0,943485234;140,58;0,007113387
21/12/2022;1,0636;0,940203084;140,29;0,007128092
22/12/2022;1,0633;0,940468353;140,42;0,007121493
23/12/2022;1,0622;0,94144229;140,86;0,007099247
27/12/2022;1,0624;0,94126506;141,68;0,007058159
28/12/2022;1,064;0,939849624;142,21;0,007031854
29/12/2022;1,0649;0,93905531;142,24;0,007030371
30/12/2022;1,0666;0,937558597;140,66;0,007109342
02/01/2023;1,0683;0,936066648;139,62;0,007162298
03/01/2023;1,0545;0,948316738;137,93;0,007250054
04/01/2023;1,0599;0,943485234;138,74;0,007207727
05/01/2023;1,0601;0,943307235;140,95;0,007094714
06/01/2023;1,05;0,952380952;141,3;0,007077141
09/01/2023;1,0696;0,934928945;141,35;0,007074637
10/01/2023;1,0723;0,932574839;141,92;0,007046223
11/01/2023;1,0747;0,93049223;142,61;0,007012131
12/01/2023;1,0772;0,928332714;140,61;0,00711187
13/01/2023;1,0814;0,924727205;139,02;0,00719321
16/01/2023;1,0812;0,924898261;138,92;0,007198388
17/01/2023;1,0843;0,922253989;139,5;0,007168459
18/01/2023;1,0839;0,922594335;139,79;0,007153588
19/01/2023;1,0815;0,924641701;139,02;0,00719321
20/01/2023;1,0826;0,923702198;140,86;0,007099247
23/01/2023;1,0871;0,919878576;141,65;0,007059654
24/01/2023;1,0858;0,920979923;141,47;0,007068636
25/01/2023;1,0878;0,919286634;141,17;0,007083658
26/01/2023;1,0895;0,917852226;141,38;0,007073136
27/01/2023;1,0865;0,920386562;141,1;0,007087172
30/01/2023;1,0903;0,917178758;141,79;0,007052684
31/01/2023;1,0833;0,923105326;141,27;0,007078644
01/02/2023;1,0894;0,917936479;141,37;0,007073637
02/02/2023;1,0988;0,910083728;141,12;0,007086168
03/02/2023;1,0937;0,914327512;140,45;0,007119972
06/02/2023;1,0776;0,927988122;142,41;0,007021979
07/02/2023;1,07;0,934579439;141,3;0,007077141
08/02/2023;1,0735;0,931532371;140,81;0,007101768
09/02/2023;1,0771;0,928418903;140,8;0,007102273
10/02/2023;1,069;0,935453695;139,88;0,007148985
13/02/2023;1,0686;0,935803856;141,65;0,007059654
14/02/2023;1,0759;0,92945441;142,14;0,007035317
15/02/2023;1,07;0,934579439;143,05;0,006990563
16/02/2023;1,07;0,934579439;143,31;0,00697788
17/02/2023;1,0625;0,941176471;143,18;0,006984216
20/02/2023;1,0674;0,936855912;143,09;0,006988609
21/02/2023;1,0664;0,937734434;143,76;0,006956038
22/02/2023;1,0644;0,93949643;143,24;0,00698129
23/02/2023;1,0616;0,941974378;143,32;0,006977393
24/02/2023;1,057;0,946073794;143,55;0,006966214
27/02/2023;1,0554;0,947508054;143,88;0,006950236
28/02/2023;1,0619;0,941708259;145,23;0,00688563
01/03/2023;1,0684;0,935979034;144,82;0,006905124
02/03/2023;1,0605;0,942951438;145,07;0,006893224
03/03/2023;1,0615;0,942063118;144,55;0,006918021
06/03/2023;1,0646;0,939319932;144,64;0,006913717
07/03/2023;1,0665;0,937646507;145,21;0,006886578
08/03/2023;1,0545;0,948316738;144,7;0,00691085
09/03/2023;1,0554;0,947508054;143,82;0,006953136
10/03/2023;1,0586;0,944643869;144,7;0,00691085
13/03/2023;1,0706;0,93405567;141,96;0,007044238
14/03/2023;1,0737;0,931358853;144,09;0,006940107
15/03/2023;1,0549;0,947957152;139,51;0,007167945
16/03/2023;1,0595;0,943841435;140,18;0,007133685
17/03/2023;1,0623;0,941353667;140,57;0,007113893
20/03/2023;1,0717;0,933096949;140,77;0,007103786
21/03/2023;1,0776;0,927988122;142,63;0,007011148
22/03/2023;1,0785;0,927213723;143,13;0,006986655
23/03/2023;1,0879;0,919202133;142,87;0,00699937
24/03/2023;1,0745;0,930665426;139,85;0,007150518
27/03/2023;1,0773;0,928246542;141,64;0,007060152
28/03/2023;1,0841;0,922424131;141,69;0,007057661
29/03/2023;1,0847;0,921913893;143,58;0,006964758
30/03/2023;1,0886;0,91861106;144,42;0,006924249
31/03/2023;1,0875;0,91954023;144,83;0,006904647
03/04/2023;1,087;0,919963201;144,51;0,006919936
04/04/2023;1,0901;0,917347032;144,94;0,006899407
05/04/2023;1,094;0,914076782;143,74;0,006957006
06/04/2023;1,0915;0,916170408;143,49;0,006969127
11/04/2023;1,0905;0,917010546;145,28;0,00688326
12/04/2023;1,0922;0,915583227;146,09;0,006845095
13/04/2023;1,1015;0,907852928;146,81;0,006811525
14/04/2023;1,1057;0,90440445;146,6;0,006821282
17/04/2023;1,0981;0,910663874;146,97;0,00680411
18/04/2023;1,0972;0,911410864;146,89;0,006807815
19/04/2023;1,0933;0,914662032;147,24;0,006791633
20/04/2023;1,0944;0,91374269;147,46;0,0067815
21/04/2023;1,0978;0,910912735;146,92;0,006806425
24/04/2023;1,1002;0,90892565;148,17;0,006749005
25/04/2023;1,1022;0,907276356;147,91;0,006760868
26/04/2023;1,1039;0,905879156;147,67;0,006771856
27/04/2023;1,1042;0,905633037;147,16;0,006795325
28/04/2023;1,0981;0,910663874;149,35;0,006695681
02/05/2023;1,0965;0,911992704;150,7;0,0066357
03/05/2023;1,1043;0,905551028;149,66;0,006681812
04/05/2023;1,1074;0,903016074;148,92;0,006715015
05/05/2023;1,1014;0,907935355;147,8;0,0067659
08/05/2023;1,1037;0,906043309;149,15;0,00670466
09/05/2023;1,0959;0,912492016;147,97;0,006758127
10/05/2023;1,095;0,913242009;148,18;0,006748549
11/05/2023;1,093;0,914913083;146,54;0,006824075
12/05/2023;1,0892;0,918105031;147,02;0,006801796
15/05/2023;1,0876;0,919455682;148,15;0,006749916
16/05/2023;1,0881;0,919033177;147,89;0,006761782
17/05/2023;1,0829;0,923446302;148,31;0,006742634
18/05/2023;1,0813;0,924812725;149,08;0,006707808
19/05/2023;1,0808;0,925240563;149,55;0,006686727
22/05/2023;1,0822;0,924043615;149,64;0,006682705
23/05/2023;1,0779;0,927729845;149,2;0,006702413
24/05/2023;1,0785;0,927213723;149,3;0,006697924
25/05/2023;1,0735;0,931532371;149,63;0,006683152
26/05/2023;1,0751;0,930146033;150,24;0,006656017
29/05/2023;1,0715;0,933271115;150,29;0,006653803
30/05/2023;1,0744;0,930752048;150,01;0,006666222
31/05/2023;1,0683;0,936066648;149,13;0,006705559
01/06/2023;1,0697;0,934841544;149,25;0,006700168
02/06/2023;1,0763;0,929108984;149,46;0,006690753
05/06/2023;1,069;0,935453695;149,96;0,006668445
06/06/2023;1,0683;0,936066648;149,09;0,006707358
07/06/2023;1,0717;0,933096949;149,42;0,006692545
08/06/2023;1,0737;0,931358853;149,98;0,006667556
09/06/2023;1,078;0,927643785;150,24;0,006656017
12/06/2023;1,0765;0,928936368;150,03;0,006665334
13/06/2023;1,0793;0,926526452;150,62;0,006639225
14/06/2023;1,0809;0,925154963;151,21;0,006613319
15/06/2023;1,0819;0,924299843;152,86;0,006541934
16/06/2023;1,0966;0,911909539;154,65;0,006466214
19/06/2023;1,0922;0,915583227;154,94;0,006454111
20/06/2023;1,0933;0,914662032;154,51;0,006472073
21/06/2023;1,0923;0,915499405;154,89;0,006456195
22/06/2023;1,0985;0,910332271;156,05;0,006408202
23/06/2023;1,0884;0,91877986;155,84;0,006416838
26/06/2023;1,0918;0,915918666;156,41;0,006393453
27/06/2023;1,0951;0,913158616;157,14;0,006363752
28/06/2023;1,0938;0,91424392;157,82;0,006336333
29/06/2023;1,0938;0,91424392;157,74;0,006339546
30/06/2023;1,0866;0,920301859;157,16;0,006362942
03/07/2023;1,0899;0,917515368;157,81;0,006336734
04/07/2023;1,0895;0,917852226;157,34;0,006355663
05/07/2023;1,0879;0,919202133;157,26;0,006358896
06/07/2023;1,0899;0,917515368;156,57;0,00638692
07/07/2023;1,0888;0,918442322;156,01;0,006409846
10/07/2023;1,0956;0,912741877;155,73;0,00642137
11/07/2023;1,0989;0,91000091;154,27;0,006482142
12/07/2023;1,1022;0,907276356;153,84;0,00650026
13/07/2023;1,1182;0,894294402;154,84;0,00645828
14/07/2023;1,1221;0,891186169;155,51;0,006430455
17/07/2023;1,123;0,89047195;155,38;0,006435835
18/07/2023;1,1255;0,888494003;155,4;0,006435006
19/07/2023;1,1222;0,891106755;156,76;0,006379178
20/07/2023;1,1197;0,893096365;156,35;0,006395907
21/07/2023;1,1123;0,899038029;157,63;0,00634397
24/07/2023;1,1096;0,901225667;156,47;0,006391001
25/07/2023;1,1051;0,904895485;156,18;0,006402868
26/07/2023;1,1059;0,90424089;155,3;0,00643915
27/07/2023;1,1125;0,898876404;155,95;0,006412312
28/07/2023;1,101;0,908265213;153,35;0,00652103
31/07/2023;1,1023;0,907194049;156,73;0,006380399
01/08/2023;1,097;0,911577028;156,85;0,006375518
02/08/2023;1,0985;0,910332271;156,88;0,006374299
03/08/2023;1,0932;0,914745701;156,24;0,00640041
04/08/2023;1,0946;0,913575735;156,11;0,00640574
07/08/2023;1,0984;0,910415149;156,21;0,006401639
08/08/2023;1,0944;0,91374269;156,55;0,006387736
09/08/2023;1,0968;0,911743253;157,35;0,006355259
10/08/2023;1,1019;0,907523369;158,43;0,006311936
11/08/2023;1,1004;0,908760451;158,97;0,006290495
14/08/2023;1,093;0,914913083;158,68;0,006301991
15/08/2023;1,0926;0,915248032;159,04;0,006287726
16/08/2023;1,0916;0,916086479;159,07;0,006286541
17/08/2023;1,09;0,917431193;158,88;0,006294058
18/08/2023;1,0867;0,920217171;158,11;0,006324711
21/08/2023;1,0908;0,916758343;159,15;0,00628338
22/08/2023;1,0887;0,918526683;158,7;0,006301197
23/08/2023;1,0805;0,925497455;157,28;0,006358087
24/08/2023;1,084;0,922509225;157,96;0,006330717
25/08/2023;1,0808;0,925240563;157,75;0,006339144
28/08/2023;1,0808;0,925240563;158,35;0,006315125
29/08/2023;1,0803;0,925668796;158,93;0,006292078
30/08/2023;1,0886;0,91861106;159,15;0,00628338
31/08/2023;1,0868;0,920132499;158,49;0,006309546
01/09/2023;1,0844;0,922168941;157,47;0,006350416
04/09/2023;1,0801;0,9258402;158,11;0,006324711
05/09/2023;1,0731;0,931879601;158,2;0,006321113
06/09/2023;1,0745;0,930665426;158,18;0,006321912
07/09/2023;1,071;0,933706816;157,7;0,006341154
08/09/2023;1,0704;0,934230194;157,84;0,00633553
11/09/2023;1,0724;0,932487878;157,16;0,006362942
12/09/2023;1,0713;0,933445347;157,42;0,006352433
13/09/2023;1,0733;0,931705954;158,28;0,006317918
14/09/2023;1,073;0,931966449;158,13;0,006323911
15/09/2023;1,0658;0,938262338;157,5;0,006349206
18/09/2023;1,0663;0,937822376;157,44;0,006351626
19/09/2023;1,0713;0,933445347;158,2;0,006321113
20/09/2023;1,0702;0,934404784;158,28;0,006317918
21/09/2023;1,0635;0,94029149;157,34;0,006355663
22/09/2023;1,0647;0,939231708;157,87;0,006334326
25/09/2023;1,0633;0,940468353;158,08;0,006325911
26/09/2023;1,0605;0,942951438;157,87;0,006334326
27/09/2023;1,0536;0,949126803;157,2;0,006361323
28/09/2023;1,0539;0,948856628;157,33;0,006356067
29/09/2023;1,0594;0,943930527;158,1;0,006325111
02/10/2023;1,053;0,949667616;157,67;0,006342361
03/10/2023;1,0469;0,95520107;157,01;0,006369021
04/10/2023;1,0497;0,952653139;156,48;0,006390593
05/10/2023;1,0526;0,950028501;156,71;0,006381214
06/10/2023;1,0563;0,946700748;157,47;0,006350416
09/10/2023;1,0531;0,949577438;157,06;0,006366994
10/10/2023;1,0582;0,945000945;157,71;0,006340752
11/10/2023;1,0604;0,943040362;157,87;0,006334326
12/10/2023;1,0619;0,941708259;158,35;0,006315125
13/10/2023;1,0524;0,950209046;157,44;0,006351626
16/10/2023;1,0538;0,948946669;157,54;0,006347594
17/10/2023;1,0569;0,946163308;158,03;0,006327912
18/10/2023;1,0565;0,946521533;158,1;0,006325111
19/10/2023;1,0558;0,947149081;158,21;0,006320713
20/10/2023;1,0591;0,944197904;158,8;0,006297229
23/10/2023;1,0597;0,943663301;158,91;0,00629287
24/10/2023;1,0632;0,94055681;159,26;0,006279041
25/10/2023;1,0576;0,945537065;158,55;0,006307159
26/10/2023;1,054;0,948766603;158,48;0,006309944
27/10/2023;1,0541;0,948676596;158,08;0,006325911
30/10/2023;1,0605;0,942951438;158,8;0,006297229
31/10/2023;1,0619;0,941708259;160,3;0,006238303
01/11/2023;1,0537;0,949036728;159,33;0,006276282
02/11/2023;1,0661;0,937998312;159,89;0,0062543
03/11/2023;1,0702;0,934404784;159,87;0,006255082
06/11/2023;1,0741;0,93101201;160,87;0,006216199
07/11/2023;1,0686;0,935803856;160,77;0,006220066
08/11/2023;1,0671;0,937119295;160,97;0,006212338
09/11/2023;1,0691;0,935366196;161,57;0,006189268
10/11/2023;1,0683;0,936066648;161,77;0,006181616
13/11/2023;1,067;0,937207123;161,96;0,006174364
14/11/2023;1,0724;0,932487878;162,67;0,006147415
15/11/2023;1,0868;0,920132499;163,39;0,006120326
16/11/2023;1,0849;0,92174394;164,05;0,006095703
17/11/2023;1,0872;0,919793966;162,29;0,006161809
20/11/2023;1,0928;0,915080527;162,12;0,00616827
21/11/2023;1,0955;0,912825194;161,61;0,006187736
22/11/2023;1,0911;0,916506278;162,25;0,006163328
23/11/2023;1,09;0,917431193;162,98;0,006135722
24/11/2023;1,0916;0,916086479;163,3;0,006123699
27/11/2023;1,0951;0,913158616;162,86;0,006140243
28/11/2023;1,0949;0,913325418;162,74;0,006144771
29/11/2023;1,0985;0,910332271;162,12;0,00616827
30/11/2023;1,0931;0,914829384;161,19;0,006203859
01/12/2023;1,0875;0,91954023;161,14;0,006205784
04/12/2023;1,0868;0,920132499;159,47;0,006270772
05/12/2023;1,0817;0,924470741;159,13;0,00628417
06/12/2023;1,0778;0,927815921;158,7;0,006301197
07/12/2023;1,0771;0,928418903;156,18;0,006402868
08/12/2023;1,0777;0,927902014;155,53;0,006429628
11/12/2023;1,0757;0,929627219;157,54;0,006347594
12/12/2023;1,0804;0,925583117;156,84;0,006375925
13/12/2023;1,0787;0,92704181;157,13;0,006364157
14/12/2023;1,0919;0,915834783;154,8;0,006459948
15/12/2023;1,0946;0,913575735;155,15;0,006445375
18/12/2023;1,0918;0,915918666;155,95;0,006412312
19/12/2023;1,0962;0,912242292;158,2;0,006321113
20/12/2023;1,0944;0,91374269;157,12;0,006364562
21/12/2023;1,0983;0,910498042;156,79;0,006377958
22/12/2023;1,1023;0,907194049;156,66;0,00638325
27/12/2023;1,1065;0,903750565;157,81;0,006336734
28/12/2023;1,1114;0,899766061;156,57;0,00638692
29/12/2023;1,105;0,904977376;156,33;0,006396725
02/01/2024;1,0956;0,912741877;155,68;0,006423433
03/01/2024;1,0919;0,915834783;156,16;0,006403689
04/01/2024;1,0953;0,912991874;157,91;0,006332721
05/01/2024;1,0921;0,915667063;158,57;0,006306363
08/01/2024;1,0946;0,913575735;158,19;0,006321512
09/01/2024;1,094;0,914076782;157,63;0,00634397
10/01/2024;1,0946;0,913575735;159,03;0,006288122
11/01/2024;1,0987;0,91016656;159,71;0,006261349
12/01/2024;1,0942;0,913909706;159,17;0,006282591
15/01/2024;1,0945;0,913659205;159,67;0,006262917
16/01/2024;1,0882;0,918948723;159,64;0,006264094
17/01/2024;1,0877;0,91937115;160,65;0,006224712
18/01/2024;1,0875;0,91954023;160,89;0,006215427
19/01/2024;1,0887;0,918526683;161,17;0,006204629
22/01/2024;1,089;0,918273646;160,95;0,00621311
23/01/2024;1,0872;0,919793966;160,88;0,006215813
24/01/2024;1,0905;0,917010546;160,46;0,006232083
25/01/2024;1,0893;0,918020747;160,81;0,006218519
26/01/2024;1,0871;0,919878576;160,62;0,006225875
29/01/2024;1,0823;0,923958237;160,13;0,006244926
30/01/2024;1,0846;0,921998894;159,97;0,006251172
31/01/2024;1,0837;0,922764603;160,19;0,006242587
01/02/2024;1,0814;0,924727205;158,96;0,006290891
02/02/2024;1,0883;0,918864284;159,58;0,006266449
05/02/2024;1,0746;0,93057882;159,72;0,006260957
06/02/2024;1,0743;0,930838686;159,56;0,006267235
07/02/2024;1,0776;0,927988122;159,71;0,006261349
08/02/2024;1,0758;0,929540807;160,55;0,006228589
09/02/2024;1,0772;0,928332714;161;0,00621118
12/02/2024;1,0773;0,928246542;160,51;0,006230141
13/02/2024;1,0793;0,926526452;161,17;0,006204629
14/02/2024;1,0713;0,933445347;161,28;0,006200397
15/02/2024;1,0743;0,930838686;161,26;0,006201166
16/02/2024;1,0768;0,928677563;161,88;0,006177415
19/02/2024;1,0776;0,927988122;161,59;0,006188502
20/02/2024;1,0802;0,92575449;162,18;0,006165988
21/02/2024;1,0809;0,925154963;162,12;0,00616827
22/02/2024;1,0844;0,922168941;163,12;0,006130456
23/02/2024;1,0834;0,923020122;162,91;0,006138359
26/02/2024;1,0852;0,921489126;163,38;0,0061207
27/02/2024;1,0856;0,921149595;163,04;0,006133464
28/02/2024;1,0808;0,925240563;162,87;0,006139866
29/02/2024;1,0826;0,923702198;162,53;0,00615271
01/03/2024;1,0813;0,924812725;162,82;0,006141752
04/03/2024;1,0846;0,921998894;163,22;0,0061267
05/03/2024;1,0849;0,92174394;163,01;0,006134593
06/03/2024;1,0874;0,919624793;162,67;0,006147415
07/03/2024;1,0895;0,917852226;161,09;0,00620771
08/03/2024;1,0932;0,914745701;160,99;0,006211566
11/03/2024;1,0926;0,915248032;160,43;0,006233248
12/03/2024;1,0916;0,916086479;161,39;0,006196171
13/03/2024;1,0939;0,914160344;161,83;0,006179324
14/03/2024;1,0925;0,915331808;161,7;0,006184292
15/03/2024;1,0892;0,918105031;162,03;0,006171697
18/03/2024;1,0892;0,918105031;162,51;0,006153467
19/03/2024;1,0854;0,921319329;163,37;0,006121075
20/03/2024;1,0844;0,922168941;164,54;0,00607755
21/03/2024;1,0907;0,916842395;164,96;0,006062076
22/03/2024;1,0823;0,923958237;163,74;0,006107243
25/03/2024;1,0835;0,922934933;163,78;0,006105752
26/03/2024;1,0855;0,921234454;164,4;0,006082725
27/03/2024;1,0816;0,924556213;163,52;0,00611546
28/03/2024;1,0811;0,924983813;163,45;0,006118079
02/04/2024;1,0749;0,930319099;163,01;0,006134593
03/04/2024;1,0783;0,9273857;163,66;0,006110229
04/04/2024;1,0852;0,921489126;164,69;0,006072014
05/04/2024;1,0841;0,922424131;164,1;0,006093845
08/04/2024;1,0823;0,923958237;164,43;0,006081615
09/04/2024;1,0867;0,920217171;164,97;0,006061708
10/04/2024;1,086;0,920810313;164,89;0,006064649
11/04/2024;1,0729;0,932053313;164,18;0,006090876
12/04/2024;1,0652;0,938790837;163,16;0,006128953
15/04/2024;1,0656;0,938438438;164,05;0,006095703
16/04/2024;1,0637;0,940114694;164,54;0,00607755
17/04/2024;1,0638;0,940026321;164,54;0,00607755
18/04/2024;1,0679;0,936417268;164,82;0,006067225
19/04/2024;1,0653;0,938702713;164,68;0,006072383
22/04/2024;1,0632;0,94055681;164,51;0,006078658
23/04/2024;1,0674;0,936855912;165,23;0,00605217
24/04/2024;1,0686;0,935803856;165,57;0,006039741
25/04/2024;1,072;0,932835821;166,76;0,005996642
26/04/2024;1,0714;0,933358223;168,03;0,005951318
29/04/2024;1,072;0,932835821;167,53;0,00596908
30/04/2024;1,0718;0,93300989;168,27;0,00594283
02/05/2024;1,0698;0,93475416;165,63;0,006037554
03/05/2024;1,0744;0,930752048;164,62;0,006074596
06/05/2024;1,0776;0,927988122;165,7;0,006035003
07/05/2024;1,0766;0,928850084;166,45;0,00600781
08/05/2024;1,0743;0,930838686;167,15;0,00598265
09/05/2024;1,0732;0,931792769;167,32;0,005976572
10/05/2024;1,0779;0,927729845;167,87;0,005956991
13/05/2024;1,0795;0,926354794;168,25;0,005943536
14/05/2024;1,0796;0,926268989;168,89;0,005921014
15/05/2024;1,0832;0,923190547;168,43;0,005937185
16/05/2024;1,0866;0,920301859;168,33;0,005940712
17/05/2024;1,0844;0,922168941;168,96;0,005918561
20/05/2024;1,0861;0,920725532;169,25;0,005908419
21/05/2024;1,0864;0,920471281;169,86;0,005887201
22/05/2024;1,083;0,923361034;169,54;0,005898313
23/05/2024;1,0854;0,921319329;169,9;0,005885815
24/05/2024;1,084;0,922509225;170,28;0,00587268
27/05/2024;1,0843;0,922253989;170,07;0,005879932
28/05/2024;1,0882;0,918948723;170,54;0,005863727
29/05/2024;1,0857;0,921064751;170,74;0,005856858
30/05/2024;1,0815;0,924641701;169,5;0,005899705
31/05/2024;1,0852;0,921489126;170,52;0,005864415
03/06/2024;1,0842;0,922339052;170,09;0,00587924
04/06/2024;1,0865;0,920386562;168,29;0,005942124
05/06/2024;1,0872;0,919793966;169,72;0,005892058
06/06/2024;1,0865;0,920386562;169,74;0,005891363
07/06/2024;1,0898;0,91759956;169,52;0,005899009
10/06/2024;1,0756;0,929713648;168,74;0,005926277
11/06/2024;1,073;0,931966449;168,46;0,005936127
12/06/2024;1,0765;0,928936368;169,35;0,005904931
13/06/2024;1,0784;0,927299703;169,58;0,005896922
14/06/2024;1,0686;0,935803856;167,8;0,005959476
17/06/2024;1,0712;0,933532487;169,11;0,005913311
18/06/2024;1,0715;0,933271115;169,41;0,005902839
19/06/2024;1,0749;0,930319099;169,78;0,005889975
20/06/2024;1,0719;0,932922847;169,82;0,005888588
21/06/2024;1,0688;0,935628743;169,82;0,005888588
24/06/2024;1,073;0,931966449;171,17;0,005842145
25/06/2024;1,0714;0,933358223;170,84;0,00585343
26/06/2024;1,0689;0,935541211;171,42;0,005833625
27/06/2024;1,0696;0,934928945;171,66;0,005825469
28/06/2024;1,0705;0,934142924;171,94;0,005815982
01/07/2024;1,0745;0,930665426;173,15;0,005775339
02/07/2024;1,0729;0,932053313;173,31;0,005770008
03/07/2024;1,0758;0,929540807;174,18;0,005741187
04/07/2024;1,08;0,925925926;173,84;0,005752416
05/07/2024;1,0824;0,923872875;174,06;0,005745145
08/07/2024;1,0835;0,922934933;174,37;0,005734931
09/07/2024;1,0814;0,924727205;174,2;0,005740528
10/07/2024;1,0825;0,923787529;174,79;0,005721151
11/07/2024;1,0855;0,921234454;175,39;0,005701579
12/07/2024;1,089;0,918273646;172,87;0,005784694
15/07/2024;1,0907;0,916842395;172,34;0,005802483
16/07/2024;1,0902;0,917262888;172,65;0,005792065
17/07/2024;1,0934;0,914578379;171,21;0,00584078
18/07/2024;1,093;0,914913083;171,02;0,005847269
19/07/2024;1,089;0,918273646;171,61;0,005827166
22/07/2024;1,0888;0,918442322;170,8;0,005854801
23/07/2024;1,086;0,920810313;169,64;0,005894836
24/07/2024;1,0848;0,921828909;167,23;0,005979788
25/07/2024;1,0851;0,921574048;165,62;0,006037918
26/07/2024;1,086;0,920810313;167,84;0,005958055
29/07/2024;1,0817;0,924470741;166,44;0,006008171
30/07/2024;1,0824;0,923872875;167,61;0,005966231
31/07/2024;1,0828;0,923531585;162,76;0,006144016
01/08/2024;1,0789;0,92686996;162,66;0,006147793
02/08/2024;1,0835;0,922934933;161,37;0,006196939
05/08/2024;1,0966;0,911909539;155,98;0,006411078
06/08/2024;1,0915;0,916170408;158,29;0,006317518
07/08/2024;1,0922;0,915583227;160,62;0,006225875
08/08/2024;1,093;0,914913083;159,74;0,006260173
09/08/2024;1,0917;0,916002565;160,33;0,006237136
12/08/2024;1,0925;0,915331808;161,25;0,00620155
13/08/2024;1,0931;0,914829384;161,17;0,006204629
14/08/2024;1,1019;0,907523369;161,98;0,006173602
15/08/2024;1,1011;0,908182726;162,14;0,00616751
16/08/2024;1,0994;0,909587047;162,72;0,006145526
19/08/2024;1,1041;0,905715062;161,22;0,006202704
20/08/2024;1,1084;0,902201371;162,18;0,006165988
21/08/2024;1,1116;0,899604174;162,26;0,006162948
22/08/2024;1,1135;0,898069151;162,64;0,006148549
23/08/2024;1,1121;0,899199712;162,37;0,006158773
26/08/2024;1,1163;0,895816537;160,94;0,006213496
27/08/2024;1,1162;0,895896793;161,24;0,006201935
28/08/2024;1,1117;0,899523253;160,57;0,006227813
29/08/2024;1,1088;0,901875902;160,36;0,006235969
30/08/2024;1,1087;0,901957247;161,19;0,006203859
02/09/2024;1,1061;0,904077389;162,56;0,006151575
03/09/2024;1,1035;0,906207522;161,26;0,006201166
04/09/2024;1,105;0,904977376;160,26;0,00623986
05/09/2024;1,1097;0,901144453;159,2;0,006281407
06/09/2024;1,1103;0,90065748;158,93;0,006292078
09/09/2024;1,1043;0,905551028;158,53;0,006307954
10/09/2024;1,1031;0,906536125;157,81;0,006336734
11/09/2024;1,1043;0,905551028;156,6;0,006385696
12/09/2024;1,1016;0,907770516;157,02;0,006368615
13/09/2024;1,1081;0,902445628;156,17;0,006403278
16/09/2024;1,1126;0,898795614;155,66;0,006424258
17/09/2024;1,1139;0,897746656;156,71;0,006381214
18/09/2024;1,1124;0,89895721;157,94;0,006331518
19/09/2024;1,1156;0,89637863;159,53;0,006268413
20/09/2024;1,1166;0,895575855;161,08;0,006208095
23/09/2024;1,1119;0,899361453;159,58;0,006266449
24/09/2024;1,1133;0,898230486;160,14;0,006244536
25/09/2024;1,1194;0,893335716;161,49;0,006192334
26/09/2024;1,1155;0,896458987;160,78;0,006219679
27/09/2024;1,1158;0,89621796;159,63;0,006264487
30/09/2024;1,1196;0,893176134;159,82;0,006257039
01/10/2024;1,1086;0,902038607;159,37;0,006274707
02/10/2024;1,1071;0,903260771;160,26;0,00623986
03/10/2024;1,1039;0,905879156;161,98;0,006173602
04/10/2024;1,1029;0,906700517;161,69;0,006184674
07/10/2024;1,0982;0,910580951;162,63;0,006148927
08/10/2024;1,0982;0,910580951;162,49;0,006154225
09/10/2024;1,0957;0,912658574;162,97;0,006136099
10/10/2024;1,0932;0,914745701;162,85;0,00614062
11/10/2024;1,0938;0,91424392;162,94;0,006137228
14/10/2024;1,0915;0,916170408;163,39;0,006120326
15/10/2024;1,0903;0,917178758;162,85;0,00614062
16/10/2024;1,0897;0,917683766;162,57;0,006151196
17/10/2024;1,0866;0,920301859;162,5;0,006153846
18/10/2024;1,0847;0,921913893;162,75;0,006144393
21/10/2024;1,0853;0,92140422;162,79;0,006142883
22/10/2024;1,0821;0,924129008;163,22;0,0061267
23/10/2024;1,0767;0,928763815;164,66;0,00607312
24/10/2024;1,0801;0,9258402;164,12;0,006093103
25/10/2024;1,0825;0,923787529;164,45;0,006080876
28/10/2024;1,0818;0,924385284;165,18;0,006054002
29/10/2024;1,0774;0,928160386;165,66;0,00603646
30/10/2024;1,0815;0,924641701;165,91;0,006027364
31/10/2024;1,0882;0,918948723;166,3;0,006013229
01/11/2024;1,0885;0,918695452;165,54;0,006040836
04/11/2024;1,0904;0,917094644;165,47;0,006043392
05/11/2024;1,0897;0,917683766;165,93;0,006026638
06/11/2024;1,0695;0,935016363;165,05;0,00605877
07/11/2024;1,0785;0,927213723;165,71;0,006034639
08/11/2024;1,0772;0,928332714;164,18;0,006090876
11/11/2024;1,0651;0,938878978;163,82;0,006104261
12/11/2024;1,0617;0,941885655;163,71;0,006108362
13/11/2024;1,0629;0,940822279;164,71;0,006071277
14/11/2024;1,0533;0,949397133;164,24;0,006088651
15/11/2024;1,0583;0,944911651;164,36;0,006084205
18/11/2024;1,0552;0,947687642;163,74;0,006107243
19/11/2024;1,0578;0,945358291;162,71;0,006145904
20/11/2024;1,0562;0,946790381;164,42;0,006081985
21/11/2024;1,0526;0,950028501;162,53;0,00615271
22/11/2024;1,0412;0,960430273;160,84;0,006217359
25/11/2024;1,0495;0,952834683;161,64;0,006186587
26/11/2024;1,0522;0,95038966;161,13;0,006206169
27/11/2024;1,0531;0,949577438;159,65;0,006263702
28/11/2024;1,0542;0,948586606;159,89;0,0062543
29/11/2024;1,0562;0,946790381;158,64;0,00630358
02/12/2024;1,0507;0,951746455;157,74;0,006339546
03/12/2024;1,0512;0,95129376;157,3;0,006357279
04/12/2024;1,0492;0,953107129;158,59;0,006305568
05/12/2024;1,054;0,948766603;158,52;0,006308352
06/12/2024;1,0581;0,945090256;159,25;0,006279435
09/12/2024;1,0568;0,946252839;159,4;0,006273526
10/12/2024;1,0527;0,949938254;159,74;0,006260173
11/12/2024;1,0507;0,951746455;160,35;0,006236358
12/12/2024;1,0491;0,953197979;159,6;0,006265664
13/12/2024;1,0518;0,950751093;161,45;0,006193868
16/12/2024;1,0498;0,952562393;161,73;0,006183145
17/12/2024;1,0497;0,952653139;161,63;0,00618697
18/12/2024;1,0496;0,952743902;161,52;0,006191184
19/12/2024;1,0395;0,962000962;163,07;0,006132336
20/12/2024;1,039;0,962463908;162,89;0,006139112
23/12/2024;1,0393;0,962186087;163,36;0,00612145
24/12/2024;1,0395;0,962000962;163,25;0,006125574
27/12/2024;1,0435;0,958313368;164,65;0,006073489
30/12/2024;1,0444;0,957487553;164,57;0,006076442
31/12/2024;1,0389;0,96255655;163,06;0,006132712
02/01/2025;1,0321;0,968898363;162,04;0,006171316
03/01/2025;1,0299;0,970968055;161,77;0,006181616
06/01/2025;1,0426;0,95914061;163,25;0,006125574
07/01/2025;1,0393;0,962186087;163,86;0,006102771
08/01/2025;1,0286;0,972195217;162,94;0,006137228
09/01/2025;1,0305;0,970402717;162,56;0,006151575
10/01/2025;1,0304;0,970496894;162,86;0,006140243
13/01/2025;1,0198;0,980584428;160,22;0,006241418
14/01/2025;1,0245;0,976085896;161,63;0,00618697
15/01/2025;1,03;0,970873786;161,75;0,00618238
16/01/2025;1,0272;0,973520249;160,46;0,006232083
17/01/2025;1,0298;0,971062342;160,23;0,006241029
20/01/2025;1,0316;0,969367972;161,36;0,006197323
21/01/2025;1,0357;0,965530559;161,26;0,006201166
22/01/2025;1,0443;0,95757924;162,72;0,006145526
23/01/2025;1,0404;0,961168781;162,58;0,006150818
24/01/2025;1,0472;0,954927426;163,9;0,006101281
27/01/2025;1,053;0,949667616;162,21;0,006164848
28/01/2025;1,0421;0,959600806;161,86;0,006178179
29/01/2025;1,0396;0,961908426;161,5;0,00619195
30/01/2025;1,0403;0,961261175;160,32;0,006237525
31/01/2025;1,0393;0,962186087;160,99;0,006211566
03/02/2025;1,0274;0,973330738;158,87;0,006294455
04/02/2025;1,0335;0,967585873;160,52;0,006229753
05/02/2025;1,0422;0,959508732;159,25;0,006279435
06/02/2025;1,036;0,965250965;157,95;0,006331117
07/02/2025;1,0377;0,963669654;157,77;0,006338341
10/02/2025;1,032;0,968992248;156,92;0,006372674
11/02/2025;1,0324;0,968616815;157,28;0,006358087
12/02/2025;1,037;0,964320154;159,22;0,006280618
13/02/2025;1,039;0,962463908;159,79;0,006258214
14/02/2025;1,0478;0,954380607;160,09;0,006246486
17/02/2025;1,0473;0,954836246;158,67;0,006302389
18/02/2025;1,0447;0,957212597;158,55;0,006307159
19/02/2025;1,0434;0,958405214;158,41;0,006312733
20/02/2025;1,0443;0,95757924;156,6;0,006385696
21/02/2025;1,0465;0,955566173;157,46;0,006350819
24/02/2025;1,0466;0,955474871;156,81;0,006377144
25/02/2025;1,0497;0,952653139;157,19;0,006361728
26/02/2025;1,0487;0,953561552;156,7;0,006381621
27/02/2025;1,0477;0,9544717;156,73;0,006380399
28/02/2025;1,0411;0,960522524;156,96;0,00637105
03/03/2025;1,0465;0,955566173;158,33;0,006315922
04/03/2025;1,0557;0,947238799;156,5;0,006389776
05/03/2025;1,0694;0,935103797;160,09;0,006246486
06/03/2025;1,0796;0,926268989;159,24;0,006279829
07/03/2025;1,0857;0,921064751;160,35;0,006236358
10/03/2025;1,0845;0,92208391;159,39;0,006273919
11/03/2025;1,0912;0,916422287;161,52;0,006191184
12/03/2025;1,0886;0,91861106;162,23;0,006164088
13/03/2025;1,083;0,923361034;160,64;0,0062251
14/03/2025;1,0889;0,918357976;161,88;0,006177415
17/03/2025;1,0903;0,917178758;162,26;0,006162948
18/03/2025;1,0918;0,915918666;163,5;0,006116208
19/03/2025;1,0897;0,917683766;163,27;0,006124824
20/03/2025;1,0833;0,923105326;160,85;0,006216972
21/03/2025;1,0827;0,923616884;160,99;0,006211566
24/03/2025;1,0824;0,923872875;162,15;0,006167129
25/03/2025;1,0825;0,923787529;162,32;0,00616067
26/03/2025;1,0788;0,926955877;162,2;0,006165228
27/03/2025;1,0785;0,927213723;162,55;0,006151953
28/03/2025;1,0797;0,926183199;162,64;0,006148549
31/03/2025;1,0815;0,924641701;161,6;0,006188119
01/04/2025;1,0788;0,926955877;160,93;0,006213882
02/04/2025;1,0803;0,925668796;161,22;0,006202704
03/04/2025;1,1097;0,901144453;162,17;0,006166369
04/04/2025;1,1057;0,90440445;160,56;0,006228201
07/04/2025;1,0967;0,911826388;160,58;0,006227426
08/04/2025;1,095;0,913242009;160,65;0,006224712
09/04/2025;1,1045;0,905387053;159,61;0,006265272
10/04/2025;1,1082;0,902364194;161,28;0,006200397
11/04/2025;1,1346;0,881367883;162,07;0,006170173
14/04/2025;1,1377;0,878966336;162,97;0,006136099
15/04/2025;1,1324;0,883080184;161,85;0,00617856
16/04/2025;1,1355;0,880669309;162,09;0,006169412
17/04/2025;1,136;0,88028169;161,98;0,006173602
22/04/2025;1,1476;0,871383757;161,05;0,006209252
23/04/2025;1,1415;0,876040298;161,68;0,006185057
24/04/2025;1,1376;0,879043601;162,16;0,006166749
25/04/2025;1,1357;0,88051422;162,8;0,006142506
28/04/2025;1,1358;0,880436697;162,8;0,006142506
29/04/2025;1,1373;0,879275477;162,28;0,006162189
30/04/2025;1,1373;0,879275477;162,68;0,006147037
02/05/2025;1,1343;0,881600987;163,93;0,006100165
05/05/2025;1,1343;0,881600987;163,19;0,006127826
06/05/2025;1,1325;0,883002208;161,64;0,006186587
